compound,smiles,flashPoint,id
(3-ACETAMIDOPROPYL)TRIMETHOXYSILANE,C(C)(=O)NCCC[Si](OC)(OC)OC,65,molid1
ACETOXYETHYLDIMETHYLCHLOROSILANE,C(C)(=O)OCC[Si](Cl)(C)C,63,molid2
ACETOXYETHYLMETHYLDICHLOROSILANE,C(C)(=O)OCC[Si](Cl)(Cl)C,65,molid3
ACETOXYETHYLTRICHLOROSILANE,C(C)(=O)OCC[Si](Cl)(Cl)Cl,82,molid4
ACETOXYETHYLTRIMETHOXYSILANE,C(C)(=O)OCC[Si](OC)(OC)OC,60,molid6
ACETOXYETHYLTRIS(DIMETHYLAMINO)SILANE,C(C)(=O)OCC[Si](N(C)C)(N(C)C)N(C)C,40,molid7
ACETOXYHEPTAMETHYLCYCLOTETRASILOXANE,C(C)(=O)O[Si]1(O[Si](O[Si](O[Si](O1)(C)C)(C)C)(C)C)C,65,molid8
ACETOXYMETHYLTRIETHOXYSILANE,C(C)(=O)OC[Si](OCC)(OCC)OCC,60,molid9
ACETOXYMETHYLTRIMETHYLSILANE,C(C)(=O)OC[Si](C)(C)C,20,molid10
4-ACETOXYPHENETHYLTRICHLOROSILANE,C(C)(=O)OC1=CC=C(CC[Si](Cl)(Cl)Cl)C=C1,110,molid11
3-(3-ACETOXYPROPYL)HEPTAMETHYLTRISILOXANE,C(C)(=O)OCCC[Si](O[Si](C)(C)C)(O[Si](C)(C)C)C,65,molid12
3-ACETOXYPROPYLMETHYLDICHLOROSILANE,C(C)(=O)OCCC[Si](Cl)(Cl)C,85,molid13
3-ACETOXYPROPYLMETHYLDIMETHOXYSILANE,C(C)(=O)OCCC[Si](OC)(OC)C,-1,molid14
ACETOXYTRIMETHYLSILANE,C(C)(=O)O[Si](C)(C)C,4,molid16
11-ACETOXYUNDECYLTRICHLOROSILANE,C(C)(=O)OCCCCCCCCCCC[Si](Cl)(Cl)Cl,-1,molid17
11-ACETOXYUNDECYLTRIETHOXYSILANE,C(C)(=O)OCCCCCCCCCCC[Si](OCC)(OCC)OCC,150,molid18
N-(ACETYLGLYCYL)-3-AMINOPROPYLTRIMETHOXYSILANE,C(C)(=O)NCC(=O)NCCC[Si](OC)(OC)OC,11,molid19
3-(N-ACETYL-4-HYDROXYPROLYLOXY)PROPYLTRIETHOXYSILANE,C(C)(=O)N1[C@@H](CC(C1)O)C(=O)OCCC[Si](OCC)(OCC)OCC,15,molid20
N-(N-ACETYLLEUCYL)-3-AMINOPROPYLTRIETHOXYSILANE,C(C)(=O)N[C@@H](CC(C)C)C(=O)NCCC[Si](OCC)(OCC)OCC,15,molid21
ACETYLTRIMETHYLSILANE,C(C)(=O)[Si](C)(C)C,8,molid22
3-ACRYLAMIDOPROPYLTRIMETHOXYSILANE,C(C=C)(=O)NCCC[Si](OC)(OC)OC,110,molid23
3-ACRYLAMIDOPROPYLTRIS(TRIMETHYLSILOXY)SILANE,C(C=C)(=O)NCCC[Si](O[Si](C)(C)C)(O[Si](C)(C)C)O[Si](C)(C)C,110,molid24
(2-ACRYLOXYETHOXY)TRIMETHYLSILANE,C(C=C)(=O)OCCO[Si](C)(C)C,65,molid25
N-(3-ACRYLOXY-2-HYDROXYPROPYL)-3-AMINOPROPYLTRIETHOXYSILANE,C(C=C)(=O)OCC(CNCCC[Si](OCC)(OCC)OCC)O,15,molid26
ACRYLOXYMETHYLTRIMETHOXYSILANE,C(C=C)(=O)OC[Si](OC)(OC)OC,62,molid27
(ACRYLOXYMETHYL)PHENETHYLTRIMETHOXYSILANE,C(C=C)(=O)OCCO[Si](OC)(OC)CCC1=CC=CC=C1,20,molid28
ACRYLOXYMETHYLTRIMETHYLSILANE,C(C=C)(=O)OC[Si](C)(C)C,20,molid29
(3-ACRYLOXYPROPYL)DIMETHYLMETHOXYSILANE,C(C=C)(=O)OCCC[Si](OC)(C)C,85,molid30
(3-ACRYLOXYPROPYL)METHYLBIS(TRIMETHYLSILOXY)SILANE,C(C=C)(=O)OCCC[Si](O[Si](C)(C)C)(O[Si](C)(C)C)C,110,molid31
(3-ACRYLOXYPROPYL)METHYLDIETHOXYSILANE,C(C=C)(=O)OCCC[Si](OCC)(OCC)C,110,molid33
(3-ACRYLOXYPROPYL)TRIS(TRIMETHYLSILOXY)SILANE,C(C=C)(=O)OCCC[Si](O[Si](C)(C)C)(O[Si](C)(C)C)O[Si](C)(C)C,93,molid36
ACRYLOXYTRIMETHYLSILANE,C(C=C)(=O)O[Si](C)(C)C,26,molid38
ADAMANTYLETHYLTRICHLOROSILANE,C12(CC3CC(CC(C1)C3)C2)CC[Si](Cl)(Cl)Cl,155,molid39
3-(N-ALLYLAMINO)PROPYLTRIMETHOXYSILANE,C(C=C)NCCC[Si](OC)(OC)OC,88,molid40
ALLYLAMINOTRIMETHYLSILANE,C(C=C)N[Si](C)(C)C,10,molid41
ALLYL(CHLOROMETHYL)DIMETHYLSILANE,C(C=C)[Si](C)(C)CCl,27,molid42
ALLYL(3-CHLOROPROPYL)DICHLOROSILANE,C(C=C)[Si](Cl)(Cl)CCCCl,76,molid43
ALLYLDICHLOROSILANE,C(C=C)[SiH](Cl)Cl,4,molid44
ALLYLDIMETHOXYSILANE,C(C=C)[SiH](OC)OC,38,molid45
ALLYLDIMETHYLCHLOROSILANE,C(C=C)[Si](Cl)(C)C,5,molid46
ALLYLDIMETHYL(DIISOPROPYLAMINO)SILANE,C(C=C)[Si](N(C(C)C)C(C)C)(C)C,62,molid47
ALLYL(4-METHOXYPHENYL)DIMETHYLSILANE,C(C=C)[Si](C)(C)C1=CC=C(C=C1)OC,102,molid49
ALLYLMETHYLDICHLOROSILANE,C(C=C)C[SiH](Cl)Cl,27,molid50
ALLYLOXYTRIMETHYLSILANE,C(C=C)O[Si](C)(C)C,0,molid52
ALLYLMETHYLDIMETHOXYSILANE,C(C=C)C[SiH](OC)OC,40,molid53
ALLYLPHENYLDICHLOROSILANE,C(C=C)[Si](Cl)(Cl)C1=CC=CC=C1,76,molid54
m-ALLYLPHENYLPROPYLTRIETHOXYSILANE,C(C=C)C=1C=C(C=CC1)CCC[Si](OCC)(OCC)OCC,110,molid55
ALLYLTRIETHOXYSILANE,C(C=C)[Si](OCC)(OCC)OCC,47,molid57
ALLYLTRIISOPROPYLSILANE,C(C=C)[Si](C(C)C)(C(C)C)C(C)C,76,molid58
ALLYLTRIMETHOXYSILANE,C(C=C)[Si](OC)(OC)OC,46,molid59
ALLYLTRIMETHYLSILANE,C(C=C)[Si](C)(C)C,7,molid60
ALLYLTRIPHENYLSILANE,C(C=C)[Si](C1=CC=CC=C1)(C1=CC=CC=C1)C1=CC=CC=C1,200,molid61
ALLYLTRIS(TRIMETHYLSILOXY)SILANE,C(C=C)[Si](O[Si](C)(C)C)(O[Si](C)(C)C)O[Si](C)(C)C,67,molid62
4-AMINOBUTYLTRIETHOXYSILANE,NCCCC[Si](OCC)(OCC)OCC,109,molid63
1-AMINO-2-(DIMETHYLETHOXYSILYL)PROPANE,NCC(C)[Si](OCC)(C)C,65,molid64
(AMINOETHYLAMINOMETHYL)PHENETHYLTRIMETHOXYSILANE,NCCNCCO[Si](OC)(OC)CCC1=CC=CC=C1,110,molid65
N-(2-AMINOETHYL)-3-AMINOPROPYLMETHYLDIETHOXYSILANE,NCCNCCC[Si](OCC)(OCC)C,110,molid66
N-(2-AMINOETHYL)-3-AMINOPROPYLSILANETRIOL,NCCNCCC[Si](O)(O)O,110,molid68
N-(2-AMINOETHYL)-3-AMINOPROPYLTRIETHOXYSILANE,NCCNCCC[Si](OCC)(OCC)OCC,148,molid69
N-(2-AMINOETHYL)-3-AMINOPROPYLTRIMETHOXYSILANE,NCCNCCC[Si](OC)(OC)OC,150,molid70
N-(2-AMINOETHYL)-3-AMINOPROPYLTRIMETHOXYSILANE-PROPYLTRIMETHOXYSILANE,C(CC)[Si](OC)(OC)OC.NCCNCCC[Si](OC)(OC)OC,110,molid71
N-(6-AMINOHEXYL)AMINOMETHYLTRIETHOXYSILANE,NCCCCCCNC[Si](OCC)(OCC)OCC,110,molid72
N-(6-AMINOHEXYL)AMINOPROPYLTRIMETHOXYSILANE,NCCCCCCNCCC[Si](OC)(OC)OC,110,molid73
N-(2-AMINOETHYL)-11-AMINOUNDECYLTRIMETHOXYSILANE,NCCNCCCCCCCCCCC[Si](OC)(OC)OC,150,molid74
AMINOMETHYLTRIMETHYLSILANE,NC[Si](C)(C)C,9,molid75
3-(m-AMINOPHENOXY)PROPYLTRIMETHOXYSILANE,NC=1C=C(OCCC[Si](OC)(OC)OC)C=CC1,110,molid76
m-AMINOPHENYLTRIMETHOXYSILANE,NC=1C=C(C=CC1)[Si](OC)(OC)OC,180,molid77
p-AMINOPHENYLTRIMETHOXYSILANE,NC1=CC=C(C=C1)[Si](OC)(OC)OC,180,molid78
AMINOPHENYLTRIMETHOXYSILANE,NCO[Si](OC)(OC)C1=CC=CC=C1,180,molid79
3-AMINOPROPYLDIISOPROPYLETHOXYSILANE,NCCC[Si](OCC)(C(C)C)C(C)C,100,molid80
3-AMINOPROPYLDIMETHYLETHOXYSILANE,NCCC[Si](OCC)(C)C,73,molid81
3-AMINOPROPYLDIMETHYLMETHOXYSILANE,NCCC[Si](OC)(C)C,20,molid83
3-AMINOPROPYLMETHYLDIETHOXYSILANE,NCCC[Si](OCC)(OCC)C,85,molid85
3-AMINOPROPYLSILANETRIOL,NCCC[Si](O)(O)O,1,molid87
3-AMINOPROPYLTRIETHOXYSILANE,NCCC[Si](OCC)(OCC)OCC,104,molid88
3-AMINOPROPYLTRIMETHOXYSILANE,NCCC[Si](OC)(OC)OC,83,molid89
3-AMINOPROPYLTRIMETHYLSILANE,NCCC[Si](C)(C)C,59,molid90
3-AMINOPROPYLTRIS(METHOXYETHOXYETHOXY)SILANE,NCCC[Si](OCCOCCOC)(OCCOCCOC)OCCOCCOC,68,molid91
3-AMINOPROPYLTRIS(TRIMETHYLSILOXY)SILANE,NCCC[Si](O[Si](C)(C)C)(O[Si](C)(C)C)O[Si](C)(C)C,110,molid92
11-AMINOUNDECYLTRIETHOXYSILANE,NCCCCCCCCCCC[Si](OCC)(OCC)OCC,-1,molid93
ANILINOTRIMETHYLSILANE,N(C1=CC=CC=C1)[Si](C)(C)C,65,molid94
(9)-ANTHRACENYLTRIMETHOXYSILANE,C1=CC=CC2=CC3=CC=CC=C3C(=C12)[Si](OC)(OC)OC,110,molid95
(AZIDOMETHYL)PHENETHYLTRIMETHOXYSILANE,N(=[N+]=[N-])CCO[Si](OC)(OC)CCC1=CC=CC=C1,110,molid96
p-AZIDOMETHYLPHENYLTRIMETHOXYSILANE,N(=[N+]=[N-])CC1=CC=C(C=C1)[Si](OC)(OC)OC,110,molid97
(AZIDOMETHYL)TRIMETHYLSILANE,N(=[N+]=[N-])C[Si](C)(C)C,6,molid98
3-AZIDOPROPYLTRIETHOXYSILANE,N(=[N+]=[N-])CCC[Si](OCC)(OCC)OCC,110,molid99
6-AZIDOSULFONYLHEXYLTRIETHOXYSILANE,N(=[N+]=[N-])S(=O)(=O)CCCCCC[Si](OCC)(OCC)OCC,114,molid100
4-(AZIDOSULFONYL)PHENETHYLTRIMETHOXYSILANE,N(=[N+]=[N-])S(=O)(=O)C1=CC=C(CC[Si](OC)(OC)OC)C=C1,29,molid101
ALLYLTRICHLOROGERMANE,C(C=C)[Ge](Cl)(Cl)Cl,55,molid102
ALLYLTRIETHYLGERMANE,C(C=C)[Ge](CC)(CC)CC,48,molid103
ALLYLTRIMETHYLGERMANE,C(C=C)[Ge](C)(C)C,16,molid104
BENZYLTRICHLOROGERMANE,C(C1=CC=CC=C1)[Ge](Cl)(Cl)Cl,65,molid105
BIS[BIS(TRIMETHYLSILYL)AMINO]GERMANIUM(II),C[Si](C)(C)N([Si](C)(C)C)[Ge]N([Si](C)(C)C)[Si](C)(C)C,110,molid106
BIS(CHLOROMETHYL)DIMETHYLGERMANE,ClC[Ge](C)(C)CCl,51,molid107
t-BUTYLDIMETHYLCHLOROGERMANE,C(C)(C)(C)[Ge](Cl)(C)C,34,molid108
n-BUTYLGERMANE,C(CCC)[GeH3],23,molid109
t-BUTYLGERMANE,C(C)(C)(C)[GeH3],23,molid110
n-BUTYLTRICHLOROGERMANE,C(CCC)[Ge](Cl)(Cl)Cl,82,molid111
t-BUTYLTRICHLOROGERMANE,C(C)(C)(C)[Ge](Cl)(Cl)Cl,-1,molid112
CARBOXYETHYLTRICHLOROGERMANE,C(=O)(O)CC[Ge](Cl)(Cl)Cl,110,molid113
CHLOROMETHYLTRIMETHYLGERMANE,ClC[Ge](C)(C)C,6,molid114
DI-n-BUTYLDIACETOXYGERMANE,C(CCC)[Ge](OC(C)=O)(OC(C)=O)CCCC,110,molid115
DI-n-BUTYLDICHLOROGERMANE,C(CCC)[Ge](Cl)(Cl)CCCC,107,molid116
DICHLOROMETHYLTRIMETHYLGERMANE,ClC(Cl)[Ge](C)(C)C,33,molid117
DIETHYLDICHLOROGERMANE,C(C)[Ge](Cl)(Cl)CC,52,molid118
DIETHYLDIETHOXYGERMANE,C(C)[Ge](OCC)(OCC)CC,65,molid119
DIETHYLGERMANE,C(C)[GeH2]CC,23,molid120
DIMETHYLAMINOTRIMETHYLGERMANE,CN(C)[Ge](C)(C)C,10,molid121
DIMETHYLDICHLOROGERMANE,C[Ge](Cl)(Cl)C,32,molid122
DIPHENYLDIMETHYLGERMANE,C1(=CC=CC=C1)[Ge](C)(C)C1=CC=CC=C1,110,molid124
DIPHENYLGERMANE,C1(=CC=CC=C1)[GeH2]C1=CC=CC=C1,104,molid125
ETHYLTRIETHOXYGERMANE,C(C)[Ge](OCC)(OCC)OCC,60,molid127
GERMANE,[GeH4],40,molid128
GERMANIUM,[Ge],20,molid129
GERMANIUM DIIODIDE,[Ge](I)I,545,molid130
GERMANIUM DIOXIDE,[Ge](=O)=O,20,molid131
GERMANIUM DISELENIDE,[Ge](=[Se])=[Se],20,molid132
GERMANIUM(II) SULFIDE,[Ge]=S,20,molid133
GERMANIUM TETRABROMIDE,[Ge](Br)(Br)(Br)Br,-1,molid134
GERMANIUM TETRACHLORIDE,[Ge](Cl)(Cl)(Cl)Cl,-1,molid135
HEXAETHYLDIGERMANE,C(C)[Ge]([Ge](CC)(CC)CC)(CC)CC,65,molid137
HEXAETHYLDIGERMOXANE,C(C)[Ge](O[Ge](CC)(CC)CC)(CC)CC,110,molid138
HEXAMETHYLDIGERMANE,C[Ge]([Ge](C)(C)C)(C)C,14,molid139
HEXAPHENYLDIGERMANE,C1(=CC=CC=C1)[Ge]([Ge](C1=CC=CC=C1)(C1=CC=CC=C1)C1=CC=CC=C1)(C1=CC=CC=C1)C1=CC=CC=C1,200,molid140
HEXAPHENYLDIGERMOXANE,C1(=CC=CC=C1)[Ge](O[Ge](C1=CC=CC=C1)(C1=CC=CC=C1)C1=CC=CC=C1)(C1=CC=CC=C1)C1=CC=CC=C1,200,molid141
METHACRYLOXYMETHYLTRIMETHYLGERMANE,C(C(=C)C)(=O)OC[Ge](C)(C)C,-1,molid142
METHACRYLOXYTRIETHYLGERMANE,C(C(=C)C)(=O)O[Ge](CC)(CC)CC,65,molid143
METHYLGERMANE,C[GeH3],40,molid144
METHYLTRIETHOXYGERMANE,C[Ge](OCC)(OCC)OCC,40,molid146
PHENYLGERMANE,C1(=CC=CC=C1)[GeH3],60,molid148
PHENYLTRICHLOROGERMANE,C1(=CC=CC=C1)[Ge](Cl)(Cl)Cl,-1,molid149
TETRAALLYLGERMANE,C(C=C)[Ge](CC=C)(CC=C)CC=C,70,molid150
TETRA-n-BUTOXYGERMANE,C(CCC)O[Ge](OCCCC)(OCCCC)OCCCC,112,molid151
TETRA-n-BUTYLGERMANE,C(CCC)[Ge](CCCC)(CCCC)CCCC,90,molid152
TETRAETHOXYGERMANE,C(C)O[Ge](OCC)(OCC)OCC,62,molid153
TETRAETHYLGERMANE,C(C)[Ge](CC)(CC)CC,42,molid154
TETRAKIS(DIMETHYLAMINO)GERMANE,CN(C)[Ge](N(C)C)(N(C)C)N(C)C,34,molid155
TETRAISOPROPOXYGERMANE,C(C)(C)O[Ge](OC(C)C)(OC(C)C)OC(C)C,68,molid156
TETRAKIS(TRIMETHYLSILOXY)GERMANE,C[Si](O[Ge](O[Si](C)(C)C)(O[Si](C)(C)C)O[Si](C)(C)C)(C)C,80,molid157
TETRAMETHYLGERMANE,C[Ge](C)(C)C,19,molid159
TRI-n-BUTYLCHLOROGERMANE,C(CCC)[Ge](Cl)(CCCC)CCCC,94,molid161
TRICHLOROGERMANE,Cl[GeH](Cl)Cl,12,molid163
3-(TRICHLOROGERMYL)PROPIONYLCHLORIDE,Cl[Ge](CCC(=O)Cl)(Cl)Cl,110,molid164
TRIETHYLBROMOGERMANE,C(C)[Ge](Br)(CC)CC,65,molid165
TRIETHYLCHLOROGERMANE,C(C)[Ge](Cl)(CC)CC,38,molid166
TRIETHYLGERMANE,C(C)[GeH](CC)CC,5,molid167
TRIISOPROPYLCHLOROGERMANE,C(C)(C)[Ge](Cl)(C(C)C)C(C)C,66,molid168
TRIMETHYLBROMOGERMANE,C[Ge](Br)(C)C,37,molid169
TRIMETHYLCHLOROGERMANE,C[Ge](Cl)(C)C,1,molid170
TRIMETHYLGERMANE,C[GeH](C)C,20,molid171
TRIPHENYLBROMOGERMANE,C1(=CC=CC=C1)[Ge](Br)(C1=CC=CC=C1)C1=CC=CC=C1,200,molid173
TRIPHENYLCHLOROGERMANE,C1(=CC=CC=C1)[Ge](Cl)(C1=CC=CC=C1)C1=CC=CC=C1,20,molid174
TRIPHENYLGERMANE,C1(=CC=CC=C1)[GeH](C1=CC=CC=C1)C1=CC=CC=C1,110,molid175
TRIS(TRIFLUOROMETHYL)IODOGERMANE,FC(F)(F)[Ge](I)(C(F)(F)F)C(F)(F)F,110,molid176
TRIS(TRIMETHYLSILYL)GERMANE,C[Si](C)(C)[GeH]([Si](C)(C)C)[Si](C)(C)C,110,molid177
VINYLTRIETHYLGERMANE,C(=C)[Ge](CC)(CC)CC,32,molid178
ALUMINUM n-BUTOXIDE,[O-]CCCC.[Al+3].[O-]CCCC.[O-]CCCC,65,molid179
ALUMINUM t-BUTOXIDE,CC(C)(C)[O-].[Al+3].CC(C)(C)[O-].CC(C)(C)[O-],65,molid180
ALUMINUM 5-CHLORO-8-HYDROXYQUINOLINATE,ClC1=C2C=CC(=NC2=C(C=C1)O)C(=O)[O-].[Al+3].ClC1=C2C=CC(=NC2=C(C=C1)O)C(=O)[O-].ClC1=C2C=CC(=NC2=C(C=C1)O)C(=O)[O-],-1,molid181
ALUMINUM DIISOPROPOXIDE ETHYLACETOACETATE,C(C)OC(CC(=O)C)=O.CC([O-])C.CC([O-])C.[Al+2],50,molid182
ALUMINUM 8-HYDROXYQUINOLINATE,OC=1C=CC=C2C=CC(=NC12)C(=O)[O-].[Al+3].OC=1C=CC=C2C=CC(=NC12)C(=O)[O-].OC=1C=CC=C2C=CC(=NC12)C(=O)[O-],20,molid183
ALUMINUM ISOPROPOXIDE,CC([O-])C.[Al+3].CC([O-])C.CC([O-])C,-1,molid184
ALUMINUM N-NITROSOPHENYLHYDROXYLAMINE,N(=O)N(O)C1=CC=CC=C1.[Al],-1,molid185
ALUMINUM 9-OCTADECENYLACETOACETATE DIISOPROPOXIDE,CC([O-])C.CC([O-])C.C(CCCCCCCC=CCCCCCCCC)CC(CC(=O)[O-])=O.[Al+3],21,molid186
ANTIMONY(III) n-BUTOXIDE,[O-]CCCC.[Sb+3].[O-]CCCC.[O-]CCCC,6,molid187
BARIUM ISOPROPOXIDE,CC([O-])C.[Ba+2].CC([O-])C,20,molid190
BISMUTH(III) ISOPROPOXIDE,CC([O-])C.[Bi+3].CC([O-])C.CC([O-])C,20,molid191
BORON ALLYLOXIDE,C(C=C)OCC=C.[B],31,molid192
BORON n-BUTOXIDE,[O-]CCCC.[B+3].[O-]CCCC.[O-]CCCC,93,molid193
BORON t-BUTOXIDE,CC(C)(C)[O-].[B+3].CC(C)(C)[O-].CC(C)(C)[O-],29,molid194
BORON ETHOXIDE,[O-]CC.[B+3].[O-]CC.[O-]CC,11,molid195
DIPHENYLBORANE 8-HYDROXYQUINOLINATE,OC=1C=CC=C2C=CC(=NC12)C(=O)O.C1(=CC=CC=C1)BC1=CC=CC=C1,110,molid196
BORON ISOPROPOXIDE,CC([O-])C.[B+3].CC([O-])C.CC([O-])C,28,molid197
BORON METHOXIDE,C[O-].[B+3].C[O-].C[O-],1,molid198
BORON METHOXYETHOXIDE,COC([O-])C.[B+3].COC([O-])C.COC([O-])C,113,molid199
CADMIUM DIETHYLDITHIOCARBAMATE,C(C)N(C([S-])=S)CC.[Cd+2].C(C)N(C([S-])=S)CC,0,molid201
CALCIUM ETHOXIDE,[O-]CC.[Ca+2].[O-]CC,20,molid202
CALCIUM METHOXYETHOXIDE,COC([O-])C.[Ca+2].COC([O-])C,39,molid203
CERIUM(IV) ISOPROPOXIDE,CC([O-])C.[Ce+4].CC([O-])C.CC([O-])C.CC([O-])C,120,molid205
CERIUM(IV) METHOXYETHOXIDE,COC([O-])C.[Ce+4].COC([O-])C.COC([O-])C.COC([O-])C,39,molid206
CESIUM METHOXIDE,C[O-].[Cs+],11,molid207
COPPER(II) ALLYLOXYETHOXYTRIFLUOROACETOACETATE,C(C=C)OCCOC(C(=O)[O-])C(=O)C(F)(F)F.[Cu+2].C(C=C)OCCOC(C(=O)[O-])C(=O)C(F)(F)F,20,molid208
COPPER(II) DIMETHYLDITHIOCARBAMATE,CN(C([S-])=S)C.[Cu+2].CN(C([S-])=S)C,0,molid209
COPPER(II) ETHOXIDE,[O-]CC.[Cu+2].[O-]CC,-1,molid210
COPPER(II) ETHYLACETOACETATE,C(C)OC(CC(=O)C)=O.[Cu+2],0,molid211
COPPER 8-HYDROXYQUINOLINATE,OC=1C=CC=C2C=CC(=NC12)C(=O)[O-].[Cu+2].OC=1C=CC=C2C=CC(=NC12)C(=O)[O-],0,molid212
COPPER(II) METHACRYLOXYETHYLACETOACETATE,C(C(=C)C)(=O)OCCOC(CC(=O)C)=O.[Cu+2],-1,molid213
COPPER(II) METHOXYETHOXYETHOXIDE,COCCOC([O-])C.[Cu+2].COCCOC([O-])C,84,molid214
ERBIUM 8-HYDROXYQUINOLINATE,OC=1C=CC=C2C=CC(=NC12)C(=O)[O-].[Er+3].OC=1C=CC=C2C=CC(=NC12)C(=O)[O-].OC=1C=CC=C2C=CC(=NC12)C(=O)[O-],0,molid215
GALLIUM 8-HYDROXYQUINOLINATE,OC=1C=CC=C2C=CC(=NC12)C(=O)[O-].[Ga+3].OC=1C=CC=C2C=CC(=NC12)C(=O)[O-].OC=1C=CC=C2C=CC(=NC12)C(=O)[O-],2,molid216
HAFNIUM n-BUTOXIDE,[O-]CCCC.[Hf+4].[O-]CCCC.[O-]CCCC.[O-]CCCC,110,molid217
HAFNIUM ETHOXIDE,[O-]CC.[Hf+4].[O-]CC.[O-]CC.[O-]CC,1,molid218
INDIUM METHYL(TRIMETHYLACETYL)ACETATE,COC(CC(C(C)(C)C)=O)=O.[In],20,molid219
IRON(III) ETHOXIDE,[O-]CC.[Fe+3].[O-]CC.[O-]CC,0,molid220
LANTHANUM ISOPROPOXIDE,CC([O-])C.[La+3].CC([O-])C.CC([O-])C,0,molid221
LANTHANUM METHOXYETHOXIDE,COC([O-])C.[La+3].COC([O-])C.COC([O-])C,39,molid222
LITHIUM t-BUTOXIDE,CC(C)(C)[O-].[Li+],0,molid223
MAGNESIUM ETHOXIDE,[O-]CC.[Mg+2].[O-]CC,43,molid226
MAGNESIUM METHOXIDE,C[O-].[Mg+2].C[O-],11,molid227
MAGNESIUM METHOXYETHOXIDE,COC([O-])C.[Mg+2].COC([O-])C,39,molid228
MANGANESE(II) ETHYLENEBIS(DITHIOCARBAMATE),C(CNC([S-])=S)NC([S-])=S.[Mn+2],0,molid230
MOLYBDENUM(V) ETHOXIDE,[O-]CC.[Mo+5].[O-]CC.[O-]CC.[O-]CC.[O-]CC,-1,molid231
NICKEL DI-n-BUTYLDITHIOCARBAMATE,C(CCC)N(C([S-])=S)CCCC.[Ni+2].C(CCC)N(C([S-])=S)CCCC,260,molid233
NIOBIUM(V) n-BUTOXIDE,[O-]CCCC.[Nb+5].[O-]CCCC.[O-]CCCC.[O-]CCCC.[O-]CCCC,90,molid235
NIOBIUM(V) ETHOXIDE,[O-]CC.[Nb+5].[O-]CC.[O-]CC.[O-]CC.[O-]CC,74,molid236
POTASSIUM t-BUTOXIDE,CC(C)(C)[O-].[K+],1,molid237
POTASSIUM ETHOXIDE,[O-]CC.[K+],50,molid238
POTASSIUM ISOPROPOXIDE,CC([O-])C.[K+],12,molid239
POTASSIUM METHOXIDE,C[O-].[K+],20,molid240
SODIUM ALUMINUM HYDRIDE BIS(METHOXYETHOXIDE),COC([O-])C.COC([O-])C.[AlH4-].[Na+],4,molid243
SODIUM n-BUTOXIDE,[O-]CCCC.[Na+],35,molid244
SODIUM t-BUTOXIDE,CC(C)(C)[O-].[Na+],2,molid245
SODIUM DI-n-BUTYLDITHIOCARBAMATE,C(CCC)N(C([S-])=S)CCCC.[Na+],110,molid246
SODIUM DI(ISOBUTYL)DITHIOPHOSPHINATE,C(C(C)C)P([S-])(=S)CC(C)C.[Na+],100,molid247
SODIUM DIMETHYLDITHIOCARBAMATE,CN(C([S-])=S)C.[Na+],20,molid248
SODIUM ETHOXIDE,[O-]CC.[Na+],12,molid249
SODIUM METHOXIDE,C[O-].[Na+],20,molid251
SODIUM METHOXYETHOXIDE,COC([O-])C.[Na+],39,molid252
SODIUM PHENOXIDE,[O-]C1=CC=CC=C1.[Na+],-1,molid254
SODIUM THIOPHENOXIDE,[S-]C1=CC=CC=C1.[Na+],-1,molid255
TANTALUM(V) n-BUTOXIDE,[O-]CCCC.[Ta+5].[O-]CCCC.[O-]CCCC.[O-]CCCC.[O-]CCCC,66,molid256
TANTALUM(V) ETHOXIDE,[O-]CC.[Ta+5].[O-]CC.[O-]CC.[O-]CC.[O-]CC,40,molid257
TANTALUM(V) ISOPROPOXIDE,CC([O-])C.[Ta+5].CC([O-])C.CC([O-])C.CC([O-])C.CC([O-])C,-1,molid258
TANTALUM(V) METHOXIDE,C[O-].[Ta+5].C[O-].C[O-].C[O-].C[O-],-1,molid259
TELLURIUM(IV) DIETHYLDITHIOCARBAMATE,C(C)N(C([S-])=S)CC.[Te+4].C(C)N(C([S-])=S)CC.C(C)N(C([S-])=S)CC.C(C)N(C([S-])=S)CC,0,molid260
THALLIUM(I) ETHOXIDE,[O-]CC.[Tl+],110,molid261
BIS(DIMETHYLAMINO)DIISOPROPOXYTITANIUM,CN(C)[Ti](OC(C)C)(OC(C)C)N(C)C,20,molid262
TITANIUM n-BUTOXIDE,[O-]CCCC.[Ti+4].[O-]CCCC.[O-]CCCC.[O-]CCCC,76,molid263
TITANIUM t-BUTOXIDE,CC(C)(C)[O-].[Ti+4].CC(C)(C)[O-].CC(C)(C)[O-].CC(C)(C)[O-],65,molid264
TITANIUM CHLORIDE TRIISOPROPOXIDE,CC([O-])C.CC([O-])C.CC([O-])C.[Cl-].[Ti+4],22,molid265
TITANIUM DI-n-BUTOXIDE BIS(2-ETHYLHEXANOATE),C(C)C(C(=O)[O-])CCCC.C(C)C(C(=O)[O-])CCCC.[O-]CCCC.[O-]CCCC.[Ti+4],110,molid266
TITANIUM DICHLORIDE DIETHOXIDE,[O-]CC.[O-]CC.[Cl-].[Cl-].[Ti+4],40,molid267
TITANIUM ETHOXIDE,[O-]CC.[Ti+4].[O-]CC.[O-]CC.[O-]CC,28,molid269
TITANIUM DIISOPROPOXIDE BIS(ETHYLACETOACETATE),C(C)CC(CC(=O)[O-])=O.C(C)CC(CC(=O)[O-])=O.CC([O-])C.CC([O-])C.[Ti+4],27,molid270
TITANIUM IODIDE TRIISOPROPOXIDE,CC([O-])C.CC([O-])C.CC([O-])C.[I-].[Ti+4],14,molid271
TITANIUM ISOBUTOXIDE,CC(C)C[O-].[Ti+4].CC(C)C[O-].CC(C)C[O-].CC(C)C[O-],77,molid272
TITANIUM ISOPROPOXIDE,CC([O-])C.[Ti+4].CC([O-])C.CC([O-])C.CC([O-])C,25,molid273
TITANIUM LACTATE,C(C(O)C)(=O)[O-].[Ti+4].C(C(O)C)(=O)[O-].C(C(O)C)(=O)[O-].C(C(O)C)(=O)[O-],150,molid274
TITANIUM METHACRYLATE TRIISOPROPOXIDE,CC([O-])C.CC([O-])C.CC([O-])C.C(C(=C)C)(=O)[O-].[Ti+4],-1,molid275
TITANIUM METHACRYLOXYETHYLACETOACETATE TRIISOPROPOXIDE,CC([O-])C.CC([O-])C.CC([O-])C.C(C(=C)C)(=O)OCCOC(CC(=O)C)=O.[Ti+3],12,molid276
TITANIUM METHOXIDE,C[O-].[Ti+4].C[O-].C[O-].C[O-],48,molid277
TITANIUM METHYLPHENOXIDE,CC1=C([O-])C=CC=C1.[Ti+4].CC1=C([O-])C=CC=C1.CC1=C([O-])C=CC=C1.CC1=C([O-])C=CC=C1,66,molid278
TITANIUM n-PROPOXIDE,[O-]CCC.[Ti+4].[O-]CCC.[O-]CCC.[O-]CCC,45,molid279
TITANIUM TRIACRYLATE METHOXYETHOXYETHOXIDE,COCCOC([O-])C.C(C=C)(=O)[O-].C(C=C)(=O)[O-].C(C=C)(=O)[O-].[Ti+4],65,molid280
TITANIUM TRIISOSTEAROYLISOPROPOXIDE,C(CCCCCCCCCCCCCCC(C)C)(=O)C(C([O-])C)(C(CCCCCCCCCCCCCCC(C)C)=O)C(CCCCCCCCCCCCCCC(C)C)=O.[Ti+4].C(CCCCCCCCCCCCCCC(C)C)(=O)C(C([O-])C)(C(CCCCCCCCCCCCCCC(C)C)=O)C(CCCCCCCCCCCCCCC(C)C)=O.C(CCCCCCCCCCCCCCC(C)C)(=O)C(C([O-])C)(C(CCCCCCCCCCCCCCC(C)C)=O)C(CCCCCCCCCCCCCCC(C)C)=O.C(CCCCCCCCCCCCCCC(C)C)(=O)C(C([O-])C)(C(CCCCCCCCCCCCCCC(C)C)=O)C(CCCCCCCCCCCCCCC(C)C)=O,93,molid281
TITANIUM TRIMETHACRYLATE METHOXYETHOXYETHOXIDE,COCCOC([O-])C.C(C(=C)C)(=O)[O-].C(C(=C)C)(=O)[O-].C(C(=C)C)(=O)[O-].[Ti+4],60,molid282
TUNGSTEN(V) ETHOXIDE,[O-]CC.[W+5].[O-]CC.[O-]CC.[O-]CC.[O-]CC,110,molid283
TUNGSTEN(VI) PHENOXIDE,[O-]C1=CC=CC=C1.[W+6].[O-]C1=CC=CC=C1.[O-]C1=CC=CC=C1.[O-]C1=CC=CC=C1.[O-]C1=CC=CC=C1.[O-]C1=CC=CC=C1,110,molid284
VANADIUM OXIDE TRIS(METHOXYETHOXIDE),COC([O-])C.COC([O-])C.COC([O-])C.[O-2].[V+5],65,molid285
YTTRIUM ISOPROPOXIDE,CC([O-])C.[Y+3].CC([O-])C.CC([O-])C,20,molid286
ZINC DI-n-BUTYLDITHIOCARBAMATE,C(CCC)N(C([S-])=S)CCCC.[Zn+2].C(CCC)N(C([S-])=S)CCCC,0,molid288
ZINC DIETHYLDITHIOCARBAMATE,C(C)N(C([S-])=S)CC.[Zn+2].C(C)N(C([S-])=S)CC,0,molid289
ZINC DIMETHYLDITHIOCARBAMATE,CN(C([S-])=S)C.[Zn+2].CN(C([S-])=S)C,0,molid290
ZINC METHOXYETHOXIDE,COC([O-])C.[Zn+2].COC([O-])C,-1,molid292
ZIRCONIUM n-BUTOXIDE,[O-]CCCC.[Zr+4].[O-]CCCC.[O-]CCCC.[O-]CCCC,34,molid293
ZIRCONIUM t-BUTOXIDE,CC(C)(C)[O-].[Zr+4].CC(C)(C)[O-].CC(C)(C)[O-].CC(C)(C)[O-],85,molid294
ZIRCONIUM ISOPROPOXIDE,CC([O-])C.[Zr+4].CC([O-])C.CC([O-])C.CC([O-])C,7,molid296
ZIRCONIUM n-PROPOXIDE,[O-]CCC.[Zr+4].[O-]CCC.[O-]CCC.[O-]CCC,23,molid297
ALUMINUM ACETATE,C(C)(=O)[O-].[Al+3].C(C)(=O)[O-].C(C)(=O)[O-],20,molid298
ALUMINUM ACRYLATE,C(C=C)(=O)[O-].[Al+3].C(C=C)(=O)[O-].C(C=C)(=O)[O-],20,molid299
ALUMINUM FORMATE,C(=O)[O-].[Al+3].C(=O)[O-].C(=O)[O-],20,molid300
ALUMINUM TRIFLUOROACETATE,FC(C(=O)[O-])(F)F.[Al+3].FC(C(=O)[O-])(F)F.FC(C(=O)[O-])(F)F,-1,molid301
ALUMINUM TRIFLUOROMETHANESULFONATE,FC(S(=O)(=O)[O-])(F)F.[Al+3].FC(S(=O)(=O)[O-])(F)F.FC(S(=O)(=O)[O-])(F)F,20,molid302
ANTIMONY ACETATE,C(C)(=O)[O-].[Sb+3].C(C)(=O)[O-].C(C)(=O)[O-],-1,molid303
METHACRYLOXYDIPHENYLANTIMONY,C(C(=C)C)(=O)O[Sb](C1=CC=CC=C1)C1=CC=CC=C1,110,molid304
BARIUM ACETATE,C(C)(=O)[O-].[Ba+2].C(C)(=O)[O-],20,molid305
BARIUM ACRYLATE,C(C=C)(=O)[O-].[Ba+2].C(C=C)(=O)[O-],20,molid306
BARIUM METHACRYLATE,C(C(=C)C)(=O)[O-].[Ba+2].C(C(=C)C)(=O)[O-],20,molid307
BARIUM NEODECANOATE,C(CCCCCC(C)(C)C)(=O)[O-].[Ba+2].C(CCCCCC(C)(C)C)(=O)[O-],20,molid308
BARIUM TRIFLUOROACETATE,FC(C(=O)[O-])(F)F.[Ba+2].FC(C(=O)[O-])(F)F,20,molid309
BARIUM TRIFLUOROMETHANESULFONATE,FC(S(=O)(=O)[O-])(F)F.[Ba+2].FC(S(=O)(=O)[O-])(F)F,20,molid310
BISMUTH(III) ACETATE,C(C)(=O)[O-].[Bi+3].C(C)(=O)[O-].C(C)(=O)[O-],110,molid311
BISMUTH 2-ETHYLHEXANOATE,C(C)C(C(=O)[O-])CCCC.[Bi+3].C(C)C(C(=O)[O-])CCCC.C(C)C(C(=O)[O-])CCCC,49,molid312
BISMUTH NEODECANOATE,C(CCCCCC(C)(C)C)(=O)[O-].[Bi+3].C(CCCCCC(C)(C)C)(=O)[O-].C(CCCCCC(C)(C)C)(=O)[O-],110,molid313
BISMUTH SALICYLATE,C(C=1C(O)=CC=CC1)(=O)[O-].[Bi+3].C(C=1C(O)=CC=CC1)(=O)[O-].C(C=1C(O)=CC=CC1)(=O)[O-],110,molid314
BISMUTH TRIFLUOROMETHANESULFONATE,FC(S(=O)(=O)[O-])(F)F.[Bi+3].FC(S(=O)(=O)[O-])(F)F.FC(S(=O)(=O)[O-])(F)F,110,molid315
CALCIUM ACETATE,C(C)(=O)[O-].[Ca+2].C(C)(=O)[O-],20,molid316
CALCIUM ACRYLATE,C(C=C)(=O)[O-].[Ca+2].C(C=C)(=O)[O-],20,molid317
CALCIUM 2-ETHYLHEXANOATE,C(C)C(C(=O)[O-])CCCC.[Ca+2].C(C)C(C(=O)[O-])CCCC,127,molid318
CALCIUM FORMATE,C(=O)[O-].[Ca+2].C(=O)[O-],20,molid319
CALCIUM D-GLUCONATE,O=C([C@H](O)[C@@H](O)[C@H](O)[C@H](O)CO)[O-].[Ca+2].O=C([C@H](O)[C@@H](O)[C@H](O)[C@H](O)CO)[O-],20,molid320
CALCIUM LACTATE,C(C(O)C)(=O)[O-].[Ca+2].C(C(O)C)(=O)[O-],20,molid321
CALCIUM METHACRYLATE,C(C(=C)C)(=O)[O-].[Ca+2].C(C(=C)C)(=O)[O-],20,molid322
CADMIUM ACETATE,C(C)(=O)[O-].[Cd+2].C(C)(=O)[O-],200,molid323
CADMIUM FORMATE,C(=O)[O-].[Cd+2].C(=O)[O-],200,molid324
CERIUM(III) 2-ETHYLHEXANOATE,C(C)C(C(=O)[O-])CCCC.[Ce+3].C(C)C(C(=O)[O-])CCCC.C(C)C(C(=O)[O-])CCCC,20,molid326
CERIUM(III) OXALATE,C(C(=O)[O-])(=O)[O-].[Ce+3].C(C(=O)[O-])(=O)[O-].C(C(=O)[O-])(=O)[O-].[Ce+3],0,molid327
CHROMIUM(III) 2-ETHYLHEXANOATE,C(C)C(C(=O)[O-])CCCC.[Cr+3].C(C)C(C(=O)[O-])CCCC.C(C)C(C(=O)[O-])CCCC,110,molid328
CESIUM TRIFLUOROACETATE,FC(C(=O)[O-])(F)F.[Cs+],20,molid329
COPPER(II) ACETATE,C(C)(=O)[O-].[Cu+2].C(C)(=O)[O-],-1,molid330
COPPER(II) 2-ETHYLHEXANOATE,C(C)C(C(=O)[O-])CCCC.[Cu+2].C(C)C(C(=O)[O-])CCCC,-1,molid331
COPPER(II) FORMATE,C(=O)[O-].[Cu+2].C(=O)[O-],20,molid332
COPPER(II) METHACRYLATE,C(C(=C)C)(=O)[O-].[Cu+2].C(C(=C)C)(=O)[O-],20,molid333
COPPER(II) TRIFLUOROACETATE,FC(C(=O)[O-])(F)F.[Cu+2].FC(C(=O)[O-])(F)F,20,molid334
COPPER(II) TRIFLUOROMETHANESULFONATE,FC(S(=O)(=O)[O-])(F)F.[Cu+2].FC(S(=O)(=O)[O-])(F)F,-1,molid335
DYSPROSIUM ACETATE,C(C)(=O)[O-].[Dy+3].C(C)(=O)[O-].C(C)(=O)[O-],20,molid336
DYSPROSIUM TRIFLUOROMETHANESULFONATE,FC(S(=O)(=O)[O-])(F)F.[Dy+3].FC(S(=O)(=O)[O-])(F)F.FC(S(=O)(=O)[O-])(F)F,110,molid337
ERBIUM(III) ACETATE,C(C)(=O)[O-].[Er+3].C(C)(=O)[O-].C(C)(=O)[O-],20,molid338
EUROPIUM ACETATE,C(C)(=O)[O-].[Eu+3].C(C)(=O)[O-].C(C)(=O)[O-],20,molid339
EUROPIUM(III) METHACRYLATE,C(C(=C)C)(=O)[O-].[Eu+3].C(C(=C)C)(=O)[O-].C(C(=C)C)(=O)[O-],20,molid340
IRON(II) ACETATE,C(C)(=O)[O-].[Fe+2].C(C)(=O)[O-],20,molid341
IRON(III) ACRYLATE,C(C=C)(=O)[O-].[Fe+3].C(C=C)(=O)[O-].C(C=C)(=O)[O-],-1,molid342
GADOLINIUM ACETATE,C(C)(=O)[O-].[Gd+3].C(C)(=O)[O-].C(C)(=O)[O-],110,molid344
MERCURY(II) ACETATE,C(C)(=O)[O-].[Hg+2].C(C)(=O)[O-],-1,molid345
HOLMIUM(III) ACETATE,C(C)(=O)[O-].[Ho+3].C(C)(=O)[O-].C(C)(=O)[O-],110,molid346
LANTHANUM ACETATE,C(C)(=O)[O-].[La+3].C(C)(=O)[O-].C(C)(=O)[O-],20,molid347
LITHIUM ACRYLATE,C(C=C)(=O)[O-].[Li+],20,molid348
LITHIUM FORMATE,C(=O)[O-].[Li+],20,molid349
LITHIUM METHACRYLATE,C(C(=C)C)(=O)[O-].[Li+],20,molid350
LITHIUM TRIFLUOROACETATE,FC(C(=O)[O-])(F)F.[Li+],20,molid351
LITHIUM TRIFLUOROMETHANESULFONATE,FC(S(=O)(=O)[O-])(F)F.[Li+],20,molid352
MAGNESIUM ACRYLATE,C(C=C)(=O)[O-].[Mg+2].C(C=C)(=O)[O-],20,molid353
MAGNESIUM METHACRYLATE,C(C(=C)C)(=O)[O-].[Mg+2].C(C(=C)C)(=O)[O-],20,molid354
MAGNESIUM TRIFLUOROMETHANESULFONATE,FC(S(=O)(=O)[O-])(F)F.[Mg+2].FC(S(=O)(=O)[O-])(F)F,-1,molid355
NIOBIUM 2-ETHYLHEXANOATE,C(C)C(C(=O)[O-])CCCC.[Nb+5].C(C)C(C(=O)[O-])CCCC.C(C)C(C(=O)[O-])CCCC.C(C)C(C(=O)[O-])CCCC.C(C)C(C(=O)[O-])CCCC,20,molid356
NIOBIUM OXALATE,C(C(=O)[O-])(=O)[O-].[Nb+5].C(C(=O)[O-])(=O)[O-].C(C(=O)[O-])(=O)[O-].C(C(=O)[O-])(=O)[O-].C(C(=O)[O-])(=O)[O-].[Nb+5],20,molid357
NEODYMIUM ACETATE,C(C)(=O)[O-].[Nd+3].C(C)(=O)[O-].C(C)(=O)[O-],-1,molid358
NEODYMIUM METHACRYLATE,C(C(=C)C)(=O)[O-].[Nd+3].C(C(=C)C)(=O)[O-].C(C(=C)C)(=O)[O-],20,molid359
NEODYMIUM NEODECANOATE,C(CCCCCC(C)(C)C)(=O)[O-].[Nd+3].C(CCCCCC(C)(C)C)(=O)[O-].C(CCCCCC(C)(C)C)(=O)[O-],8,molid360
NICKEL(II) ACETATE,C(C)(=O)[O-].[Ni+2].C(C)(=O)[O-],200,molid361
NICKEL FORMATE,C(=O)[O-].[Ni+2].C(=O)[O-],200,molid362
PALLADIUM TRIFLUOROACETATE,FC(C(=O)[O-])(F)F.[Pd+2].FC(C(=O)[O-])(F)F,-1,molid363
POTASSIUM ACETATE,C(C)(=O)[O-].[K+],20,molid364
POTASSIUM ACRYLATE,C(C=C)(=O)[O-].[K+],20,molid365
POTASSIUM FORMATE,C(=O)[O-].[K+],20,molid366
POTASSIUM SULFOPROPYLACRYLATE,S(=O)(=O)(O)CCCOC(C=C)=O.[K],20,molid368
POTASSIUM SULFOPROPYLMETHACRYLATE,S(=O)(=O)(O)CCCOC(C(=C)C)=O.[K],-1,molid369
POTASSIUM TRIFLUOROACETATE,FC(C(=O)[O-])(F)F.[K+],20,molid370
PRASEODYMIUM ACETATE,C(C)(=O)[O-].[Pr+3].C(C)(=O)[O-].C(C)(=O)[O-],20,molid371
RUBIDIUM ACETATE,C(C)(=O)[O-].[Rb+],20,molid372
RHODIUM(II) ACETATE,C(C)(=O)[O-].[Rh+2].C(C)(=O)[O-],1,molid373
RUTHENIUM(III) OXOACETATE,O=CC(=O)[O-].[Ru+3].O=CC(=O)[O-].O=CC(=O)[O-],20,molid374
SAMARIUM ACETATE,C(C)(=O)[O-].[Sm+3].C(C)(=O)[O-].C(C)(=O)[O-],1,molid375
SAMARIUM TRIFLUOROMETHANESULFONATE,FC(S(=O)(=O)[O-])(F)F.[Sm+3].FC(S(=O)(=O)[O-])(F)F.FC(S(=O)(=O)[O-])(F)F,110,molid376
SODIUM 2-ACRYLAMIDO-2-METHYLPROPANE SULFONATE,C(C=C)(=O)NC(CS(=O)(=O)[O-])(C)C.[Na+],20,molid377
SODIUM ACRYLATE,C(C=C)(=O)[O-].[Na+],20,molid379
SODIUM FORMATE,C(=O)[O-].[Na+],2,molid381
SODIUM ITACONATE,C(C(=C)CC(=O)[O-])(=O)[O-].[Na+].[Na+],20,molid382
SODIUM METHACRYLATE,C(C(=C)C)(=O)[O-].[Na+],20,molid383
SODIUM p-STYRENE SULFONATE,C=CC1=CC=C(C=C1)S(=O)(=O)[O-].[Na+],-1,molid384
SODIUM TRIFLUOROACETATE,FC(C(=O)[O-])(F)F.[Na+],-1,molid385
SODIUM TRIFLUOROMETHANESULFONATE,FC(S(=O)(=O)[O-])(F)F.[Na+],-1,molid386
STRONTIUM ACETATE,C(C)(=O)[O-].[Sr+2].C(C)(=O)[O-],20,molid387
SILVER ACETATE,C(C)(=O)[O-].[Ag+],1,molid388
SILVER ACRYLATE,C(C=C)(=O)[O-].[Ag+],-1,molid389
SILVER LACTATE,C(C(O)C)(=O)[O-].[Ag+],0,molid390
SILVER METHACRYLATE,C(C(=C)C)(=O)[O-].[Ag+],20,molid391
SILVER NEODECANOATE,C(CCCCCC(C)(C)C)(=O)[O-].[Ag+],102,molid392
SILVER TRIFLUOROACETATE,FC(C(=O)[O-])(F)F.[Ag+],1,molid393
TERBIUM ACETATE,C(C)(=O)[O-].[Tb+3].C(C)(=O)[O-].C(C)(=O)[O-],1,molid394
YTTERBIUM ACETATE,C(C)(=O)[O-].[Yb+3].C(C)(=O)[O-].C(C)(=O)[O-],110,molid395
YTTERBIUM TRIFLUOROMETHANESULFONATE,FC(S(=O)(=O)[O-])(F)F.[Yb+3].FC(S(=O)(=O)[O-])(F)F.FC(S(=O)(=O)[O-])(F)F,110,molid396
YTTRIUM ACETATE,C(C)(=O)[O-].[Y+3].C(C)(=O)[O-].C(C)(=O)[O-],110,molid397
YTTRIUM METHACRYLATE,C(C(=C)C)(=O)[O-].[Y+3].C(C(=C)C)(=O)[O-].C(C(=C)C)(=O)[O-],20,molid398
YTTRIUM TRIFLUOROACETATE,FC(C(=O)[O-])(F)F.[Y+3].FC(C(=O)[O-])(F)F.FC(C(=O)[O-])(F)F,20,molid399
YTTRIUM TRIFLUOROMETHANESULFONATE,FC(S(=O)(=O)[O-])(F)F.[Y+3].FC(S(=O)(=O)[O-])(F)F.FC(S(=O)(=O)[O-])(F)F,110,molid400
ZINC ACETATE,C(C)(=O)[O-].[Zn+2].C(C)(=O)[O-],110,molid401
ZINC ACRYLATE,C(C=C)(=O)[O-].[Zn+2].C(C=C)(=O)[O-],110,molid402
ZINC 2-ETHYLHEXANOATE,C(C)C(C(=O)[O-])CCCC.[Zn+2].C(C)C(C(=O)[O-])CCCC,127,molid403
ZINC FORMATE,C(=O)[O-].[Zn+2].C(=O)[O-],110,molid404
ZINC METHACRYLATE,C(C(=C)C)(=O)[O-].[Zn+2].C(C(=C)C)(=O)[O-],20,molid405
ZINC NEODECANOATE,C(CCCCCC(C)(C)C)(=O)[O-].[Zn+2].C(CCCCCC(C)(C)C)(=O)[O-],102,molid406
ZINC TRIFLUOROMETHANESULFONATE,FC(S(=O)(=O)[O-])(F)F.[Zn+2].FC(S(=O)(=O)[O-])(F)F,-1,molid407
ZIRCONIUM 2-ETHYLHEXANOATE,C(C)C(C(=O)[O-])CCCC.[Zr+4].C(C)C(C(=O)[O-])CCCC.C(C)C(C(=O)[O-])CCCC.C(C)C(C(=O)[O-])CCCC,65,molid409
LITHIUM TANTALUM,[Ta].[Li],35,molid412
STRONTIUM TITANIUM,[Ti].[Sr],39,molid413
STRONTIUM ZIRCONIUM,[Zr].[Sr],29,molid414
ISOBUTYLGERMANE,C(C(C)C)[GeH3],23,molid415
BORAZINE,N1BNBNB1,23,molid416
GALLIUM TRIIODIDE,[Ga](I)(I)I,20,molid417
HAFNIUM TETRACHLORIDE,[Cl-].[Cl-].[Cl-].[Cl-].[Hf+4],1,molid418
LITHIUM ALUMINUM HYDRIDE,[AlH4-].[Li+],20,molid419
TITANIUM TETRACHLORIDE,[Ti](Cl)(Cl)(Cl)Cl,104,molid420
ZIRCONIUM TETRACHLORIDE,[Cl-].[Cl-].[Cl-].[Cl-].[Zr+4],1,molid421
DIISOBUTYLALUMINUM HYDRIDE,C(C(C)C)[AlH]CC(C)C,4,molid422
DIMETHYLALUMINUM CHLORIDE,C[Al](C)Cl,18,molid423
DIMETHYLISOPROPOXYALUMINUM,C[Al](OC(C)C)C,5,molid424
ETHYLALUMINUM DICHLORIDE,C(C)[Al](Cl)Cl,4,molid425
TRIMETHYLALUMINUM,C[Al](C)C,4,molid426
p-(OCTYLOXYPHENYL)PHENYLIODONIUM HEXAFLUOROANTIMONATE,F[Sb-](F)(F)(F)(F)F.C(CCCCCCC)OC1=C(C=CC=C1)C1=CC=C(C=C1)[IH+],110,molid427
TRIPHENYLANTIMONY,C1(=CC=CC=C1)[Sb](C1=CC=CC=C1)C1=CC=CC=C1,-1,molid428
TRIS(DIMETHYLAMINO)ANTIMONY,CN(C)[Sb](N(C)C)N(C)C,60,molid429
TRIPHENYLARSINE,C1(=CC=CC=C1)[As](C1=CC=CC=C1)C1=CC=CC=C1,200,molid430
TRIS(DIMETHYLAMINO)ARSINE,CN(C)[As](N(C)C)N(C)C,60,molid431
TRIPHENYLBISMUTH,C1(=CC=CC=C1)[Bi](C1=CC=CC=C1)C1=CC=CC=C1,200,molid432
TRIPHENYLBORANE,C1(=CC=CC=C1)B(C1=CC=CC=C1)C1=CC=CC=C1,65,molid433
DIMETHYLCADMIUM,C[Cd]C,18,molid435
VINYLFERROCENE,C(=C)[C-]1C=CC=C1.[CH-]1C=CC=C1.[Fe+2],62,molid436
DIETHYLGALLIUM CHLORIDE,[Cl-].C(C)[Ga+]CC,0,molid437
TRIETHYLGALLIUM,C(C)[Ga](CC)CC,0,molid438
TRIMETHYLGALLIUM,C[Ga](C)C,1,molid439
TRIS(DIMETHYLAMINO)GALLIUM,CN(C)[Ga](N(C)C)N(C)C,56,molid440
TRIETHYLPHOSPHINE GOLD(I) CHLORIDE,[Au]Cl.C(C)P(CC)CC,20,molid441
HAFNIUM DIETHYLAMIDE,C(C)[N-]CC.[Hf+4].C(C)[N-]CC.C(C)[N-]CC.C(C)[N-]CC,65,molid442
HAFNIUM DIMETHYLAMIDE,C[N-]C.[Hf+4].C[N-]C.C[N-]C.C[N-]C,65,molid443
HAFNIUM TETRAKIS(ETHYLMETHYLAMIDE),C(C)[N-]C.C(C)[N-]C.C(C)[N-]C.C(C)[N-]C.[Hf+4],10,molid444
TRIMETHYLINDIUM,C[In](C)C,0,molid445
IRIDIUM(I) CYCLOOCTADIENE CHLORIDE,[Cl-].C1=CC=CCCCC1.[Ir+],110,molid446
n-BUTYLLITHIUM,C(CCC)[Li],23,molid447
t-BUTYLDICHLOROPHOSPHINE,C(C)(C)(C)P(Cl)Cl,-1,molid448
1-BUTYL-3-METHYLIMIDAZOLIUM HEXAFLUOROPHOSPHATE,F[P-](F)(F)(F)(F)F.C(CCC)[N+]1=CN(C=C1)C,150,molid449
DICYCLOHEXYLPHOSPHINE,C1(CCCCC1)PC1CCCCC1,110,molid450
DIETHYLOCTADECYLPHOSPHONATE,C(C)OP(OCC)(=O)CCCCCCCCCCCCCCCCCC,-1,molid451
DIPHENYLCHLOROPHOSPHINE,C1(=CC=CC=C1)P(Cl)C1=CC=CC=C1,326,molid452
DIETHYLPHOSPHITE,C(C)OP(OCC)[O-],90,molid453
DIPHENYLPHOSPHINE,C1(=CC=CC=C1)PC1=CC=CC=C1,110,molid454
DIPHENYLPHOSPHORYL AZIDE,C1(=CC=CC=C1)P(=O)(C1=CC=CC=C1)N=[N+]=[N-],112,molid455
DODECYLPHOSPHONIC ACID,C(CCCCCCCCCCC)P(O)(O)=O,110,molid456
HEXADECYLPHOSPHONIC ACID,C(CCCCCCCCCCCCCCC)P(O)(O)=O,-1,molid457
HEXYLPHOSPHONIC ACID,C(CCCCC)P(O)(O)=O,-1,molid458
OCTYLPHOSPHONIC ACID,C(CCCCCCC)P(O)(O)=O,110,molid459
OCTADECYLPHOSPHONIC ACID,C(CCCCCCCCCCCCCCCCC)P(O)(O)=O,110,molid460
TETRADECYL(TRIHEXYL)PHOSPHONIUM CHLORIDE,[Cl-].C(CCCCCCCCCCCCC)[P+](CCCCCC)(CCCCCC)CCCCCC,118,molid462
TRIETHYLPHOSPHATE,C(C)OP(=O)(OCC)OCC,116,molid464
TRIETHYLPHOSPHITE,C(C)OP(OCC)OCC,54,molid465
TRIMETHYLPHOSPHITE,COP(OC)OC,27,molid466
TRIOCTYLPHOSPHINE,C(CCCCCCC)P(CCCCCCCC)CCCCCCCC,147,molid467
TRIPHENYLPHOSPHINE,C1(=CC=CC=C1)P(C1=CC=CC=C1)C1=CC=CC=C1,182,molid468
TRIS(4-ISOCYANATOPHENYL)THIOPHOSPHATE,N(=C=O)C1=CC=C(C=C1)OP(=S)(OC1=CC=C(C=C1)N=C=O)OC1=CC=C(C=C1)N=C=O,4,molid469
PHENANTHROLINE RUTHENIUM DICHLORIDE,[Ru](Cl)Cl.N1=CC=CC2=CC=C3C=CC=NC3=C12,110,molid470
TANTALUM PENTAKIS(DIMETHYLAMIDE),C[N-]C.C[N-]C.C[N-]C.C[N-]C.C[N-]C.[Ta+5],65,molid472
BIS(t-BUTYLCYCLOPENTADIENYL)TITANIUM DICHLORIDE,[Cl-].[Cl-].C(C)(C)(C)C1(C=CC=C1)[Ti+2]C1(C=CC=C1)C(C)(C)C,-1,molid473
BIS(PENTAMETHYLCYCLOPENTADIENYL)TITANIUM DICHLORIDE,[Cl-].[Cl-].CC1=C(C(=C(C1(C)[Ti+2]C1(C(=C(C(=C1C)C)C)C)C)C)C)C,110,molid475
CYCLOPENTADIENYLTITANIUM TRICHLORIDE,[Cl-].[Cl-].[Cl-].C1(C=CC=C1)[Ti+3],210,molid476
PHENYLTITANIUM TRIISOPROPOXIDE,CC([O-])C.CC([O-])C.CC([O-])C.C1(=CC=CC=C1)[Ti+3],14,molid478
TITANIUM TETRAKIS(DIETHYLAMIDE),C(C)[N-]CC.C(C)[N-]CC.C(C)[N-]CC.C(C)[N-]CC.[Ti+4],37,molid479
TITANIUM TETRAKIS(ETHYLMETHYLAMIDE),C(C)[N-]C.C(C)[N-]C.C(C)[N-]C.C(C)[N-]C.[Ti+4],10,molid481
TITANOCENE DICHLORIDE,[Cl-].[Cl-].[CH-]1C=CC=C1.[CH-]1C=CC=C1.[Ti+2],110,molid482
DIETHYLZINC,C(C)[Zn]CC,4,molid483
BIS(n-BUTYLCYCLOPENTADIENYL)ZIRCONIUM DICHLORIDE,[Cl-].[Cl-].C(CCC)C1(C=CC=C1)[Zr+2]C1(C=CC=C1)CCCC,20,molid484
BIS(PENTAMETHYLCYCLOPENTADIENYL)ZIRCONIUM DICHLORIDE,[Cl-].[Cl-].CC1=C(C(=C(C1(C)[Zr+2]C1(C(=C(C(=C1C)C)C)C)C)C)C)C,110,molid485
ZIRCONIUM TETRAKIS(DIMETHYLAMIDE),C[N-]C.C[N-]C.C[N-]C.C[N-]C.[Zr+4],65,molid486
ZIRCONIUM TETRAKIS(ETHYLMETHYLAMIDE),C(C)[N-]C.C(C)[N-]C.C(C)[N-]C.C(C)[N-]C.[Zr+4],-1,molid487
ZIRCONOCENE DICHLORIDE,[Cl-].[Cl-].[CH-]1C=CC=C1.[CH-]1C=CC=C1.[Zr+2],110,molid488
LEAD(II) ACETATE,C(C)(=O)[O-].[Pb+2].C(C)(=O)[O-],20,molid489
LEAD(II) ACRYLATE,C(C=C)(=O)[O-].[Pb+2].C(C=C)(=O)[O-],20,molid490
LEAD(II) 2-ETHYLHEXANOATE,C(C)C(C(=O)[O-])CCCC.[Pb+2].C(C)C(C(=O)[O-])CCCC,20,molid491
LEAD MONOSILICATE,[Si]([O-])([O-])([O-])[O-].[Pb+4],20,molid492
TETRAETHYLLEAD,C(C)[Pb](CC)(CC)CC,73,molid494
LEAD(II) TRIFLUOROACETATE,FC(C(=O)[O-])(F)F.[Pb+2].FC(C(=O)[O-])(F)F,20,molid495
LITHIUM TRIMETHYLSILANOLATE,C[Si]([O-])(C)C.[Li+],4,molid496
POTASSIUM PHENYLDIMETHYLSILANOLATE,C1(=CC=CC=C1)[Si]([O-])(C)C.[K+],65,molid497
ACRYLOXYTRI-n-BUTYLTIN,C(C=C)(=O)O[Sn](CCCC)(CCCC)CCCC,76,molid499
ACRYLOXYTRIPHENYLTIN,C(C=C)(=O)O[Sn](C1=CC=CC=C1)(C1=CC=CC=C1)C1=CC=CC=C1,76,molid500
ALLYLTRI-n-BUTYLTIN,C(C=C)[Sn](CCCC)(CCCC)CCCC,103,molid501
ALLYLTRIPHENYLTIN,C(C=C)[Sn](C1=CC=CC=C1)(C1=CC=CC=C1)C1=CC=CC=C1,110,molid502
BIS[BIS(TRIMETHYLSILYL)AMINO]TIN(II),C[Si](C)(C)N([Si](C)(C)C)[Sn]N([Si](C)(C)C)[Si](C)(C)C,56,molid503
BIS(TRI-n-BUTYLSTANNYL)ACETYLENE,C(CCC)[Sn](CCCC)(CCCC)C#C[Sn](CCCC)(CCCC)CCCC,110,molid504
BIS(TRI-n-BUTYLSTANNYL)ETHYLENE,C(CCC)[Sn](CCCC)(CCCC)C=C[Sn](CCCC)(CCCC)CCCC,110,molid505
t-BUTYLTRI n-BUTYLTIN,C(C)(C)(C)[Sn](CCCC)(CCCC)CCCC,102,molid506
n-BUTYLTRICHLOROTIN,C(CCC)[Sn](Cl)(Cl)Cl,110,molid507
CARBOMETHOXYETHYLTRICHLOROTIN,C(=O)(OC)CC[Sn](Cl)(Cl)Cl,110,molid508
CHLOROMETHYLTRIMETHYLTIN,ClC[Sn](C)(C)C,39,molid509
CYCLOPENTADIENYLTRI-n-BUTYLTIN,C1(C=CC=C1)[Sn](CCCC)(CCCC)CCCC,110,molid510
DIACETOXYTIN,C(C)(=O)O[Sn]OC(C)=O,110,molid511
DIALLYLDIBROMOTIN,C(C=C)[Sn](Br)(Br)CC=C,110,molid512
DIALLYLDI-n-BUTYLTIN,C(C=C)[Sn](CCCC)(CCCC)CC=C,101,molid513
DI-n-BUTYLBIS(DODECYLTHIO)TIN,C(CCC)[Sn](SCCCCCCCCCCCC)(SCCCCCCCCCCCC)CCCC,204,molid514
DI-n-BUTYLBUTOXYCHLOROTIN,C(CCC)[Sn](Cl)(OCCCC)CCCC,110,molid515
DI-n-BUTYLDIACETOXYTIN,C(CCC)[Sn](OC(C)=O)(OC(C)=O)CCCC,143,molid516
DI-n-BUTYLDI-n-BUTOXYTIN,C(CCC)[Sn](OCCCC)(OCCCC)CCCC,116,molid517
DI-n-BUTYLDICHLOROTIN,C(CCC)[Sn](Cl)(Cl)CCCC,168,molid518
DI-t-BUTYLDICHLOROTIN,C(C)(C)(C)[Sn](Cl)(Cl)C(C)(C)C,113,molid519
DI-n-BUTYLDIFLUOROTIN,C(CCC)[Sn](F)(F)CCCC,150,molid520
DI-n-BUTYLDILAURYLTIN,C(CCC)[Sn](CCCCCCCCCCCC)(CCCCCCCCCCCC)CCCC,-1,molid521
DI-n-BUTYLDIMETHOXYTIN,C(CCC)[Sn](OC)(OC)CCCC,110,molid522
DI-n-BUTYLDIMETHYLTIN,C(CCC)[Sn](C)(C)CCCC,65,molid523
DI-n-BUTYLTIN OXIDE,C(CCC)[Sn](CCCC)=O,280,molid524
DI-t-BUTYLTIN OXIDE,C(C)(C)(C)[Sn](C(C)(C)C)=O,0,molid525
DI-n-BUTYLTIN SULFIDE,C(CCC)[Sn](CCCC)=S,110,molid526
DIETHYLTIN OXIDE,C(C)[Sn](CC)=O,0,molid527
DICYCLOHEXYLDICHLOROTIN,C1(CCCCC1)[Sn](Cl)(Cl)C1CCCCC1,110,molid528
DICYCLOHEXYLDIMETHYLTIN,C1(CCCCC1)[Sn](C)(C)C1CCCCC1,65,molid529
DIETHYLDICHLOROTIN,C(C)[Sn](Cl)(Cl)CC,20,molid530
DIMETHYLAMINOTRI-n-BUTYLTIN,CN(C)[Sn](CCCC)(CCCC)CCCC,115,molid531
DIMETHYLAMINOTRIMETHYLTIN,CN(C)[Sn](C)(C)C,1,molid532
DIMETHYLBIS(DODECYLTHIO)TIN,C[Sn](SCCCCCCCCCCCC)(SCCCCCCCCCCCC)C,204,molid533
DIMETHYLDICHLOROTIN,C[Sn](Cl)(Cl)C,20,molid534
DIMETHYLDIIODOTIN,C[Sn](I)(I)C,65,molid536
DIMETHYLTIN OXIDE,C[Sn](C)=O,0,molid537
DINEOPHYLDICHLOROTIN,C(C(C)(C)C1=CC=CC=C1)[Sn](Cl)(Cl)CC(C)(C)C1=CC=CC=C1,150,molid538
DIOCTYLDICHLOROTIN,C(CCCCCCC)[Sn](Cl)(Cl)CCCCCCCC,204,molid539
DIOCTYLTIN OXIDE,C(CCCCCCC)[Sn](CCCCCCCC)=O,20,molid541
DIPHENYLDICHLOROTIN,C1(=CC=CC=C1)[Sn](Cl)(Cl)C1=CC=CC=C1,150,molid542
DIPHENYLTIN OXIDE,C1(=CC=CC=C1)[Sn](C1=CC=CC=C1)=O,205,molid543
DI-n-PROPYLDICHLOROTIN,C(CC)[Sn](Cl)(Cl)CCC,110,molid544
DIVINYLDICHLOROTIN,C(=C)[Sn](Cl)(Cl)C=C,204,molid546
1-ETHOXYVINYLTRI-n-BUTYLTIN,C(C)OC(=C)[Sn](CCCC)(CCCC)CCCC,113,molid547
ETHYNYLTRI-n-BUTYLTIN,C(#C)[Sn](CCCC)(CCCC)CCCC,73,molid548
ETHYLTRIMETHYLTIN,C(C)[Sn](C)(C)C,20,molid549
METHACRYLOXYTRI-n-BUTYLTIN,C(C(=C)C)(=O)O[Sn](CCCC)(CCCC)CCCC,76,molid551
METHYLTRICHLOROTIN,C[Sn](Cl)(Cl)Cl,110,molid552
OCTYLTRICHLOROTIN,C(CCCCCCC)[Sn](Cl)(Cl)Cl,121,molid553
PHENYLETHYNYLTRI-n-BUTYLTIN,C1(=CC=CC=C1)C#C[Sn](CCCC)(CCCC)CCCC,113,molid554
PHENYLTHIOTRI-n-BUTYLTIN,C1(=CC=CC=C1)S[Sn](CCCC)(CCCC)CCCC,104,molid556
PHENYLTRICHLOROTIN,C1(=CC=CC=C1)[Sn](Cl)(Cl)Cl,110,molid557
PROPYNYLTRI-n-BUTYLTIN,C(#CC)[Sn](CCCC)(CCCC)CCCC,110,molid558
2-PYRIDYLTRI-n-BUTYLTIN,N1=C(C=CC=C1)[Sn](CCCC)(CCCC)CCCC,110,molid559
SODIUM TIN ETHOXIDE,[O-]CC.[Sn+4].[Na+].[O-]CC.[O-]CC.[O-]CC.[O-]CC,110,molid560
TETRAACETOXYTIN,C(C)(=O)O[Sn](OC(C)=O)(OC(C)=O)OC(C)=O,110,molid561
TETRAALLYLTIN,C(C=C)[Sn](CC=C)(CC=C)CC=C,75,molid562
TETRA-t-BUTOXYTIN,C(C)(C)(C)O[Sn](OC(C)(C)C)(OC(C)(C)C)OC(C)(C)C,65,molid563
TETRABUTYLDILAURYLDISTANNOXANE,C(CCC)[Sn](O[Sn](CCCCCCCCCCCC)(CCCCCCCCCCCC)CCCC)(CCCC)CCCC,231,molid564
TETRA-n-BUTYLTIN,C(CCC)[Sn](CCCC)(CCCC)CCCC,107,molid565
TETRACYCLOHEXYLTIN,C1(CCCCC1)[Sn](C1CCCCC1)(C1CCCCC1)C1CCCCC1,110,molid566
TETRAETHYLTIN,C(C)[Sn](CC)(CC)CC,53,molid567
TETRAISOPROPYLTIN,C(C)(C)[Sn](C(C)C)(C(C)C)C(C)C,1,molid568
TETRAKIS(DIETHYLAMINO)TIN,C(C)N(CC)[Sn](N(CC)CC)(N(CC)CC)N(CC)CC,39,molid569
TETRAKIS(DIMETHYLAMINO)TIN,CN(C)[Sn](N(C)C)(N(C)C)N(C)C,25,molid570
TETRAMETHYLTIN,C[Sn](C)(C)C,12,molid571
TETRA-n-PENTYLTIN,C(CCCC)[Sn](CCCCC)(CCCCC)CCCCC,110,molid572
TETRA-n-OCTYLTIN,C(CCCCCCC)[Sn](CCCCCCCC)(CCCCCCCC)CCCCCCCC,94,molid573
TETRAPHENYLTIN,C1(=CC=CC=C1)[Sn](C1=CC=CC=C1)(C1=CC=CC=C1)C1=CC=CC=C1,231,molid574
TETRA-n-PROPYLTIN,C(CC)[Sn](CCC)(CCC)CCC,65,molid575
TETRAVINYLTIN,C(=C)[Sn](C=C)(C=C)C=C,40,molid577
2-THIENYLTRI-n-BUTYLTIN,S1C(=CC=C1)[Sn](CCCC)(CCCC)CCCC,106,molid578
TIN(II) CHLORIDE,[Sn](Cl)Cl,20,molid580
TIN(IV) CHLORIDE,[Sn](Cl)(Cl)(Cl)Cl,50,molid581
TIN(II) FLUORIDE,[Sn](F)F,-1,molid582
TIN(IV) IODIDE,[Sn](I)(I)(I)I,20,molid583
TIN(II) METHANESULFONATE,CS(=O)(=O)[O-].[Sn+2].CS(=O)(=O)[O-],0,molid584
TIN(II) OLEATE,C(CCCCCCC\C=C/CCCCCCCC)(=O)[O-].[Sn+2].C(CCCCCCC\C=C/CCCCCCCC)(=O)[O-],110,molid585
TIN(II) OXALATE,C(C(=O)[O-])(=O)[O-].[Sn+2],0,molid586
TIN(II) OXIDE,[Sn]=O,0,molid587
TIN(IV) OXIDE,[Sn](=O)=O,0,molid588
TIN(II) PYROPHOSPHATE,[O-]P([O-])(=O)OP(=O)([O-])[O-].[Sn+2].[Sn+2],-1,molid589
TRI-n-BUTYLACETOXYTIN,C(CCC)C(C(=O)O[Sn])(CCCC)CCCC,120,molid590
TRI-n-BUTYLAZIDOTIN,C(CCC)[Sn](N=[N+]=[N-])(CCCC)CCCC,110,molid591
TRI-n-BUTYLBENZOYLOXYTIN,C(CCC)[Sn](OC(C1=CC=CC=C1)=O)(CCCC)CCCC,174,molid592
TRI-n-BUTYLBROMOTIN,C(CCC)[Sn](Br)(CCCC)CCCC,120,molid593
TRI-n-BUTYLETHOXYTIN,C(CCC)[Sn](OCC)(CCCC)CCCC,104,molid595
TRI-n-BUTYLFLUOROTIN,C(CCC)[Sn](F)(CCCC)CCCC,150,molid596
TRI-n-BUTYLIODOTIN,C(CCC)[Sn](I)(CCCC)CCCC,113,molid597
TRI-n-BUTYLMETHOXYTIN,C(CCC)[Sn](OC)(CCCC)CCCC,98,molid598
TRI-n-BUTYLMETHYLTIN,C(CCC)[Sn](C)(CCCC)CCCC,100,molid599
TRI-n-BUTYLTIN HYDRIDE,C(CCC)[SnH](CCCC)CCCC,40,molid600
TRICYCLOHEXYLCHLOROTIN,C1(CCCCC1)[Sn](Cl)(C1CCCCC1)C1CCCCC1,150,molid601
TRICYCLOHEXYLTIN HYDRIDE,C1(CCCCC1)[SnH](C1CCCCC1)C1CCCCC1,105,molid602
TRIETHYLBROMOTIN,C(C)[Sn](Br)(CC)CC,99,molid603
TRIMETHYLCHLOROTIN,C[Sn](Cl)(C)C,97,molid604
TRIMETHYLFLUOROTIN,C[Sn](F)(C)C,65,molid605
TRIMETHYLIODOTIN,C[Sn](I)(C)C,65,molid606
TRI-n-PENTYLCHLOROTIN,C(CCCC)[Sn](Cl)(CCCCC)CCCCC,120,molid607
TRI-n-BUTYLSTANNYLTRIMETHYLSILANE,C(CCC)[Sn](CCCC)(CCCC)[Si](C)(C)C,110,molid608
TRIPHENYLACETOXYTIN,C1(=CC=CC=C1)C(C(=O)O[Sn])(C1=CC=CC=C1)C1=CC=CC=C1,110,molid609
TRINEOPHYLTIN HYDRIDE,C(C(C)(C)C1=CC=CC=C1)[SnH](CC(C)(C)C1=CC=CC=C1)CC(C)(C)C1=CC=CC=C1,110,molid610
TRI-n-OCTYLCHLOROTIN,C(CCCCCCC)[Sn](Cl)(CCCCCCCC)CCCCCCCC,204,molid611
TRIPHENYLCHLOROTIN,C1(=CC=CC=C1)[Sn](Cl)(C1=CC=CC=C1)C1=CC=CC=C1,70,molid612
TRIPHENYLFLUOROTIN,C1(=CC=CC=C1)[Sn](F)(C1=CC=CC=C1)C1=CC=CC=C1,20,molid613
TRIPHENYLIODOTIN,C1(=CC=CC=C1)[Sn](I)(C1=CC=CC=C1)C1=CC=CC=C1,110,molid615
TRIPHENYLTIN HYDRIDE,C1(=CC=CC=C1)[SnH](C1=CC=CC=C1)C1=CC=CC=C1,110,molid616
TRI-n-PROPYLCHLOROTIN,C(CC)[Sn](Cl)(CCC)CCC,110,molid617
