compound,smiles,flashPoint
(3-ACETAMIDOPROPYL)TRIMETHOXYSILANE,C(C)(=O)NCCC[Si](OC)(OC)OC,65
ACETOXYETHYLDIMETHYLCHLOROSILANE,C(C)(=O)OCC[Si](Cl)(C)C,63
ACETOXYETHYLMETHYLDICHLOROSILANE,C(C)(=O)OCC[Si](Cl)(Cl)C,65
ACETOXYETHYLTRICHLOROSILANE,C(C)(=O)OCC[Si](Cl)(Cl)Cl,82
ACETOXYETHYLTRIETHOXYSILANE,C(C)(=O)OCC[Si](OCC)(OCC)OCC,99
ACETOXYETHYLTRIMETHOXYSILANE,C(C)(=O)OCC[Si](OC)(OC)OC,60
ACETOXYETHYLTRIS(DIMETHYLAMINO)SILANE,C(C)(=O)OCC[Si](N(C)C)(N(C)C)N(C)C,40
ACETOXYHEPTAMETHYLCYCLOTETRASILOXANE,C(C)(=O)O[Si]1(O[Si](O[Si](O[Si](O1)(C)C)(C)C)(C)C)C,65
ACETOXYMETHYLTRIETHOXYSILANE,C(C)(=O)OC[Si](OCC)(OCC)OCC,60
ACETOXYMETHYLTRIMETHYLSILANE,C(C)(=O)OC[Si](C)(C)C,20
4-ACETOXYPHENETHYLTRICHLOROSILANE,C(C)(=O)OC1=CC=C(CC[Si](Cl)(Cl)Cl)C=C1,110
3-(3-ACETOXYPROPYL)HEPTAMETHYLTRISILOXANE,C(C)(=O)OCCC[Si](O[Si](C)(C)C)(O[Si](C)(C)C)C,65
3-ACETOXYPROPYLMETHYLDICHLOROSILANE,C(C)(=O)OCCC[Si](Cl)(Cl)C,85
3-ACETOXYPROPYLMETHYLDIMETHOXYSILANE,C(C)(=O)OCCC[Si](OC)(OC)C,-1
3-ACETOXYPROPYLTRIMETHOXYSILANE,C(C)(=O)OCCC[Si](OC)(OC)OC,93
ACETOXYTRIMETHYLSILANE,C(C)(=O)O[Si](C)(C)C,4
11-ACETOXYUNDECYLTRICHLOROSILANE,C(C)(=O)OCCCCCCCCCCC[Si](Cl)(Cl)Cl,-1
11-ACETOXYUNDECYLTRIETHOXYSILANE,C(C)(=O)OCCCCCCCCCCC[Si](OCC)(OCC)OCC,150
N-(ACETYLGLYCYL)-3-AMINOPROPYLTRIMETHOXYSILANE,C(C)(=O)NCC(=O)NCCC[Si](OC)(OC)OC,11
3-(N-ACETYL-4-HYDROXYPROLYLOXY)PROPYLTRIETHOXYSILANE,C(C)(=O)N1[C@@H](CC(C1)O)C(=O)OCCC[Si](OCC)(OCC)OCC,15
N-(N-ACETYLLEUCYL)-3-AMINOPROPYLTRIETHOXYSILANE,C(C)(=O)N[C@@H](CC(C)C)C(=O)NCCC[Si](OCC)(OCC)OCC,15
ACETYLTRIMETHYLSILANE,C(C)(=O)[Si](C)(C)C,8
3-ACRYLAMIDOPROPYLTRIMETHOXYSILANE,C(C=C)(=O)NCCC[Si](OC)(OC)OC,110
3-ACRYLAMIDOPROPYLTRIS(TRIMETHYLSILOXY)SILANE,C(C=C)(=O)NCCC[Si](O[Si](C)(C)C)(O[Si](C)(C)C)O[Si](C)(C)C,110
(2-ACRYLOXYETHOXY)TRIMETHYLSILANE,C(C=C)(=O)OCCO[Si](C)(C)C,65
N-(3-ACRYLOXY-2-HYDROXYPROPYL)-3-AMINOPROPYLTRIETHOXYSILANE,C(C=C)(=O)OCC(CNCCC[Si](OCC)(OCC)OCC)O,15
ACRYLOXYMETHYLTRIMETHOXYSILANE,C(C=C)(=O)OC[Si](OC)(OC)OC,62
(ACRYLOXYMETHYL)PHENETHYLTRIMETHOXYSILANE,C(C=C)(=O)OCCO[Si](OC)(OC)CCC1=CC=CC=C1,20
ACRYLOXYMETHYLTRIMETHYLSILANE,C(C=C)(=O)OC[Si](C)(C)C,20
(3-ACRYLOXYPROPYL)DIMETHYLMETHOXYSILANE,C(C=C)(=O)OCCC[Si](OC)(C)C,85
(3-ACRYLOXYPROPYL)METHYLBIS(TRIMETHYLSILOXY)SILANE,C(C=C)(=O)OCCC[Si](O[Si](C)(C)C)(O[Si](C)(C)C)C,110
(3-ACRYLOXYPROPYL)METHYLDICHLOROSILANE,C(C=C)(=O)OCCC[Si](Cl)(Cl)C,100
(3-ACRYLOXYPROPYL)METHYLDIETHOXYSILANE,C(C=C)(=O)OCCC[Si](OCC)(OCC)C,110
(3-ACRYLOXYPROPYL)TRICHLOROSILANE,C(C=C)(=O)OCCC[Si](Cl)(Cl)Cl,110
(3-ACRYLOXYPROPYL)TRIMETHOXYSILANE,C(C=C)(=O)OCCC[Si](OC)(OC)OC,123
(3-ACRYLOXYPROPYL)TRIS(TRIMETHYLSILOXY)SILANE,C(C=C)(=O)OCCC[Si](O[Si](C)(C)C)(O[Si](C)(C)C)O[Si](C)(C)C,93
ACRYLOXYTRIISOPROPYLSILANE,C(C=C)(=O)O[Si](C(C)C)(C(C)C)C(C)C,65
ACRYLOXYTRIMETHYLSILANE,C(C=C)(=O)O[Si](C)(C)C,26
ADAMANTYLETHYLTRICHLOROSILANE,C12(CC3CC(CC(C1)C3)C2)CC[Si](Cl)(Cl)Cl,155
3-(N-ALLYLAMINO)PROPYLTRIMETHOXYSILANE,C(C=C)NCCC[Si](OC)(OC)OC,88
ALLYLAMINOTRIMETHYLSILANE,C(C=C)N[Si](C)(C)C,10
ALLYL(CHLOROMETHYL)DIMETHYLSILANE,C(C=C)[Si](C)(C)CCl,27
ALLYL(3-CHLOROPROPYL)DICHLOROSILANE,C(C=C)[Si](Cl)(Cl)CCCCl,76
ALLYLDICHLOROSILANE,C(C=C)[SiH](Cl)Cl,4
ALLYLDIMETHOXYSILANE,C(C=C)[SiH](OC)OC,38
ALLYLDIMETHYLCHLOROSILANE,C(C=C)[Si](Cl)(C)C,5
ALLYLDIMETHYL(DIISOPROPYLAMINO)SILANE,C(C=C)[Si](N(C(C)C)C(C)C)(C)C,62
ALLYLDIMETHYLSILANE,C(C=C)[SiH](C)C,20
ALLYL(4-METHOXYPHENYL)DIMETHYLSILANE,C(C=C)[Si](C)(C)C1=CC=C(C=C1)OC,102
ALLYLMETHYLDICHLOROSILANE,C(C=C)C[SiH](Cl)Cl,27
ALLYLOXY-t-BUTYLDIMETHYLSILANE,C(C=C)O[Si](C)(C)C(C)(C)C,32
ALLYLOXYTRIMETHYLSILANE,C(C=C)O[Si](C)(C)C,0
ALLYLMETHYLDIMETHOXYSILANE,C(C=C)C[SiH](OC)OC,40
ALLYLPHENYLDICHLOROSILANE,C(C=C)[Si](Cl)(Cl)C1=CC=CC=C1,76
m-ALLYLPHENYLPROPYLTRIETHOXYSILANE,C(C=C)C=1C=C(C=CC1)CCC[Si](OCC)(OCC)OCC,110
ALLYLTRICHLOROSILANE,C(C=C)[Si](Cl)(Cl)Cl,31
ALLYLTRIETHOXYSILANE,C(C=C)[Si](OCC)(OCC)OCC,47
ALLYLTRIISOPROPYLSILANE,C(C=C)[Si](C(C)C)(C(C)C)C(C)C,76
ALLYLTRIMETHOXYSILANE,C(C=C)[Si](OC)(OC)OC,46
ALLYLTRIMETHYLSILANE,C(C=C)[Si](C)(C)C,7
ALLYLTRIPHENYLSILANE,C(C=C)[Si](C1=CC=CC=C1)(C1=CC=CC=C1)C1=CC=CC=C1,200
ALLYLTRIS(TRIMETHYLSILOXY)SILANE,C(C=C)[Si](O[Si](C)(C)C)(O[Si](C)(C)C)O[Si](C)(C)C,67
4-AMINOBUTYLTRIETHOXYSILANE,NCCCC[Si](OCC)(OCC)OCC,109
1-AMINO-2-(DIMETHYLETHOXYSILYL)PROPANE,NCC(C)[Si](OCC)(C)C,65
(AMINOETHYLAMINOMETHYL)PHENETHYLTRIMETHOXYSILANE,NCCNCCO[Si](OC)(OC)CCC1=CC=CC=C1,110
N-(2-AMINOETHYL)-3-AMINOPROPYLMETHYLDIETHOXYSILANE,NCCNCCC[Si](OCC)(OCC)C,110
N-(2-AMINOETHYL)-3-AMINOPROPYLMETHYLDIMETHOXYSILANE,NCCNCCC[Si](OC)(OC)C,90
N-(2-AMINOETHYL)-3-AMINOPROPYLSILANETRIOL,NCCNCCC[Si](O)(O)O,110
N-(2-AMINOETHYL)-3-AMINOPROPYLTRIETHOXYSILANE,NCCNCCC[Si](OCC)(OCC)OCC,148
N-(2-AMINOETHYL)-3-AMINOPROPYLTRIMETHOXYSILANE,NCCNCCC[Si](OC)(OC)OC,150
N-(2-AMINOETHYL)-3-AMINOPROPYLTRIMETHOXYSILANE-PROPYLTRIMETHOXYSILANE,C(CC)[Si](OC)(OC)OC.NCCNCCC[Si](OC)(OC)OC,110
N-(6-AMINOHEXYL)AMINOMETHYLTRIETHOXYSILANE,NCCCCCCNC[Si](OCC)(OCC)OCC,110
N-(6-AMINOHEXYL)AMINOPROPYLTRIMETHOXYSILANE,NCCCCCCNCCC[Si](OC)(OC)OC,110
N-(2-AMINOETHYL)-11-AMINOUNDECYLTRIMETHOXYSILANE,NCCNCCCCCCCCCCC[Si](OC)(OC)OC,150
AMINOMETHYLTRIMETHYLSILANE,NC[Si](C)(C)C,9
3-(m-AMINOPHENOXY)PROPYLTRIMETHOXYSILANE,NC=1C=C(OCCC[Si](OC)(OC)OC)C=CC1,110
m-AMINOPHENYLTRIMETHOXYSILANE,NC=1C=C(C=CC1)[Si](OC)(OC)OC,180
p-AMINOPHENYLTRIMETHOXYSILANE,NC1=CC=C(C=C1)[Si](OC)(OC)OC,180
AMINOPHENYLTRIMETHOXYSILANE,NCO[Si](OC)(OC)C1=CC=CC=C1,180
3-AMINOPROPYLDIISOPROPYLETHOXYSILANE,NCCC[Si](OCC)(C(C)C)C(C)C,100
3-AMINOPROPYLDIMETHYLETHOXYSILANE,NCCC[Si](OCC)(C)C,73
3-AMINOPROPYLDIMETHYLFLUOROSILANE,NCCC[Si](F)(C)C,-1
3-AMINOPROPYLDIMETHYLMETHOXYSILANE,NCCC[Si](OC)(C)C,20
3-AMINOPROPYLMETHYLBIS(TRIMETHYLSILOXY)SILANE,NCCC[Si](O[Si](C)(C)C)(O[Si](C)(C)C)C,110
3-AMINOPROPYLMETHYLDIETHOXYSILANE,NCCC[Si](OCC)(OCC)C,85
3-AMINOPROPYLPENTAMETHYLDISILOXANE,NCCC[Si](O[Si](C)(C)C)(C)C,65
3-AMINOPROPYLSILANETRIOL,NCCC[Si](O)(O)O,1
3-AMINOPROPYLTRIETHOXYSILANE,NCCC[Si](OCC)(OCC)OCC,104
3-AMINOPROPYLTRIMETHOXYSILANE,NCCC[Si](OC)(OC)OC,83
3-AMINOPROPYLTRIMETHYLSILANE,NCCC[Si](C)(C)C,59
3-AMINOPROPYLTRIS(METHOXYETHOXYETHOXY)SILANE,NCCC[Si](OCCOCCOC)(OCCOCCOC)OCCOCCOC,68
3-AMINOPROPYLTRIS(TRIMETHYLSILOXY)SILANE,NCCC[Si](O[Si](C)(C)C)(O[Si](C)(C)C)O[Si](C)(C)C,110
11-AMINOUNDECYLTRIETHOXYSILANE,NCCCCCCCCCCC[Si](OCC)(OCC)OCC,-1
ANILINOTRIMETHYLSILANE,N(C1=CC=CC=C1)[Si](C)(C)C,65
(9)-ANTHRACENYLTRIMETHOXYSILANE,C1=CC=CC2=CC3=CC=CC=C3C(=C12)[Si](OC)(OC)OC,110
(AZIDOMETHYL)PHENETHYLTRIMETHOXYSILANE,N(=[N+]=[N-])CCO[Si](OC)(OC)CCC1=CC=CC=C1,110
p-AZIDOMETHYLPHENYLTRIMETHOXYSILANE,N(=[N+]=[N-])CC1=CC=C(C=C1)[Si](OC)(OC)OC,110
(AZIDOMETHYL)TRIMETHYLSILANE,N(=[N+]=[N-])C[Si](C)(C)C,6
3-AZIDOPROPYLTRIETHOXYSILANE,N(=[N+]=[N-])CCC[Si](OCC)(OCC)OCC,110
6-AZIDOSULFONYLHEXYLTRIETHOXYSILANE,N(=[N+]=[N-])S(=O)(=O)CCCCCC[Si](OCC)(OCC)OCC,114
4-(AZIDOSULFONYL)PHENETHYLTRIMETHOXYSILANE,N(=[N+]=[N-])S(=O)(=O)C1=CC=C(CC[Si](OC)(OC)OC)C=C1,29
ALLYLTRICHLOROGERMANE,C(C=C)[Ge](Cl)(Cl)Cl,55
ALLYLTRIETHYLGERMANE,C(C=C)[Ge](CC)(CC)CC,48
ALLYLTRIMETHYLGERMANE,C(C=C)[Ge](C)(C)C,16
BENZYLTRICHLOROGERMANE,C(C1=CC=CC=C1)[Ge](Cl)(Cl)Cl,65
BIS[BIS(TRIMETHYLSILYL)AMINO]GERMANIUM(II),C[Si](C)(C)N([Si](C)(C)C)[Ge]N([Si](C)(C)C)[Si](C)(C)C,110
BIS(CHLOROMETHYL)DIMETHYLGERMANE,ClC[Ge](C)(C)CCl,51
t-BUTYLDIMETHYLCHLOROGERMANE,C(C)(C)(C)[Ge](Cl)(C)C,34
n-BUTYLGERMANE,C(CCC)[GeH3],23
t-BUTYLGERMANE,C(C)(C)(C)[GeH3],23
n-BUTYLTRICHLOROGERMANE,C(CCC)[Ge](Cl)(Cl)Cl,82
t-BUTYLTRICHLOROGERMANE,C(C)(C)(C)[Ge](Cl)(Cl)Cl,-1
CARBOXYETHYLTRICHLOROGERMANE,C(=O)(O)CC[Ge](Cl)(Cl)Cl,110
CHLOROMETHYLTRIMETHYLGERMANE,ClC[Ge](C)(C)C,6
DI-n-BUTYLDIACETOXYGERMANE,C(CCC)[Ge](OC(C)=O)(OC(C)=O)CCCC,110
DI-n-BUTYLDICHLOROGERMANE,C(CCC)[Ge](Cl)(Cl)CCCC,107
DICHLOROMETHYLTRIMETHYLGERMANE,ClC(Cl)[Ge](C)(C)C,33
DIETHYLDICHLOROGERMANE,C(C)[Ge](Cl)(Cl)CC,52
DIETHYLDIETHOXYGERMANE,C(C)[Ge](OCC)(OCC)CC,65
DIETHYLGERMANE,C(C)[GeH2]CC,23
DIMETHYLAMINOTRIMETHYLGERMANE,CN(C)[Ge](C)(C)C,10
DIMETHYLDICHLOROGERMANE,C[Ge](Cl)(Cl)C,32
DIPHENYLDICHLOROGERMANE,C1(=CC=CC=C1)[Ge](Cl)(Cl)C1=CC=CC=C1,160
DIPHENYLDIMETHYLGERMANE,C1(=CC=CC=C1)[Ge](C)(C)C1=CC=CC=C1,110
DIPHENYLGERMANE,C1(=CC=CC=C1)[GeH2]C1=CC=CC=C1,104
ETHYLTRICHLOROGERMANE,C(C)[Ge](Cl)(Cl)Cl,51
ETHYLTRIETHOXYGERMANE,C(C)[Ge](OCC)(OCC)OCC,60
GERMANE,[GeH4],40
GERMANIUM,[Ge],20
GERMANIUM DIIODIDE,[Ge](I)I,545
GERMANIUM DIOXIDE,[Ge](=O)=O,20
GERMANIUM DISELENIDE,[Ge](=[Se])=[Se],20
GERMANIUM(II) SULFIDE,[Ge]=S,20
GERMANIUM TETRABROMIDE,[Ge](Br)(Br)(Br)Br,-1
GERMANIUM TETRACHLORIDE,[Ge](Cl)(Cl)(Cl)Cl,-1
GERMANIUM TETRAIODIDE,[Ge](I)(I)(I)I,110
HEXAETHYLDIGERMANE,C(C)[Ge]([Ge](CC)(CC)CC)(CC)CC,65
HEXAETHYLDIGERMOXANE,C(C)[Ge](O[Ge](CC)(CC)CC)(CC)CC,110
HEXAMETHYLDIGERMANE,C[Ge]([Ge](C)(C)C)(C)C,14
HEXAPHENYLDIGERMANE,C1(=CC=CC=C1)[Ge]([Ge](C1=CC=CC=C1)(C1=CC=CC=C1)C1=CC=CC=C1)(C1=CC=CC=C1)C1=CC=CC=C1,200
HEXAPHENYLDIGERMOXANE,C1(=CC=CC=C1)[Ge](O[Ge](C1=CC=CC=C1)(C1=CC=CC=C1)C1=CC=CC=C1)(C1=CC=CC=C1)C1=CC=CC=C1,200
METHACRYLOXYMETHYLTRIMETHYLGERMANE,C(C(=C)C)(=O)OC[Ge](C)(C)C,-1
METHACRYLOXYTRIETHYLGERMANE,C(C(=C)C)(=O)O[Ge](CC)(CC)CC,65
METHYLGERMANE,C[GeH3],40
METHYLTRICHLOROGERMANE,C[Ge](Cl)(Cl)Cl,10
METHYLTRIETHOXYGERMANE,C[Ge](OCC)(OCC)OCC,40
PHENYLDIMETHYLCHLOROGERMANE,C1(=CC=CC=C1)[Ge](Cl)(C)C,65
PHENYLGERMANE,C1(=CC=CC=C1)[GeH3],60
PHENYLTRICHLOROGERMANE,C1(=CC=CC=C1)[Ge](Cl)(Cl)Cl,-1
TETRAALLYLGERMANE,C(C=C)[Ge](CC=C)(CC=C)CC=C,70
TETRA-n-BUTOXYGERMANE,C(CCC)O[Ge](OCCCC)(OCCCC)OCCCC,112
TETRA-n-BUTYLGERMANE,C(CCC)[Ge](CCCC)(CCCC)CCCC,90
TETRAETHOXYGERMANE,C(C)O[Ge](OCC)(OCC)OCC,62
TETRAETHYLGERMANE,C(C)[Ge](CC)(CC)CC,42
TETRAKIS(DIMETHYLAMINO)GERMANE,CN(C)[Ge](N(C)C)(N(C)C)N(C)C,34
TETRAISOPROPOXYGERMANE,C(C)(C)O[Ge](OC(C)C)(OC(C)C)OC(C)C,68
TETRAKIS(TRIMETHYLSILOXY)GERMANE,C[Si](O[Ge](O[Si](C)(C)C)(O[Si](C)(C)C)O[Si](C)(C)C)(C)C,80
TETRAMETHOXYGERMANE,CO[Ge](OC)(OC)OC,34
TETRAMETHYLGERMANE,C[Ge](C)(C)C,19
TETRAPHENYLGERMANE,C1(=CC=CC=C1)[Ge](C1=CC=CC=C1)(C1=CC=CC=C1)C1=CC=CC=C1,200
TRI-n-BUTYLCHLOROGERMANE,C(CCC)[Ge](Cl)(CCCC)CCCC,94
TRI-n-BUTYLGERMANE,C(CCC)[GeH](CCCC)CCCC,78
TRICHLOROGERMANE,Cl[GeH](Cl)Cl,12
3-(TRICHLOROGERMYL)PROPIONYLCHLORIDE,Cl[Ge](CCC(=O)Cl)(Cl)Cl,110
TRIETHYLBROMOGERMANE,C(C)[Ge](Br)(CC)CC,65
TRIETHYLCHLOROGERMANE,C(C)[Ge](Cl)(CC)CC,38
TRIETHYLGERMANE,C(C)[GeH](CC)CC,5
TRIISOPROPYLCHLOROGERMANE,C(C)(C)[Ge](Cl)(C(C)C)C(C)C,66
TRIMETHYLBROMOGERMANE,C[Ge](Br)(C)C,37
TRIMETHYLCHLOROGERMANE,C[Ge](Cl)(C)C,1
TRIMETHYLGERMANE,C[GeH](C)C,20
TRIMETHYLIODOGERMANE,C[Ge](I)(C)C,20
TRIPHENYLBROMOGERMANE,C1(=CC=CC=C1)[Ge](Br)(C1=CC=CC=C1)C1=CC=CC=C1,200
TRIPHENYLCHLOROGERMANE,C1(=CC=CC=C1)[Ge](Cl)(C1=CC=CC=C1)C1=CC=CC=C1,20
TRIPHENYLGERMANE,C1(=CC=CC=C1)[GeH](C1=CC=CC=C1)C1=CC=CC=C1,110
TRIS(TRIFLUOROMETHYL)IODOGERMANE,FC(F)(F)[Ge](I)(C(F)(F)F)C(F)(F)F,110
TRIS(TRIMETHYLSILYL)GERMANE,C[Si](C)(C)[GeH]([Si](C)(C)C)[Si](C)(C)C,110
VINYLTRIETHYLGERMANE,C(=C)[Ge](CC)(CC)CC,32
ALUMINUM n-BUTOXIDE,[O-]CCCC.[Al+3].[O-]CCCC.[O-]CCCC,65
ALUMINUM t-BUTOXIDE,CC(C)(C)[O-].[Al+3].CC(C)(C)[O-].CC(C)(C)[O-],65
ALUMINUM 5-CHLORO-8-HYDROXYQUINOLINATE,ClC1=C2C=CC(=NC2=C(C=C1)O)C(=O)[O-].[Al+3].ClC1=C2C=CC(=NC2=C(C=C1)O)C(=O)[O-].ClC1=C2C=CC(=NC2=C(C=C1)O)C(=O)[O-],-1
ALUMINUM DIISOPROPOXIDE ETHYLACETOACETATE,C(C)OC(CC(=O)C)=O.CC([O-])C.CC([O-])C.[Al+2],50
ALUMINUM 8-HYDROXYQUINOLINATE,OC=1C=CC=C2C=CC(=NC12)C(=O)[O-].[Al+3].OC=1C=CC=C2C=CC(=NC12)C(=O)[O-].OC=1C=CC=C2C=CC(=NC12)C(=O)[O-],20
ALUMINUM ISOPROPOXIDE,CC([O-])C.[Al+3].CC([O-])C.CC([O-])C,-1
ALUMINUM N-NITROSOPHENYLHYDROXYLAMINE,N(=O)N(O)C1=CC=CC=C1.[Al],-1
ALUMINUM 9-OCTADECENYLACETOACETATE DIISOPROPOXIDE,CC([O-])C.CC([O-])C.C(CCCCCCCC=CCCCCCCCC)CC(CC(=O)[O-])=O.[Al+3],21
ANTIMONY(III) n-BUTOXIDE,[O-]CCCC.[Sb+3].[O-]CCCC.[O-]CCCC,6
ANTIMONY(III) ETHOXIDE,[O-]CC.[Sb+3].[O-]CC.[O-]CC,-1
ARSENIC TRIETHOXIDE,[O-]CC.[O-]CC.[O-]CC.[As+3],49
BARIUM ISOPROPOXIDE,CC([O-])C.[Ba+2].CC([O-])C,20
BISMUTH(III) ISOPROPOXIDE,CC([O-])C.[Bi+3].CC([O-])C.CC([O-])C,20
BORON ALLYLOXIDE,C(C=C)OCC=C.[B],31
BORON n-BUTOXIDE,[O-]CCCC.[B+3].[O-]CCCC.[O-]CCCC,93
BORON t-BUTOXIDE,CC(C)(C)[O-].[B+3].CC(C)(C)[O-].CC(C)(C)[O-],29
BORON ETHOXIDE,[O-]CC.[B+3].[O-]CC.[O-]CC,11
DIPHENYLBORANE 8-HYDROXYQUINOLINATE,OC=1C=CC=C2C=CC(=NC12)C(=O)O.C1(=CC=CC=C1)BC1=CC=CC=C1,110
BORON ISOPROPOXIDE,CC([O-])C.[B+3].CC([O-])C.CC([O-])C,28
BORON METHOXIDE,C[O-].[B+3].C[O-].C[O-],1
BORON METHOXYETHOXIDE,COC([O-])C.[B+3].COC([O-])C.COC([O-])C,113
BORON n-PROPOXIDE,[O-]CCC.[B+3].[O-]CCC.[O-]CCC,20
CADMIUM DIETHYLDITHIOCARBAMATE,C(C)N(C([S-])=S)CC.[Cd+2].C(C)N(C([S-])=S)CC,0
CALCIUM ETHOXIDE,[O-]CC.[Ca+2].[O-]CC,20
CALCIUM METHOXYETHOXIDE,COC([O-])C.[Ca+2].COC([O-])C,39
CERIUM(IV) t-BUTOXIDE,CC(C)(C)[O-].[Ce+4].CC(C)(C)[O-].CC(C)(C)[O-].CC(C)(C)[O-],0
CERIUM(IV) ISOPROPOXIDE,CC([O-])C.[Ce+4].CC([O-])C.CC([O-])C.CC([O-])C,120
CERIUM(IV) METHOXYETHOXIDE,COC([O-])C.[Ce+4].COC([O-])C.COC([O-])C.COC([O-])C,39
CESIUM METHOXIDE,C[O-].[Cs+],11
COPPER(II) ALLYLOXYETHOXYTRIFLUOROACETOACETATE,C(C=C)OCCOC(C(=O)[O-])C(=O)C(F)(F)F.[Cu+2].C(C=C)OCCOC(C(=O)[O-])C(=O)C(F)(F)F,20
COPPER(II) DIMETHYLDITHIOCARBAMATE,CN(C([S-])=S)C.[Cu+2].CN(C([S-])=S)C,0
COPPER(II) ETHOXIDE,[O-]CC.[Cu+2].[O-]CC,-1
COPPER(II) ETHYLACETOACETATE,C(C)OC(CC(=O)C)=O.[Cu+2],0
COPPER 8-HYDROXYQUINOLINATE,OC=1C=CC=C2C=CC(=NC12)C(=O)[O-].[Cu+2].OC=1C=CC=C2C=CC(=NC12)C(=O)[O-],0
COPPER(II) METHACRYLOXYETHYLACETOACETATE,C(C(=C)C)(=O)OCCOC(CC(=O)C)=O.[Cu+2],-1
COPPER(II) METHOXYETHOXYETHOXIDE,COCCOC([O-])C.[Cu+2].COCCOC([O-])C,84
ERBIUM 8-HYDROXYQUINOLINATE,OC=1C=CC=C2C=CC(=NC12)C(=O)[O-].[Er+3].OC=1C=CC=C2C=CC(=NC12)C(=O)[O-].OC=1C=CC=C2C=CC(=NC12)C(=O)[O-],0
GALLIUM 8-HYDROXYQUINOLINATE,OC=1C=CC=C2C=CC(=NC12)C(=O)[O-].[Ga+3].OC=1C=CC=C2C=CC(=NC12)C(=O)[O-].OC=1C=CC=C2C=CC(=NC12)C(=O)[O-],2
HAFNIUM n-BUTOXIDE,[O-]CCCC.[Hf+4].[O-]CCCC.[O-]CCCC.[O-]CCCC,110
HAFNIUM ETHOXIDE,[O-]CC.[Hf+4].[O-]CC.[O-]CC.[O-]CC,1
INDIUM METHYL(TRIMETHYLACETYL)ACETATE,COC(CC(C(C)(C)C)=O)=O.[In],20
IRON(III) ETHOXIDE,[O-]CC.[Fe+3].[O-]CC.[O-]CC,0
LANTHANUM ISOPROPOXIDE,CC([O-])C.[La+3].CC([O-])C.CC([O-])C,0
LANTHANUM METHOXYETHOXIDE,COC([O-])C.[La+3].COC([O-])C.COC([O-])C,39
LITHIUM t-BUTOXIDE,CC(C)(C)[O-].[Li+],0
LITHIUM ISOPROPOXIDE,CC([O-])C.[Li+],20
LITHIUM METHOXIDE,C[O-].[Li+],11
MAGNESIUM ETHOXIDE,[O-]CC.[Mg+2].[O-]CC,43
MAGNESIUM METHOXIDE,C[O-].[Mg+2].C[O-],11
MAGNESIUM METHOXYETHOXIDE,COC([O-])C.[Mg+2].COC([O-])C,39
MAGNESIUM METHYL CARBONATE,C(OC)([O-])=O.[Mg+2].COC([O-])=O,58
MANGANESE(II) ETHYLENEBIS(DITHIOCARBAMATE),C(CNC([S-])=S)NC([S-])=S.[Mn+2],0
MOLYBDENUM(V) ETHOXIDE,[O-]CC.[Mo+5].[O-]CC.[O-]CC.[O-]CC.[O-]CC,-1
NEODYMIUM METHOXYETHOXIDE,COC([O-])C.[Nd+3].COC([O-])C.COC([O-])C,39
NICKEL DI-n-BUTYLDITHIOCARBAMATE,C(CCC)N(C([S-])=S)CCCC.[Ni+2].C(CCC)N(C([S-])=S)CCCC,260
NICKEL DIMETHYLDITHIOCARBAMATE,CN(C([S-])=S)C.[Ni+2].CN(C([S-])=S)C,200
NIOBIUM(V) n-BUTOXIDE,[O-]CCCC.[Nb+5].[O-]CCCC.[O-]CCCC.[O-]CCCC.[O-]CCCC,90
NIOBIUM(V) ETHOXIDE,[O-]CC.[Nb+5].[O-]CC.[O-]CC.[O-]CC.[O-]CC,74
POTASSIUM t-BUTOXIDE,CC(C)(C)[O-].[K+],1
POTASSIUM ETHOXIDE,[O-]CC.[K+],50
POTASSIUM ISOPROPOXIDE,CC([O-])C.[K+],12
POTASSIUM METHOXIDE,C[O-].[K+],20
SELENIUM DIMETHYLDITHIOCARBAMATE,CN(C([S-])=S)C.[Se+2].CN(C([S-])=S)C,-1
SILVER DIETHYLDITHIOCARBAMATE,C(C)N(C([S-])=S)CC.[Ag+],20
SODIUM ALUMINUM HYDRIDE BIS(METHOXYETHOXIDE),COC([O-])C.COC([O-])C.[AlH4-].[Na+],4
SODIUM n-BUTOXIDE,[O-]CCCC.[Na+],35
SODIUM t-BUTOXIDE,CC(C)(C)[O-].[Na+],2
SODIUM DI-n-BUTYLDITHIOCARBAMATE,C(CCC)N(C([S-])=S)CCCC.[Na+],110
SODIUM DI(ISOBUTYL)DITHIOPHOSPHINATE,C(C(C)C)P([S-])(=S)CC(C)C.[Na+],100
SODIUM DIMETHYLDITHIOCARBAMATE,CN(C([S-])=S)C.[Na+],20
SODIUM ETHOXIDE,[O-]CC.[Na+],12
SODIUM ISOPROPOXIDE,CC([O-])C.[Na+],14
SODIUM METHOXIDE,C[O-].[Na+],20
SODIUM METHOXYETHOXIDE,COC([O-])C.[Na+],39
SODIUM METHYLACETOACETATE,COC(CC(=O)C)=O.[Na],20
SODIUM PHENOXIDE,[O-]C1=CC=CC=C1.[Na+],-1
SODIUM THIOPHENOXIDE,[S-]C1=CC=CC=C1.[Na+],-1
TANTALUM(V) n-BUTOXIDE,[O-]CCCC.[Ta+5].[O-]CCCC.[O-]CCCC.[O-]CCCC.[O-]CCCC,66
TANTALUM(V) ETHOXIDE,[O-]CC.[Ta+5].[O-]CC.[O-]CC.[O-]CC.[O-]CC,40
TANTALUM(V) ISOPROPOXIDE,CC([O-])C.[Ta+5].CC([O-])C.CC([O-])C.CC([O-])C.CC([O-])C,-1
TANTALUM(V) METHOXIDE,C[O-].[Ta+5].C[O-].C[O-].C[O-].C[O-],-1
TELLURIUM(IV) DIETHYLDITHIOCARBAMATE,C(C)N(C([S-])=S)CC.[Te+4].C(C)N(C([S-])=S)CC.C(C)N(C([S-])=S)CC.C(C)N(C([S-])=S)CC,0
THALLIUM(I) ETHOXIDE,[O-]CC.[Tl+],110
BIS(DIMETHYLAMINO)DIISOPROPOXYTITANIUM,CN(C)[Ti](OC(C)C)(OC(C)C)N(C)C,20
TITANIUM n-BUTOXIDE,[O-]CCCC.[Ti+4].[O-]CCCC.[O-]CCCC.[O-]CCCC,76
TITANIUM t-BUTOXIDE,CC(C)(C)[O-].[Ti+4].CC(C)(C)[O-].CC(C)(C)[O-].CC(C)(C)[O-],65
TITANIUM CHLORIDE TRIISOPROPOXIDE,CC([O-])C.CC([O-])C.CC([O-])C.[Cl-].[Ti+4],22
TITANIUM DI-n-BUTOXIDE BIS(2-ETHYLHEXANOATE),C(C)C(C(=O)[O-])CCCC.C(C)C(C(=O)[O-])CCCC.[O-]CCCC.[O-]CCCC.[Ti+4],110
TITANIUM DICHLORIDE DIETHOXIDE,[O-]CC.[O-]CC.[Cl-].[Cl-].[Ti+4],40
TITANIUM DIETHYLDITHIOCARBAMATE,C(C)N(C([S-])=S)CC.[Ti+4].C(C)N(C([S-])=S)CC.C(C)N(C([S-])=S)CC.C(C)N(C([S-])=S)CC,110
TITANIUM ETHOXIDE,[O-]CC.[Ti+4].[O-]CC.[O-]CC.[O-]CC,28
TITANIUM DIISOPROPOXIDE BIS(ETHYLACETOACETATE),C(C)CC(CC(=O)[O-])=O.C(C)CC(CC(=O)[O-])=O.CC([O-])C.CC([O-])C.[Ti+4],27
TITANIUM IODIDE TRIISOPROPOXIDE,CC([O-])C.CC([O-])C.CC([O-])C.[I-].[Ti+4],14
TITANIUM ISOBUTOXIDE,CC(C)C[O-].[Ti+4].CC(C)C[O-].CC(C)C[O-].CC(C)C[O-],77
TITANIUM ISOPROPOXIDE,CC([O-])C.[Ti+4].CC([O-])C.CC([O-])C.CC([O-])C,25
TITANIUM LACTATE,C(C(O)C)(=O)[O-].[Ti+4].C(C(O)C)(=O)[O-].C(C(O)C)(=O)[O-].C(C(O)C)(=O)[O-],150
TITANIUM METHACRYLATE TRIISOPROPOXIDE,CC([O-])C.CC([O-])C.CC([O-])C.C(C(=C)C)(=O)[O-].[Ti+4],-1
TITANIUM METHACRYLOXYETHYLACETOACETATE TRIISOPROPOXIDE,CC([O-])C.CC([O-])C.CC([O-])C.C(C(=C)C)(=O)OCCOC(CC(=O)C)=O.[Ti+3],12
TITANIUM METHOXIDE,C[O-].[Ti+4].C[O-].C[O-].C[O-],48
TITANIUM METHYLPHENOXIDE,CC1=C([O-])C=CC=C1.[Ti+4].CC1=C([O-])C=CC=C1.CC1=C([O-])C=CC=C1.CC1=C([O-])C=CC=C1,66
TITANIUM n-PROPOXIDE,[O-]CCC.[Ti+4].[O-]CCC.[O-]CCC.[O-]CCC,45
TITANIUM TRIACRYLATE METHOXYETHOXYETHOXIDE,COCCOC([O-])C.C(C=C)(=O)[O-].C(C=C)(=O)[O-].C(C=C)(=O)[O-].[Ti+4],65
TITANIUM TRIISOSTEAROYLISOPROPOXIDE,C(CCCCCCCCCCCCCCC(C)C)(=O)C(C([O-])C)(C(CCCCCCCCCCCCCCC(C)C)=O)C(CCCCCCCCCCCCCCC(C)C)=O.[Ti+4].C(CCCCCCCCCCCCCCC(C)C)(=O)C(C([O-])C)(C(CCCCCCCCCCCCCCC(C)C)=O)C(CCCCCCCCCCCCCCC(C)C)=O.C(CCCCCCCCCCCCCCC(C)C)(=O)C(C([O-])C)(C(CCCCCCCCCCCCCCC(C)C)=O)C(CCCCCCCCCCCCCCC(C)C)=O.C(CCCCCCCCCCCCCCC(C)C)(=O)C(C([O-])C)(C(CCCCCCCCCCCCCCC(C)C)=O)C(CCCCCCCCCCCCCCC(C)C)=O,93
TITANIUM TRIMETHACRYLATE METHOXYETHOXYETHOXIDE,COCCOC([O-])C.C(C(=C)C)(=O)[O-].C(C(=C)C)(=O)[O-].C(C(=C)C)(=O)[O-].[Ti+4],60
TUNGSTEN(V) ETHOXIDE,[O-]CC.[W+5].[O-]CC.[O-]CC.[O-]CC.[O-]CC,110
TUNGSTEN(VI) PHENOXIDE,[O-]C1=CC=CC=C1.[W+6].[O-]C1=CC=CC=C1.[O-]C1=CC=CC=C1.[O-]C1=CC=CC=C1.[O-]C1=CC=CC=C1.[O-]C1=CC=CC=C1,110
VANADIUM OXIDE TRIS(METHOXYETHOXIDE),COC([O-])C.COC([O-])C.COC([O-])C.[O-2].[V+5],65
YTTRIUM ISOPROPOXIDE,CC([O-])C.[Y+3].CC([O-])C.CC([O-])C,20
YTTRIUM METHOXYETHOXIDE,COC([O-])C.[Y+3].COC([O-])C.COC([O-])C,39
ZINC DI-n-BUTYLDITHIOCARBAMATE,C(CCC)N(C([S-])=S)CCCC.[Zn+2].C(CCC)N(C([S-])=S)CCCC,0
ZINC DIETHYLDITHIOCARBAMATE,C(C)N(C([S-])=S)CC.[Zn+2].C(C)N(C([S-])=S)CC,0
ZINC DIMETHYLDITHIOCARBAMATE,CN(C([S-])=S)C.[Zn+2].CN(C([S-])=S)C,0
ZINC 8-HYDROXYQUINOLINATE,OC=1C=CC=C2C=CC(=NC12)C(=O)[O-].[Zn+2].OC=1C=CC=C2C=CC(=NC12)C(=O)[O-],0
ZINC METHOXYETHOXIDE,COC([O-])C.[Zn+2].COC([O-])C,-1
ZIRCONIUM n-BUTOXIDE,[O-]CCCC.[Zr+4].[O-]CCCC.[O-]CCCC.[O-]CCCC,34
ZIRCONIUM t-BUTOXIDE,CC(C)(C)[O-].[Zr+4].CC(C)(C)[O-].CC(C)(C)[O-].CC(C)(C)[O-],85
ZIRCONIUM ETHOXIDE,[O-]CC.[Zr+4].[O-]CC.[O-]CC.[O-]CC,5
ZIRCONIUM ISOPROPOXIDE,CC([O-])C.[Zr+4].CC([O-])C.CC([O-])C.CC([O-])C,7
ZIRCONIUM n-PROPOXIDE,[O-]CCC.[Zr+4].[O-]CCC.[O-]CCC.[O-]CCC,23
ALUMINUM ACETATE,C(C)(=O)[O-].[Al+3].C(C)(=O)[O-].C(C)(=O)[O-],20
ALUMINUM ACRYLATE,C(C=C)(=O)[O-].[Al+3].C(C=C)(=O)[O-].C(C=C)(=O)[O-],20
ALUMINUM FORMATE,C(=O)[O-].[Al+3].C(=O)[O-].C(=O)[O-],20
ALUMINUM TRIFLUOROACETATE,FC(C(=O)[O-])(F)F.[Al+3].FC(C(=O)[O-])(F)F.FC(C(=O)[O-])(F)F,-1
ALUMINUM TRIFLUOROMETHANESULFONATE,FC(S(=O)(=O)[O-])(F)F.[Al+3].FC(S(=O)(=O)[O-])(F)F.FC(S(=O)(=O)[O-])(F)F,20
ANTIMONY ACETATE,C(C)(=O)[O-].[Sb+3].C(C)(=O)[O-].C(C)(=O)[O-],-1
METHACRYLOXYDIPHENYLANTIMONY,C(C(=C)C)(=O)O[Sb](C1=CC=CC=C1)C1=CC=CC=C1,110
BARIUM ACETATE,C(C)(=O)[O-].[Ba+2].C(C)(=O)[O-],20
BARIUM ACRYLATE,C(C=C)(=O)[O-].[Ba+2].C(C=C)(=O)[O-],20
BARIUM METHACRYLATE,C(C(=C)C)(=O)[O-].[Ba+2].C(C(=C)C)(=O)[O-],20
BARIUM NEODECANOATE,C(CCCCCC(C)(C)C)(=O)[O-].[Ba+2].C(CCCCCC(C)(C)C)(=O)[O-],20
BARIUM TRIFLUOROACETATE,FC(C(=O)[O-])(F)F.[Ba+2].FC(C(=O)[O-])(F)F,20
BARIUM TRIFLUOROMETHANESULFONATE,FC(S(=O)(=O)[O-])(F)F.[Ba+2].FC(S(=O)(=O)[O-])(F)F,20
BISMUTH(III) ACETATE,C(C)(=O)[O-].[Bi+3].C(C)(=O)[O-].C(C)(=O)[O-],110
BISMUTH 2-ETHYLHEXANOATE,C(C)C(C(=O)[O-])CCCC.[Bi+3].C(C)C(C(=O)[O-])CCCC.C(C)C(C(=O)[O-])CCCC,49
BISMUTH NEODECANOATE,C(CCCCCC(C)(C)C)(=O)[O-].[Bi+3].C(CCCCCC(C)(C)C)(=O)[O-].C(CCCCCC(C)(C)C)(=O)[O-],110
BISMUTH SALICYLATE,C(C=1C(O)=CC=CC1)(=O)[O-].[Bi+3].C(C=1C(O)=CC=CC1)(=O)[O-].C(C=1C(O)=CC=CC1)(=O)[O-],110
BISMUTH TRIFLUOROMETHANESULFONATE,FC(S(=O)(=O)[O-])(F)F.[Bi+3].FC(S(=O)(=O)[O-])(F)F.FC(S(=O)(=O)[O-])(F)F,110
CALCIUM ACETATE,C(C)(=O)[O-].[Ca+2].C(C)(=O)[O-],20
CALCIUM ACRYLATE,C(C=C)(=O)[O-].[Ca+2].C(C=C)(=O)[O-],20
CALCIUM 2-ETHYLHEXANOATE,C(C)C(C(=O)[O-])CCCC.[Ca+2].C(C)C(C(=O)[O-])CCCC,127
CALCIUM FORMATE,C(=O)[O-].[Ca+2].C(=O)[O-],20
CALCIUM D-GLUCONATE,O=C([C@H](O)[C@@H](O)[C@H](O)[C@H](O)CO)[O-].[Ca+2].O=C([C@H](O)[C@@H](O)[C@H](O)[C@H](O)CO)[O-],20
CALCIUM LACTATE,C(C(O)C)(=O)[O-].[Ca+2].C(C(O)C)(=O)[O-],20
CALCIUM METHACRYLATE,C(C(=C)C)(=O)[O-].[Ca+2].C(C(=C)C)(=O)[O-],20
CADMIUM ACETATE,C(C)(=O)[O-].[Cd+2].C(C)(=O)[O-],200
CADMIUM FORMATE,C(=O)[O-].[Cd+2].C(=O)[O-],200
CERIUM(III) ACETATE,C(C)(=O)[O-].[Ce+3].C(C)(=O)[O-].C(C)(=O)[O-],20
CERIUM(III) 2-ETHYLHEXANOATE,C(C)C(C(=O)[O-])CCCC.[Ce+3].C(C)C(C(=O)[O-])CCCC.C(C)C(C(=O)[O-])CCCC,20
CERIUM(III) OXALATE,C(C(=O)[O-])(=O)[O-].[Ce+3].C(C(=O)[O-])(=O)[O-].C(C(=O)[O-])(=O)[O-].[Ce+3],0
CHROMIUM(III) 2-ETHYLHEXANOATE,C(C)C(C(=O)[O-])CCCC.[Cr+3].C(C)C(C(=O)[O-])CCCC.C(C)C(C(=O)[O-])CCCC,110
CESIUM TRIFLUOROACETATE,FC(C(=O)[O-])(F)F.[Cs+],20
COPPER(II) ACETATE,C(C)(=O)[O-].[Cu+2].C(C)(=O)[O-],-1
COPPER(II) 2-ETHYLHEXANOATE,C(C)C(C(=O)[O-])CCCC.[Cu+2].C(C)C(C(=O)[O-])CCCC,-1
COPPER(II) FORMATE,C(=O)[O-].[Cu+2].C(=O)[O-],20
COPPER(II) METHACRYLATE,C(C(=C)C)(=O)[O-].[Cu+2].C(C(=C)C)(=O)[O-],20
COPPER(II) TRIFLUOROACETATE,FC(C(=O)[O-])(F)F.[Cu+2].FC(C(=O)[O-])(F)F,20
COPPER(II) TRIFLUOROMETHANESULFONATE,FC(S(=O)(=O)[O-])(F)F.[Cu+2].FC(S(=O)(=O)[O-])(F)F,-1
DYSPROSIUM ACETATE,C(C)(=O)[O-].[Dy+3].C(C)(=O)[O-].C(C)(=O)[O-],20
DYSPROSIUM TRIFLUOROMETHANESULFONATE,FC(S(=O)(=O)[O-])(F)F.[Dy+3].FC(S(=O)(=O)[O-])(F)F.FC(S(=O)(=O)[O-])(F)F,110
ERBIUM(III) ACETATE,C(C)(=O)[O-].[Er+3].C(C)(=O)[O-].C(C)(=O)[O-],20
EUROPIUM ACETATE,C(C)(=O)[O-].[Eu+3].C(C)(=O)[O-].C(C)(=O)[O-],20
EUROPIUM(III) METHACRYLATE,C(C(=C)C)(=O)[O-].[Eu+3].C(C(=C)C)(=O)[O-].C(C(=C)C)(=O)[O-],20
IRON(II) ACETATE,C(C)(=O)[O-].[Fe+2].C(C)(=O)[O-],20
IRON(III) ACRYLATE,C(C=C)(=O)[O-].[Fe+3].C(C=C)(=O)[O-].C(C=C)(=O)[O-],-1
IRON(III) METHACRYLATE,C(C(=C)C)(=O)[O-].[Fe+3].C(C(=C)C)(=O)[O-].C(C(=C)C)(=O)[O-],20
GADOLINIUM ACETATE,C(C)(=O)[O-].[Gd+3].C(C)(=O)[O-].C(C)(=O)[O-],110
MERCURY(II) ACETATE,C(C)(=O)[O-].[Hg+2].C(C)(=O)[O-],-1
HOLMIUM(III) ACETATE,C(C)(=O)[O-].[Ho+3].C(C)(=O)[O-].C(C)(=O)[O-],110
LANTHANUM ACETATE,C(C)(=O)[O-].[La+3].C(C)(=O)[O-].C(C)(=O)[O-],20
LITHIUM ACRYLATE,C(C=C)(=O)[O-].[Li+],20
LITHIUM FORMATE,C(=O)[O-].[Li+],20
LITHIUM METHACRYLATE,C(C(=C)C)(=O)[O-].[Li+],20
LITHIUM TRIFLUOROACETATE,FC(C(=O)[O-])(F)F.[Li+],20
LITHIUM TRIFLUOROMETHANESULFONATE,FC(S(=O)(=O)[O-])(F)F.[Li+],20
MAGNESIUM ACRYLATE,C(C=C)(=O)[O-].[Mg+2].C(C=C)(=O)[O-],20
MAGNESIUM METHACRYLATE,C(C(=C)C)(=O)[O-].[Mg+2].C(C(=C)C)(=O)[O-],20
MAGNESIUM TRIFLUOROMETHANESULFONATE,FC(S(=O)(=O)[O-])(F)F.[Mg+2].FC(S(=O)(=O)[O-])(F)F,-1
NIOBIUM 2-ETHYLHEXANOATE,C(C)C(C(=O)[O-])CCCC.[Nb+5].C(C)C(C(=O)[O-])CCCC.C(C)C(C(=O)[O-])CCCC.C(C)C(C(=O)[O-])CCCC.C(C)C(C(=O)[O-])CCCC,20
NIOBIUM OXALATE,C(C(=O)[O-])(=O)[O-].[Nb+5].C(C(=O)[O-])(=O)[O-].C(C(=O)[O-])(=O)[O-].C(C(=O)[O-])(=O)[O-].C(C(=O)[O-])(=O)[O-].[Nb+5],20
NEODYMIUM ACETATE,C(C)(=O)[O-].[Nd+3].C(C)(=O)[O-].C(C)(=O)[O-],-1
NEODYMIUM METHACRYLATE,C(C(=C)C)(=O)[O-].[Nd+3].C(C(=C)C)(=O)[O-].C(C(=C)C)(=O)[O-],20
NEODYMIUM NEODECANOATE,C(CCCCCC(C)(C)C)(=O)[O-].[Nd+3].C(CCCCCC(C)(C)C)(=O)[O-].C(CCCCCC(C)(C)C)(=O)[O-],8
NICKEL(II) ACETATE,C(C)(=O)[O-].[Ni+2].C(C)(=O)[O-],200
NICKEL FORMATE,C(=O)[O-].[Ni+2].C(=O)[O-],200
PALLADIUM TRIFLUOROACETATE,FC(C(=O)[O-])(F)F.[Pd+2].FC(C(=O)[O-])(F)F,-1
POTASSIUM ACETATE,C(C)(=O)[O-].[K+],20
POTASSIUM ACRYLATE,C(C=C)(=O)[O-].[K+],20
POTASSIUM FORMATE,C(=O)[O-].[K+],20
POTASSIUM METHACRYLATE,C(C(=C)C)(=O)[O-].[K+],1
POTASSIUM SULFOPROPYLACRYLATE,S(=O)(=O)(O)CCCOC(C=C)=O.[K],20
POTASSIUM SULFOPROPYLMETHACRYLATE,S(=O)(=O)(O)CCCOC(C(=C)C)=O.[K],-1
POTASSIUM TRIFLUOROACETATE,FC(C(=O)[O-])(F)F.[K+],20
PRASEODYMIUM ACETATE,C(C)(=O)[O-].[Pr+3].C(C)(=O)[O-].C(C)(=O)[O-],20
RUBIDIUM ACETATE,C(C)(=O)[O-].[Rb+],20
RHODIUM(II) ACETATE,C(C)(=O)[O-].[Rh+2].C(C)(=O)[O-],1
RUTHENIUM(III) OXOACETATE,O=CC(=O)[O-].[Ru+3].O=CC(=O)[O-].O=CC(=O)[O-],20
SAMARIUM ACETATE,C(C)(=O)[O-].[Sm+3].C(C)(=O)[O-].C(C)(=O)[O-],1
SAMARIUM TRIFLUOROMETHANESULFONATE,FC(S(=O)(=O)[O-])(F)F.[Sm+3].FC(S(=O)(=O)[O-])(F)F.FC(S(=O)(=O)[O-])(F)F,110
SODIUM 2-ACRYLAMIDO-2-METHYLPROPANE SULFONATE,C(C=C)(=O)NC(CS(=O)(=O)[O-])(C)C.[Na+],20
SODIUM ACETATE,C(C)(=O)[O-].[Na+],20
SODIUM ACRYLATE,C(C=C)(=O)[O-].[Na+],20
SODIUM ALLYLSULFONATE,C(C=C)S(=O)(=O)[O-].[Na+],20
SODIUM FORMATE,C(=O)[O-].[Na+],2
SODIUM ITACONATE,C(C(=C)CC(=O)[O-])(=O)[O-].[Na+].[Na+],20
SODIUM METHACRYLATE,C(C(=C)C)(=O)[O-].[Na+],20
SODIUM p-STYRENE SULFONATE,C=CC1=CC=C(C=C1)S(=O)(=O)[O-].[Na+],-1
SODIUM TRIFLUOROACETATE,FC(C(=O)[O-])(F)F.[Na+],-1
SODIUM TRIFLUOROMETHANESULFONATE,FC(S(=O)(=O)[O-])(F)F.[Na+],-1
STRONTIUM ACETATE,C(C)(=O)[O-].[Sr+2].C(C)(=O)[O-],20
SILVER ACETATE,C(C)(=O)[O-].[Ag+],1
SILVER ACRYLATE,C(C=C)(=O)[O-].[Ag+],-1
SILVER LACTATE,C(C(O)C)(=O)[O-].[Ag+],0
SILVER METHACRYLATE,C(C(=C)C)(=O)[O-].[Ag+],20
SILVER NEODECANOATE,C(CCCCCC(C)(C)C)(=O)[O-].[Ag+],102
SILVER TRIFLUOROACETATE,FC(C(=O)[O-])(F)F.[Ag+],1
TERBIUM ACETATE,C(C)(=O)[O-].[Tb+3].C(C)(=O)[O-].C(C)(=O)[O-],1
YTTERBIUM ACETATE,C(C)(=O)[O-].[Yb+3].C(C)(=O)[O-].C(C)(=O)[O-],110
YTTERBIUM TRIFLUOROMETHANESULFONATE,FC(S(=O)(=O)[O-])(F)F.[Yb+3].FC(S(=O)(=O)[O-])(F)F.FC(S(=O)(=O)[O-])(F)F,110
YTTRIUM ACETATE,C(C)(=O)[O-].[Y+3].C(C)(=O)[O-].C(C)(=O)[O-],110
YTTRIUM METHACRYLATE,C(C(=C)C)(=O)[O-].[Y+3].C(C(=C)C)(=O)[O-].C(C(=C)C)(=O)[O-],20
YTTRIUM TRIFLUOROACETATE,FC(C(=O)[O-])(F)F.[Y+3].FC(C(=O)[O-])(F)F.FC(C(=O)[O-])(F)F,20
YTTRIUM TRIFLUOROMETHANESULFONATE,FC(S(=O)(=O)[O-])(F)F.[Y+3].FC(S(=O)(=O)[O-])(F)F.FC(S(=O)(=O)[O-])(F)F,110
ZINC ACETATE,C(C)(=O)[O-].[Zn+2].C(C)(=O)[O-],110
ZINC ACRYLATE,C(C=C)(=O)[O-].[Zn+2].C(C=C)(=O)[O-],110
ZINC 2-ETHYLHEXANOATE,C(C)C(C(=O)[O-])CCCC.[Zn+2].C(C)C(C(=O)[O-])CCCC,127
ZINC FORMATE,C(=O)[O-].[Zn+2].C(=O)[O-],110
ZINC METHACRYLATE,C(C(=C)C)(=O)[O-].[Zn+2].C(C(=C)C)(=O)[O-],20
ZINC NEODECANOATE,C(CCCCCC(C)(C)C)(=O)[O-].[Zn+2].C(CCCCCC(C)(C)C)(=O)[O-],102
ZINC TRIFLUOROMETHANESULFONATE,FC(S(=O)(=O)[O-])(F)F.[Zn+2].FC(S(=O)(=O)[O-])(F)F,-1
ZINC UNDECYLENATE,C(CCCCCCCCC=C)(=O)[O-].[Zn+2].C(CCCCCCCCC=C)(=O)[O-],20
ZIRCONIUM 2-ETHYLHEXANOATE,C(C)C(C(=O)[O-])CCCC.[Zr+4].C(C)C(C(=O)[O-])CCCC.C(C)C(C(=O)[O-])CCCC.C(C)C(C(=O)[O-])CCCC,65
ZIRCONIUM METHACRYLATE,C(C(=C)C)(=O)[O-].[Zr+4].C(C(=C)C)(=O)[O-].C(C(=C)C)(=O)[O-].C(C(=C)C)(=O)[O-],110
ALUMINUM YTTRIUM,[Y].[Al],35
LITHIUM TANTALUM,[Ta].[Li],35
STRONTIUM TITANIUM,[Ti].[Sr],39
STRONTIUM ZIRCONIUM,[Zr].[Sr],29
ISOBUTYLGERMANE,C(C(C)C)[GeH3],23
BORAZINE,N1BNBNB1,23
GALLIUM TRIIODIDE,[Ga](I)(I)I,20
HAFNIUM TETRACHLORIDE,[Cl-].[Cl-].[Cl-].[Cl-].[Hf+4],1
LITHIUM ALUMINUM HYDRIDE,[AlH4-].[Li+],20
TITANIUM TETRACHLORIDE,[Ti](Cl)(Cl)(Cl)Cl,104
ZIRCONIUM TETRACHLORIDE,[Cl-].[Cl-].[Cl-].[Cl-].[Zr+4],1
DIISOBUTYLALUMINUM HYDRIDE,C(C(C)C)[AlH]CC(C)C,4
DIMETHYLALUMINUM CHLORIDE,C[Al](C)Cl,18
DIMETHYLISOPROPOXYALUMINUM,C[Al](OC(C)C)C,5
ETHYLALUMINUM DICHLORIDE,C(C)[Al](Cl)Cl,4
TRIMETHYLALUMINUM,C[Al](C)C,4
p-(OCTYLOXYPHENYL)PHENYLIODONIUM HEXAFLUOROANTIMONATE,F[Sb-](F)(F)(F)(F)F.C(CCCCCCC)OC1=C(C=CC=C1)C1=CC=C(C=C1)[IH+],110
TRIPHENYLANTIMONY,C1(=CC=CC=C1)[Sb](C1=CC=CC=C1)C1=CC=CC=C1,-1
TRIS(DIMETHYLAMINO)ANTIMONY,CN(C)[Sb](N(C)C)N(C)C,60
TRIPHENYLARSINE,C1(=CC=CC=C1)[As](C1=CC=CC=C1)C1=CC=CC=C1,200
TRIS(DIMETHYLAMINO)ARSINE,CN(C)[As](N(C)C)N(C)C,60
TRIPHENYLBISMUTH,C1(=CC=CC=C1)[Bi](C1=CC=CC=C1)C1=CC=CC=C1,200
TRIPHENYLBORANE,C1(=CC=CC=C1)B(C1=CC=CC=C1)C1=CC=CC=C1,65
TRIS(PENTAFLUOROPHENYL)BORON,FC1=C(C(=C(C(=C1B(C1=C(C(=C(C(=C1F)F)F)F)F)C1=C(C(=C(C(=C1F)F)F)F)F)F)F)F)F,20
DIMETHYLCADMIUM,C[Cd]C,18
VINYLFERROCENE,C(=C)[C-]1C=CC=C1.[CH-]1C=CC=C1.[Fe+2],62
DIETHYLGALLIUM CHLORIDE,[Cl-].C(C)[Ga+]CC,0
TRIETHYLGALLIUM,C(C)[Ga](CC)CC,0
TRIMETHYLGALLIUM,C[Ga](C)C,1
TRIS(DIMETHYLAMINO)GALLIUM,CN(C)[Ga](N(C)C)N(C)C,56
TRIETHYLPHOSPHINE GOLD(I) CHLORIDE,[Au]Cl.C(C)P(CC)CC,20
HAFNIUM DIETHYLAMIDE,C(C)[N-]CC.[Hf+4].C(C)[N-]CC.C(C)[N-]CC.C(C)[N-]CC,65
HAFNIUM DIMETHYLAMIDE,C[N-]C.[Hf+4].C[N-]C.C[N-]C.C[N-]C,65
HAFNIUM TETRAKIS(ETHYLMETHYLAMIDE),C(C)[N-]C.C(C)[N-]C.C(C)[N-]C.C(C)[N-]C.[Hf+4],10
TRIMETHYLINDIUM,C[In](C)C,0
IRIDIUM(I) CYCLOOCTADIENE CHLORIDE,[Cl-].C1=CC=CCCCC1.[Ir+],110
n-BUTYLLITHIUM,C(CCC)[Li],23
t-BUTYLDICHLOROPHOSPHINE,C(C)(C)(C)P(Cl)Cl,-1
1-BUTYL-3-METHYLIMIDAZOLIUM HEXAFLUOROPHOSPHATE,F[P-](F)(F)(F)(F)F.C(CCC)[N+]1=CN(C=C1)C,150
DICYCLOHEXYLPHOSPHINE,C1(CCCCC1)PC1CCCCC1,110
DIETHYLOCTADECYLPHOSPHONATE,C(C)OP(OCC)(=O)CCCCCCCCCCCCCCCCCC,-1
DIPHENYLCHLOROPHOSPHINE,C1(=CC=CC=C1)P(Cl)C1=CC=CC=C1,326
DIETHYLPHOSPHITE,C(C)OP(OCC)[O-],90
DIPHENYLPHOSPHINE,C1(=CC=CC=C1)PC1=CC=CC=C1,110
DIPHENYLPHOSPHORYL AZIDE,C1(=CC=CC=C1)P(=O)(C1=CC=CC=C1)N=[N+]=[N-],112
DODECYLPHOSPHONIC ACID,C(CCCCCCCCCCC)P(O)(O)=O,110
HEXADECYLPHOSPHONIC ACID,C(CCCCCCCCCCCCCCC)P(O)(O)=O,-1
HEXYLPHOSPHONIC ACID,C(CCCCC)P(O)(O)=O,-1
OCTYLPHOSPHONIC ACID,C(CCCCCCC)P(O)(O)=O,110
OCTADECYLPHOSPHONIC ACID,C(CCCCCCCCCCCCCCCCC)P(O)(O)=O,110
TETRABUTYLPHOSPHONIUM CHLORIDE,[Cl-].C(CCC)[P+](CCCC)(CCCC)CCCC,450
TETRADECYL(TRIHEXYL)PHOSPHONIUM CHLORIDE,[Cl-].C(CCCCCCCCCCCCC)[P+](CCCCCC)(CCCCCC)CCCCCC,118
TRI-n-BUTYLTETRADECYLPHOSPHONIUM CHLORIDE,[Cl-].C(CCC)[P+](CCCCCCCCCCCCCC)(CCCC)CCCC,20
TRIETHYLPHOSPHATE,C(C)OP(=O)(OCC)OCC,116
TRIETHYLPHOSPHITE,C(C)OP(OCC)OCC,54
TRIMETHYLPHOSPHITE,COP(OC)OC,27
TRIOCTYLPHOSPHINE,C(CCCCCCC)P(CCCCCCCC)CCCCCCCC,147
TRIPHENYLPHOSPHINE,C1(=CC=CC=C1)P(C1=CC=CC=C1)C1=CC=CC=C1,182
TRIS(4-ISOCYANATOPHENYL)THIOPHOSPHATE,N(=C=O)C1=CC=C(C=C1)OP(=S)(OC1=CC=C(C=C1)N=C=O)OC1=CC=C(C=C1)N=C=O,4
PHENANTHROLINE RUTHENIUM DICHLORIDE,[Ru](Cl)Cl.N1=CC=CC2=CC=C3C=CC=NC3=C12,110
DIETHYLRUTHENOCENE,C(C)[C-]1C=CC=C1.[C-]1(C=CC=C1)CC.[Ru+2],110
TANTALUM PENTAKIS(DIMETHYLAMIDE),C[N-]C.C[N-]C.C[N-]C.C[N-]C.C[N-]C.[Ta+5],65
BIS(t-BUTYLCYCLOPENTADIENYL)TITANIUM DICHLORIDE,[Cl-].[Cl-].C(C)(C)(C)C1(C=CC=C1)[Ti+2]C1(C=CC=C1)C(C)(C)C,-1
BIS(CYCLOPENTADIENYL)TITANIUM(III) CHLORIDE,[Cl-].C1(C=CC=C1)[Ti+]C1C=CC=C1,110
BIS(PENTAMETHYLCYCLOPENTADIENYL)TITANIUM DICHLORIDE,[Cl-].[Cl-].CC1=C(C(=C(C1(C)[Ti+2]C1(C(=C(C(=C1C)C)C)C)C)C)C)C,110
CYCLOPENTADIENYLTITANIUM TRICHLORIDE,[Cl-].[Cl-].[Cl-].C1(C=CC=C1)[Ti+3],210
METHYLTITANIUM TRIISOPROPOXIDE,CC([O-])C.CC([O-])C.CC([O-])C.C[Ti+3],14
PHENYLTITANIUM TRIISOPROPOXIDE,CC([O-])C.CC([O-])C.CC([O-])C.C1(=CC=CC=C1)[Ti+3],14
TITANIUM TETRAKIS(DIETHYLAMIDE),C(C)[N-]CC.C(C)[N-]CC.C(C)[N-]CC.C(C)[N-]CC.[Ti+4],37
TITANIUM TETRAKIS(DIMETHYLAMIDE),C[N-]C.C[N-]C.C[N-]C.C[N-]C.[Ti+4],-1
TITANIUM TETRAKIS(ETHYLMETHYLAMIDE),C(C)[N-]C.C(C)[N-]C.C(C)[N-]C.C(C)[N-]C.[Ti+4],10
TITANOCENE DICHLORIDE,[Cl-].[Cl-].[CH-]1C=CC=C1.[CH-]1C=CC=C1.[Ti+2],110
DIETHYLZINC,C(C)[Zn]CC,4
BIS(n-BUTYLCYCLOPENTADIENYL)ZIRCONIUM DICHLORIDE,[Cl-].[Cl-].C(CCC)C1(C=CC=C1)[Zr+2]C1(C=CC=C1)CCCC,20
BIS(PENTAMETHYLCYCLOPENTADIENYL)ZIRCONIUM DICHLORIDE,[Cl-].[Cl-].CC1=C(C(=C(C1(C)[Zr+2]C1(C(=C(C(=C1C)C)C)C)C)C)C)C,110
ZIRCONIUM TETRAKIS(DIMETHYLAMIDE),C[N-]C.C[N-]C.C[N-]C.C[N-]C.[Zr+4],65
ZIRCONIUM TETRAKIS(ETHYLMETHYLAMIDE),C(C)[N-]C.C(C)[N-]C.C(C)[N-]C.C(C)[N-]C.[Zr+4],-1
ZIRCONOCENE DICHLORIDE,[Cl-].[Cl-].[CH-]1C=CC=C1.[CH-]1C=CC=C1.[Zr+2],110
LEAD(II) ACETATE,C(C)(=O)[O-].[Pb+2].C(C)(=O)[O-],20
LEAD(II) ACRYLATE,C(C=C)(=O)[O-].[Pb+2].C(C=C)(=O)[O-],20
LEAD(II) 2-ETHYLHEXANOATE,C(C)C(C(=O)[O-])CCCC.[Pb+2].C(C)C(C(=O)[O-])CCCC,20
LEAD MONOSILICATE,[Si]([O-])([O-])([O-])[O-].[Pb+4],20
LEAD(II) NITRATE,[N+](=O)([O-])[O-].[Pb+2].[N+](=O)([O-])[O-],20
TETRAETHYLLEAD,C(C)[Pb](CC)(CC)CC,73
LEAD(II) TRIFLUOROACETATE,FC(C(=O)[O-])(F)F.[Pb+2].FC(C(=O)[O-])(F)F,20
LITHIUM TRIMETHYLSILANOLATE,C[Si]([O-])(C)C.[Li+],4
POTASSIUM PHENYLDIMETHYLSILANOLATE,C1(=CC=CC=C1)[Si]([O-])(C)C.[K+],65
TRIS(TRIMETHYLSILOXY)BORON,C[Si](OB(O[Si](C)(C)C)O[Si](C)(C)C)(C)C,42
ACRYLOXYTRI-n-BUTYLTIN,C(C=C)(=O)O[Sn](CCCC)(CCCC)CCCC,76
ACRYLOXYTRIPHENYLTIN,C(C=C)(=O)O[Sn](C1=CC=CC=C1)(C1=CC=CC=C1)C1=CC=CC=C1,76
ALLYLTRI-n-BUTYLTIN,C(C=C)[Sn](CCCC)(CCCC)CCCC,103
ALLYLTRIPHENYLTIN,C(C=C)[Sn](C1=CC=CC=C1)(C1=CC=CC=C1)C1=CC=CC=C1,110
BIS[BIS(TRIMETHYLSILYL)AMINO]TIN(II),C[Si](C)(C)N([Si](C)(C)C)[Sn]N([Si](C)(C)C)[Si](C)(C)C,56
BIS(TRI-n-BUTYLSTANNYL)ACETYLENE,C(CCC)[Sn](CCCC)(CCCC)C#C[Sn](CCCC)(CCCC)CCCC,110
BIS(TRI-n-BUTYLSTANNYL)ETHYLENE,C(CCC)[Sn](CCCC)(CCCC)C=C[Sn](CCCC)(CCCC)CCCC,110
t-BUTYLTRI n-BUTYLTIN,C(C)(C)(C)[Sn](CCCC)(CCCC)CCCC,102
n-BUTYLTRICHLOROTIN,C(CCC)[Sn](Cl)(Cl)Cl,110
CARBOMETHOXYETHYLTRICHLOROTIN,C(=O)(OC)CC[Sn](Cl)(Cl)Cl,110
CHLOROMETHYLTRIMETHYLTIN,ClC[Sn](C)(C)C,39
CYCLOPENTADIENYLTRI-n-BUTYLTIN,C1(C=CC=C1)[Sn](CCCC)(CCCC)CCCC,110
DIACETOXYTIN,C(C)(=O)O[Sn]OC(C)=O,110
DIALLYLDIBROMOTIN,C(C=C)[Sn](Br)(Br)CC=C,110
DIALLYLDI-n-BUTYLTIN,C(C=C)[Sn](CCCC)(CCCC)CC=C,101
DI-n-BUTYLBIS(DODECYLTHIO)TIN,C(CCC)[Sn](SCCCCCCCCCCCC)(SCCCCCCCCCCCC)CCCC,204
DI-n-BUTYLBUTOXYCHLOROTIN,C(CCC)[Sn](Cl)(OCCCC)CCCC,110
DI-n-BUTYLDIACETOXYTIN,C(CCC)[Sn](OC(C)=O)(OC(C)=O)CCCC,143
DI-n-BUTYLDI-n-BUTOXYTIN,C(CCC)[Sn](OCCCC)(OCCCC)CCCC,116
DI-n-BUTYLDICHLOROTIN,C(CCC)[Sn](Cl)(Cl)CCCC,168
DI-t-BUTYLDICHLOROTIN,C(C)(C)(C)[Sn](Cl)(Cl)C(C)(C)C,113
DI-n-BUTYLDIFLUOROTIN,C(CCC)[Sn](F)(F)CCCC,150
DI-n-BUTYLDILAURYLTIN,C(CCC)[Sn](CCCCCCCCCCCC)(CCCCCCCCCCCC)CCCC,-1
DI-n-BUTYLDIMETHOXYTIN,C(CCC)[Sn](OC)(OC)CCCC,110
DI-n-BUTYLDIMETHYLTIN,C(CCC)[Sn](C)(C)CCCC,65
DI-n-BUTYLTIN OXIDE,C(CCC)[Sn](CCCC)=O,280
DI-t-BUTYLTIN OXIDE,C(C)(C)(C)[Sn](C(C)(C)C)=O,0
DI-n-BUTYLTIN SULFIDE,C(CCC)[Sn](CCCC)=S,110
DIETHYLTIN OXIDE,C(C)[Sn](CC)=O,0
DICYCLOHEXYLDICHLOROTIN,C1(CCCCC1)[Sn](Cl)(Cl)C1CCCCC1,110
DICYCLOHEXYLDIMETHYLTIN,C1(CCCCC1)[Sn](C)(C)C1CCCCC1,65
DIETHYLDICHLOROTIN,C(C)[Sn](Cl)(Cl)CC,20
DIMETHYLAMINOTRI-n-BUTYLTIN,CN(C)[Sn](CCCC)(CCCC)CCCC,115
DIMETHYLAMINOTRIMETHYLTIN,CN(C)[Sn](C)(C)C,1
DIMETHYLBIS(DODECYLTHIO)TIN,C[Sn](SCCCCCCCCCCCC)(SCCCCCCCCCCCC)C,204
DIMETHYLDICHLOROTIN,C[Sn](Cl)(Cl)C,20
DIMETHYLDIFLUOROTIN,C[Sn](F)(F)C,20
DIMETHYLDIIODOTIN,C[Sn](I)(I)C,65
DIMETHYLTIN OXIDE,C[Sn](C)=O,0
DINEOPHYLDICHLOROTIN,C(C(C)(C)C1=CC=CC=C1)[Sn](Cl)(Cl)CC(C)(C)C1=CC=CC=C1,150
DIOCTYLDICHLOROTIN,C(CCCCCCC)[Sn](Cl)(Cl)CCCCCCCC,204
DIOCTYLDILAURYLTIN,C(CCCCCCC)[Sn](CCCCCCCCCCCC)(CCCCCCCCCCCC)CCCCCCCC,70
DIOCTYLTIN OXIDE,C(CCCCCCC)[Sn](CCCCCCCC)=O,20
DIPHENYLDICHLOROTIN,C1(=CC=CC=C1)[Sn](Cl)(Cl)C1=CC=CC=C1,150
DIPHENYLTIN OXIDE,C1(=CC=CC=C1)[Sn](C1=CC=CC=C1)=O,205
DI-n-PROPYLDICHLOROTIN,C(CC)[Sn](Cl)(Cl)CCC,110
DIVINYLDI-n-BUTYLTIN,C(=C)[Sn](CCCC)(CCCC)C=C,65
DIVINYLDICHLOROTIN,C(=C)[Sn](Cl)(Cl)C=C,204
1-ETHOXYVINYLTRI-n-BUTYLTIN,C(C)OC(=C)[Sn](CCCC)(CCCC)CCCC,113
ETHYNYLTRI-n-BUTYLTIN,C(#C)[Sn](CCCC)(CCCC)CCCC,73
ETHYLTRIMETHYLTIN,C(C)[Sn](C)(C)C,20
p-FLUOROPHENYLTRI-n-BUTYLTIN,FC1=CC=C(C=C1)[Sn](CCCC)(CCCC)CCCC,110
METHACRYLOXYTRI-n-BUTYLTIN,C(C(=C)C)(=O)O[Sn](CCCC)(CCCC)CCCC,76
METHYLTRICHLOROTIN,C[Sn](Cl)(Cl)Cl,110
OCTYLTRICHLOROTIN,C(CCCCCCC)[Sn](Cl)(Cl)Cl,121
PHENYLETHYNYLTRI-n-BUTYLTIN,C1(=CC=CC=C1)C#C[Sn](CCCC)(CCCC)CCCC,113
PHENYLTRI-n-BUTYLTIN,C1(=CC=CC=C1)[Sn](CCCC)(CCCC)CCCC,107
PHENYLTHIOTRI-n-BUTYLTIN,C1(=CC=CC=C1)S[Sn](CCCC)(CCCC)CCCC,104
PHENYLTRICHLOROTIN,C1(=CC=CC=C1)[Sn](Cl)(Cl)Cl,110
PROPYNYLTRI-n-BUTYLTIN,C(#CC)[Sn](CCCC)(CCCC)CCCC,110
2-PYRIDYLTRI-n-BUTYLTIN,N1=C(C=CC=C1)[Sn](CCCC)(CCCC)CCCC,110
SODIUM TIN ETHOXIDE,[O-]CC.[Sn+4].[Na+].[O-]CC.[O-]CC.[O-]CC.[O-]CC,110
TETRAACETOXYTIN,C(C)(=O)O[Sn](OC(C)=O)(OC(C)=O)OC(C)=O,110
TETRAALLYLTIN,C(C=C)[Sn](CC=C)(CC=C)CC=C,75
TETRA-t-BUTOXYTIN,C(C)(C)(C)O[Sn](OC(C)(C)C)(OC(C)(C)C)OC(C)(C)C,65
TETRABUTYLDILAURYLDISTANNOXANE,C(CCC)[Sn](O[Sn](CCCCCCCCCCCC)(CCCCCCCCCCCC)CCCC)(CCCC)CCCC,231
TETRA-n-BUTYLTIN,C(CCC)[Sn](CCCC)(CCCC)CCCC,107
TETRACYCLOHEXYLTIN,C1(CCCCC1)[Sn](C1CCCCC1)(C1CCCCC1)C1CCCCC1,110
TETRAETHYLTIN,C(C)[Sn](CC)(CC)CC,53
TETRAISOPROPYLTIN,C(C)(C)[Sn](C(C)C)(C(C)C)C(C)C,1
TETRAKIS(DIETHYLAMINO)TIN,C(C)N(CC)[Sn](N(CC)CC)(N(CC)CC)N(CC)CC,39
TETRAKIS(DIMETHYLAMINO)TIN,CN(C)[Sn](N(C)C)(N(C)C)N(C)C,25
TETRAMETHYLTIN,C[Sn](C)(C)C,12
TETRA-n-PENTYLTIN,C(CCCC)[Sn](CCCCC)(CCCCC)CCCCC,110
TETRA-n-OCTYLTIN,C(CCCCCCC)[Sn](CCCCCCCC)(CCCCCCCC)CCCCCCCC,94
TETRAPHENYLTIN,C1(=CC=CC=C1)[Sn](C1=CC=CC=C1)(C1=CC=CC=C1)C1=CC=CC=C1,231
TETRA-n-PROPYLTIN,C(CC)[Sn](CCC)(CCC)CCC,65
TETRA-p-TOLYLTIN,C1(=CC=C(C=C1)[Sn](C1=CC=C(C=C1)C)(C1=CC=C(C=C1)C)C1=CC=C(C=C1)C)C,200
TETRAVINYLTIN,C(=C)[Sn](C=C)(C=C)C=C,40
2-THIENYLTRI-n-BUTYLTIN,S1C(=CC=C1)[Sn](CCCC)(CCCC)CCCC,106
TIN,[Sn],1166
TIN(II) CHLORIDE,[Sn](Cl)Cl,20
TIN(IV) CHLORIDE,[Sn](Cl)(Cl)(Cl)Cl,50
TIN(II) FLUORIDE,[Sn](F)F,-1
TIN(IV) IODIDE,[Sn](I)(I)(I)I,20
TIN(II) METHANESULFONATE,CS(=O)(=O)[O-].[Sn+2].CS(=O)(=O)[O-],0
TIN(II) OLEATE,C(CCCCCCC\C=C/CCCCCCCC)(=O)[O-].[Sn+2].C(CCCCCCC\C=C/CCCCCCCC)(=O)[O-],110
TIN(II) OXALATE,C(C(=O)[O-])(=O)[O-].[Sn+2],0
TIN(II) OXIDE,[Sn]=O,0
TIN(IV) OXIDE,[Sn](=O)=O,0
TIN(II) PYROPHOSPHATE,[O-]P([O-])(=O)OP(=O)([O-])[O-].[Sn+2].[Sn+2],-1
TRI-n-BUTYLACETOXYTIN,C(CCC)C(C(=O)O[Sn])(CCCC)CCCC,120
TRI-n-BUTYLAZIDOTIN,C(CCC)[Sn](N=[N+]=[N-])(CCCC)CCCC,110
TRI-n-BUTYLBENZOYLOXYTIN,C(CCC)[Sn](OC(C1=CC=CC=C1)=O)(CCCC)CCCC,174
TRI-n-BUTYLBROMOTIN,C(CCC)[Sn](Br)(CCCC)CCCC,120
TRI-n-BUTYLCHLOROTIN,C(CCC)[Sn](Cl)(CCCC)CCCC,120
TRI-n-BUTYLETHOXYTIN,C(CCC)[Sn](OCC)(CCCC)CCCC,104
TRI-n-BUTYLFLUOROTIN,C(CCC)[Sn](F)(CCCC)CCCC,150
TRI-n-BUTYLIODOTIN,C(CCC)[Sn](I)(CCCC)CCCC,113
TRI-n-BUTYLMETHOXYTIN,C(CCC)[Sn](OC)(CCCC)CCCC,98
TRI-n-BUTYLMETHYLTIN,C(CCC)[Sn](C)(CCCC)CCCC,100
TRI-n-BUTYLTIN HYDRIDE,C(CCC)[SnH](CCCC)CCCC,40
TRICYCLOHEXYLCHLOROTIN,C1(CCCCC1)[Sn](Cl)(C1CCCCC1)C1CCCCC1,150
TRICYCLOHEXYLTIN HYDRIDE,C1(CCCCC1)[SnH](C1CCCCC1)C1CCCCC1,105
TRIETHYLBROMOTIN,C(C)[Sn](Br)(CC)CC,99
TRIMETHYLCHLOROTIN,C[Sn](Cl)(C)C,97
TRIMETHYLFLUOROTIN,C[Sn](F)(C)C,65
TRIMETHYLIODOTIN,C[Sn](I)(C)C,65
TRI-n-PENTYLCHLOROTIN,C(CCCC)[Sn](Cl)(CCCCC)CCCCC,120
TRI-n-BUTYLSTANNYLTRIMETHYLSILANE,C(CCC)[Sn](CCCC)(CCCC)[Si](C)(C)C,110
TRIPHENYLACETOXYTIN,C1(=CC=CC=C1)C(C(=O)O[Sn])(C1=CC=CC=C1)C1=CC=CC=C1,110
TRINEOPHYLTIN HYDRIDE,C(C(C)(C)C1=CC=CC=C1)[SnH](CC(C)(C)C1=CC=CC=C1)CC(C)(C)C1=CC=CC=C1,110
TRI-n-OCTYLCHLOROTIN,C(CCCCCCC)[Sn](Cl)(CCCCCCCC)CCCCCCCC,204
TRIPHENYLCHLOROTIN,C1(=CC=CC=C1)[Sn](Cl)(C1=CC=CC=C1)C1=CC=CC=C1,70
TRIPHENYLFLUOROTIN,C1(=CC=CC=C1)[Sn](F)(C1=CC=CC=C1)C1=CC=CC=C1,20
TRIPHENYLHYDROXYTIN,C1(=CC=CC=C1)[Sn](O)(C1=CC=CC=C1)C1=CC=CC=C1,110
TRIPHENYLIODOTIN,C1(=CC=CC=C1)[Sn](I)(C1=CC=CC=C1)C1=CC=CC=C1,110
TRIPHENYLTIN HYDRIDE,C1(=CC=CC=C1)[SnH](C1=CC=CC=C1)C1=CC=CC=C1,110
TRI-n-PROPYLCHLOROTIN,C(CC)[Sn](Cl)(CCC)CCC,110
VINYLTRI-n-BUTYLTIN,C(=C)[Sn](CCCC)(CCCC)CCCC,110
