,compound,smiles,flashPoint
0,(3-ACETAMIDOPROPYL)TRIMETHOXYSILANE,C(C)(=O)NCCC[Si](OC)(OC)OC,65
1,ACETOXYETHYLDIMETHYLCHLOROSILANE,C(C)(=O)OCC[Si](Cl)(C)C,63
2,ACETOXYETHYLMETHYLDICHLOROSILANE,C(C)(=O)OCC[Si](Cl)(Cl)C,65
3,ACETOXYETHYLTRICHLOROSILANE,C(C)(=O)OCC[Si](Cl)(Cl)Cl,82
4,ACETOXYETHYLTRIETHOXYSILANE,C(C)(=O)OCC[Si](OCC)(OCC)OCC,99
5,ACETOXYETHYLTRIMETHOXYSILANE,C(C)(=O)OCC[Si](OC)(OC)OC,60
6,ACETOXYETHYLTRIS(DIMETHYLAMINO)SILANE,C(C)(=O)OCC[Si](N(C)C)(N(C)C)N(C)C,40
7,ACETOXYHEPTAMETHYLCYCLOTETRASILOXANE,C(C)(=O)O[Si]1(O[Si](O[Si](O[Si](O1)(C)C)(C)C)(C)C)C,65
8,ACETOXYMETHYLTRIETHOXYSILANE,C(C)(=O)OC[Si](OCC)(OCC)OCC,60
9,ACETOXYMETHYLTRIMETHYLSILANE,C(C)(=O)OC[Si](C)(C)C,20
10,4-ACETOXYPHENETHYLTRICHLOROSILANE,C(C)(=O)OC1=CC=C(CC[Si](Cl)(Cl)Cl)C=C1,110
11,3-(3-ACETOXYPROPYL)HEPTAMETHYLTRISILOXANE,C(C)(=O)OCCC[Si](O[Si](C)(C)C)(O[Si](C)(C)C)C,65
12,3-ACETOXYPROPYLMETHYLDICHLOROSILANE,C(C)(=O)OCCC[Si](Cl)(Cl)C,85
13,3-ACETOXYPROPYLMETHYLDIMETHOXYSILANE,C(C)(=O)OCCC[Si](OC)(OC)C,-1
14,3-ACETOXYPROPYLTRIMETHOXYSILANE,C(C)(=O)OCCC[Si](OC)(OC)OC,93
15,ACETOXYTRIMETHYLSILANE,C(C)(=O)O[Si](C)(C)C,4
16,11-ACETOXYUNDECYLTRICHLOROSILANE,C(C)(=O)OCCCCCCCCCCC[Si](Cl)(Cl)Cl,-1
17,11-ACETOXYUNDECYLTRIETHOXYSILANE,C(C)(=O)OCCCCCCCCCCC[Si](OCC)(OCC)OCC,150
18,N-(ACETYLGLYCYL)-3-AMINOPROPYLTRIMETHOXYSILANE,C(C)(=O)NCC(=O)NCCC[Si](OC)(OC)OC,11
19,3-(N-ACETYL-4-HYDROXYPROLYLOXY)PROPYLTRIETHOXYSILANE,C(C)(=O)N1[C@@H](CC(C1)O)C(=O)OCCC[Si](OCC)(OCC)OCC,15
20,N-(N-ACETYLLEUCYL)-3-AMINOPROPYLTRIETHOXYSILANE,C(C)(=O)N[C@@H](CC(C)C)C(=O)NCCC[Si](OCC)(OCC)OCC,15
21,ACETYLTRIMETHYLSILANE,C(C)(=O)[Si](C)(C)C,8
22,3-ACRYLAMIDOPROPYLTRIMETHOXYSILANE,C(C=C)(=O)NCCC[Si](OC)(OC)OC,110
23,3-ACRYLAMIDOPROPYLTRIS(TRIMETHYLSILOXY)SILANE,C(C=C)(=O)NCCC[Si](O[Si](C)(C)C)(O[Si](C)(C)C)O[Si](C)(C)C,110
24,(2-ACRYLOXYETHOXY)TRIMETHYLSILANE,C(C=C)(=O)OCCO[Si](C)(C)C,65
25,N-(3-ACRYLOXY-2-HYDROXYPROPYL)-3-AMINOPROPYLTRIETHOXYSILANE,C(C=C)(=O)OCC(CNCCC[Si](OCC)(OCC)OCC)O,15
26,ACRYLOXYMETHYLTRIMETHOXYSILANE,C(C=C)(=O)OC[Si](OC)(OC)OC,62
27,(ACRYLOXYMETHYL)PHENETHYLTRIMETHOXYSILANE,C(C=C)(=O)OCCO[Si](OC)(OC)CCC1=CC=CC=C1,20
28,ACRYLOXYMETHYLTRIMETHYLSILANE,C(C=C)(=O)OC[Si](C)(C)C,20
29,(3-ACRYLOXYPROPYL)DIMETHYLMETHOXYSILANE,C(C=C)(=O)OCCC[Si](OC)(C)C,85
30,(3-ACRYLOXYPROPYL)METHYLBIS(TRIMETHYLSILOXY)SILANE,C(C=C)(=O)OCCC[Si](O[Si](C)(C)C)(O[Si](C)(C)C)C,110
31,(3-ACRYLOXYPROPYL)METHYLDICHLOROSILANE,C(C=C)(=O)OCCC[Si](Cl)(Cl)C,100
32,(3-ACRYLOXYPROPYL)METHYLDIETHOXYSILANE,C(C=C)(=O)OCCC[Si](OCC)(OCC)C,110
33,(3-ACRYLOXYPROPYL)TRICHLOROSILANE,C(C=C)(=O)OCCC[Si](Cl)(Cl)Cl,110
34,(3-ACRYLOXYPROPYL)TRIMETHOXYSILANE,C(C=C)(=O)OCCC[Si](OC)(OC)OC,123
35,(3-ACRYLOXYPROPYL)TRIS(TRIMETHYLSILOXY)SILANE,C(C=C)(=O)OCCC[Si](O[Si](C)(C)C)(O[Si](C)(C)C)O[Si](C)(C)C,93
36,ACRYLOXYTRIISOPROPYLSILANE,C(C=C)(=O)O[Si](C(C)C)(C(C)C)C(C)C,65
37,ACRYLOXYTRIMETHYLSILANE,C(C=C)(=O)O[Si](C)(C)C,26
38,ADAMANTYLETHYLTRICHLOROSILANE,C12(CC3CC(CC(C1)C3)C2)CC[Si](Cl)(Cl)Cl,155
39,3-(N-ALLYLAMINO)PROPYLTRIMETHOXYSILANE,C(C=C)NCCC[Si](OC)(OC)OC,88
40,ALLYLAMINOTRIMETHYLSILANE,C(C=C)N[Si](C)(C)C,10
41,ALLYL(CHLOROMETHYL)DIMETHYLSILANE,C(C=C)[Si](C)(C)CCl,27
42,ALLYL(3-CHLOROPROPYL)DICHLOROSILANE,C(C=C)[Si](Cl)(Cl)CCCCl,76
43,ALLYLDICHLOROSILANE,C(C=C)[SiH](Cl)Cl,4
44,ALLYLDIMETHOXYSILANE,C(C=C)[SiH](OC)OC,38
45,ALLYLDIMETHYLCHLOROSILANE,C(C=C)[Si](Cl)(C)C,5
46,ALLYLDIMETHYL(DIISOPROPYLAMINO)SILANE,C(C=C)[Si](N(C(C)C)C(C)C)(C)C,62
47,ALLYLDIMETHYLSILANE,C(C=C)[SiH](C)C,20
48,ALLYL(4-METHOXYPHENYL)DIMETHYLSILANE,C(C=C)[Si](C)(C)C1=CC=C(C=C1)OC,102
49,ALLYLMETHYLDICHLOROSILANE,C(C=C)C[SiH](Cl)Cl,27
50,ALLYLOXY-t-BUTYLDIMETHYLSILANE,C(C=C)O[Si](C)(C)C(C)(C)C,32
51,ALLYLOXYTRIMETHYLSILANE,C(C=C)O[Si](C)(C)C,0
52,ALLYLMETHYLDIMETHOXYSILANE,C(C=C)C[SiH](OC)OC,40
53,ALLYLPHENYLDICHLOROSILANE,C(C=C)[Si](Cl)(Cl)C1=CC=CC=C1,76
54,m-ALLYLPHENYLPROPYLTRIETHOXYSILANE,C(C=C)C=1C=C(C=CC1)CCC[Si](OCC)(OCC)OCC,110
55,ALLYLTRICHLOROSILANE,C(C=C)[Si](Cl)(Cl)Cl,31
56,ALLYLTRIETHOXYSILANE,C(C=C)[Si](OCC)(OCC)OCC,47
57,ALLYLTRIISOPROPYLSILANE,C(C=C)[Si](C(C)C)(C(C)C)C(C)C,76
58,ALLYLTRIMETHOXYSILANE,C(C=C)[Si](OC)(OC)OC,46
59,ALLYLTRIMETHYLSILANE,C(C=C)[Si](C)(C)C,7
60,ALLYLTRIPHENYLSILANE,C(C=C)[Si](C1=CC=CC=C1)(C1=CC=CC=C1)C1=CC=CC=C1,200
61,ALLYLTRIS(TRIMETHYLSILOXY)SILANE,C(C=C)[Si](O[Si](C)(C)C)(O[Si](C)(C)C)O[Si](C)(C)C,67
62,4-AMINOBUTYLTRIETHOXYSILANE,NCCCC[Si](OCC)(OCC)OCC,109
63,1-AMINO-2-(DIMETHYLETHOXYSILYL)PROPANE,NCC(C)[Si](OCC)(C)C,65
64,(AMINOETHYLAMINOMETHYL)PHENETHYLTRIMETHOXYSILANE,NCCNCCO[Si](OC)(OC)CCC1=CC=CC=C1,110
65,N-(2-AMINOETHYL)-3-AMINOPROPYLMETHYLDIETHOXYSILANE,NCCNCCC[Si](OCC)(OCC)C,110
66,N-(2-AMINOETHYL)-3-AMINOPROPYLMETHYLDIMETHOXYSILANE,NCCNCCC[Si](OC)(OC)C,90
67,N-(2-AMINOETHYL)-3-AMINOPROPYLSILANETRIOL,NCCNCCC[Si](O)(O)O,110
68,N-(2-AMINOETHYL)-3-AMINOPROPYLTRIETHOXYSILANE,NCCNCCC[Si](OCC)(OCC)OCC,148
69,N-(2-AMINOETHYL)-3-AMINOPROPYLTRIMETHOXYSILANE,NCCNCCC[Si](OC)(OC)OC,150
70,N-(2-AMINOETHYL)-3-AMINOPROPYLTRIMETHOXYSILANE-PROPYLTRIMETHOXYSILANE,C(CC)[Si](OC)(OC)OC.NCCNCCC[Si](OC)(OC)OC,110
71,N-(6-AMINOHEXYL)AMINOMETHYLTRIETHOXYSILANE,NCCCCCCNC[Si](OCC)(OCC)OCC,110
72,N-(6-AMINOHEXYL)AMINOPROPYLTRIMETHOXYSILANE,NCCCCCCNCCC[Si](OC)(OC)OC,110
73,N-(2-AMINOETHYL)-11-AMINOUNDECYLTRIMETHOXYSILANE,NCCNCCCCCCCCCCC[Si](OC)(OC)OC,150
74,AMINOMETHYLTRIMETHYLSILANE,NC[Si](C)(C)C,9
75,3-(m-AMINOPHENOXY)PROPYLTRIMETHOXYSILANE,NC=1C=C(OCCC[Si](OC)(OC)OC)C=CC1,110
76,m-AMINOPHENYLTRIMETHOXYSILANE,NC=1C=C(C=CC1)[Si](OC)(OC)OC,180
77,p-AMINOPHENYLTRIMETHOXYSILANE,NC1=CC=C(C=C1)[Si](OC)(OC)OC,180
78,AMINOPHENYLTRIMETHOXYSILANE,NCO[Si](OC)(OC)C1=CC=CC=C1,180
79,3-AMINOPROPYLDIISOPROPYLETHOXYSILANE,NCCC[Si](OCC)(C(C)C)C(C)C,100
80,3-AMINOPROPYLDIMETHYLETHOXYSILANE,NCCC[Si](OCC)(C)C,73
81,3-AMINOPROPYLDIMETHYLFLUOROSILANE,NCCC[Si](F)(C)C,-1
82,3-AMINOPROPYLDIMETHYLMETHOXYSILANE,NCCC[Si](OC)(C)C,20
83,3-AMINOPROPYLMETHYLBIS(TRIMETHYLSILOXY)SILANE,NCCC[Si](O[Si](C)(C)C)(O[Si](C)(C)C)C,110
84,3-AMINOPROPYLMETHYLDIETHOXYSILANE,NCCC[Si](OCC)(OCC)C,85
85,3-AMINOPROPYLPENTAMETHYLDISILOXANE,NCCC[Si](O[Si](C)(C)C)(C)C,65
86,3-AMINOPROPYLSILANETRIOL,NCCC[Si](O)(O)O,1
87,3-AMINOPROPYLTRIETHOXYSILANE,NCCC[Si](OCC)(OCC)OCC,104
88,3-AMINOPROPYLTRIMETHOXYSILANE,NCCC[Si](OC)(OC)OC,83
89,3-AMINOPROPYLTRIMETHYLSILANE,NCCC[Si](C)(C)C,59
90,3-AMINOPROPYLTRIS(METHOXYETHOXYETHOXY)SILANE,NCCC[Si](OCCOCCOC)(OCCOCCOC)OCCOCCOC,68
91,3-AMINOPROPYLTRIS(TRIMETHYLSILOXY)SILANE,NCCC[Si](O[Si](C)(C)C)(O[Si](C)(C)C)O[Si](C)(C)C,110
92,11-AMINOUNDECYLTRIETHOXYSILANE,NCCCCCCCCCCC[Si](OCC)(OCC)OCC,-1
93,ANILINOTRIMETHYLSILANE,N(C1=CC=CC=C1)[Si](C)(C)C,65
94,(9)-ANTHRACENYLTRIMETHOXYSILANE,C1=CC=CC2=CC3=CC=CC=C3C(=C12)[Si](OC)(OC)OC,110
95,(AZIDOMETHYL)PHENETHYLTRIMETHOXYSILANE,N(=[N+]=[N-])CCO[Si](OC)(OC)CCC1=CC=CC=C1,110
96,p-AZIDOMETHYLPHENYLTRIMETHOXYSILANE,N(=[N+]=[N-])CC1=CC=C(C=C1)[Si](OC)(OC)OC,110
97,(AZIDOMETHYL)TRIMETHYLSILANE,N(=[N+]=[N-])C[Si](C)(C)C,6
98,3-AZIDOPROPYLTRIETHOXYSILANE,N(=[N+]=[N-])CCC[Si](OCC)(OCC)OCC,110
99,6-AZIDOSULFONYLHEXYLTRIETHOXYSILANE,N(=[N+]=[N-])S(=O)(=O)CCCCCC[Si](OCC)(OCC)OCC,114
100,4-(AZIDOSULFONYL)PHENETHYLTRIMETHOXYSILANE,N(=[N+]=[N-])S(=O)(=O)C1=CC=C(CC[Si](OC)(OC)OC)C=C1,29
101,ALLYLTRICHLOROGERMANE,C(C=C)[Ge](Cl)(Cl)Cl,55
102,ALLYLTRIETHYLGERMANE,C(C=C)[Ge](CC)(CC)CC,48
103,ALLYLTRIMETHYLGERMANE,C(C=C)[Ge](C)(C)C,16
104,BENZYLTRICHLOROGERMANE,C(C1=CC=CC=C1)[Ge](Cl)(Cl)Cl,65
105,BIS[BIS(TRIMETHYLSILYL)AMINO]GERMANIUM(II),C[Si](C)(C)N([Si](C)(C)C)[Ge]N([Si](C)(C)C)[Si](C)(C)C,110
106,BIS(CHLOROMETHYL)DIMETHYLGERMANE,ClC[Ge](C)(C)CCl,51
107,t-BUTYLDIMETHYLCHLOROGERMANE,C(C)(C)(C)[Ge](Cl)(C)C,34
108,n-BUTYLGERMANE,C(CCC)[GeH3],23
109,t-BUTYLGERMANE,C(C)(C)(C)[GeH3],23
110,n-BUTYLTRICHLOROGERMANE,C(CCC)[Ge](Cl)(Cl)Cl,82
111,t-BUTYLTRICHLOROGERMANE,C(C)(C)(C)[Ge](Cl)(Cl)Cl,-1
112,CARBOXYETHYLTRICHLOROGERMANE,C(=O)(O)CC[Ge](Cl)(Cl)Cl,110
113,CHLOROMETHYLTRIMETHYLGERMANE,ClC[Ge](C)(C)C,6
114,DI-n-BUTYLDIACETOXYGERMANE,C(CCC)[Ge](OC(C)=O)(OC(C)=O)CCCC,110
115,DI-n-BUTYLDICHLOROGERMANE,C(CCC)[Ge](Cl)(Cl)CCCC,107
116,DICHLOROMETHYLTRIMETHYLGERMANE,ClC(Cl)[Ge](C)(C)C,33
117,DIETHYLDICHLOROGERMANE,C(C)[Ge](Cl)(Cl)CC,52
118,DIETHYLDIETHOXYGERMANE,C(C)[Ge](OCC)(OCC)CC,65
119,DIETHYLGERMANE,C(C)[GeH2]CC,23
120,DIMETHYLAMINOTRIMETHYLGERMANE,CN(C)[Ge](C)(C)C,10
121,DIMETHYLDICHLOROGERMANE,C[Ge](Cl)(Cl)C,32
122,DIPHENYLDICHLOROGERMANE,C1(=CC=CC=C1)[Ge](Cl)(Cl)C1=CC=CC=C1,160
123,DIPHENYLDIMETHYLGERMANE,C1(=CC=CC=C1)[Ge](C)(C)C1=CC=CC=C1,110
124,DIPHENYLGERMANE,C1(=CC=CC=C1)[GeH2]C1=CC=CC=C1,104
125,ETHYLTRICHLOROGERMANE,C(C)[Ge](Cl)(Cl)Cl,51
126,ETHYLTRIETHOXYGERMANE,C(C)[Ge](OCC)(OCC)OCC,60
127,GERMANE,[GeH4],40
128,GERMANIUM,[Ge],20
129,GERMANIUM DIIODIDE,[Ge](I)I,545
130,GERMANIUM DIOXIDE,[Ge](=O)=O,20
131,GERMANIUM DISELENIDE,[Ge](=[Se])=[Se],20
132,GERMANIUM(II) SULFIDE,[Ge]=S,20
133,GERMANIUM TETRABROMIDE,[Ge](Br)(Br)(Br)Br,-1
134,GERMANIUM TETRACHLORIDE,[Ge](Cl)(Cl)(Cl)Cl,-1
135,GERMANIUM TETRAIODIDE,[Ge](I)(I)(I)I,110
136,HEXAETHYLDIGERMANE,C(C)[Ge]([Ge](CC)(CC)CC)(CC)CC,65
137,HEXAETHYLDIGERMOXANE,C(C)[Ge](O[Ge](CC)(CC)CC)(CC)CC,110
138,HEXAMETHYLDIGERMANE,C[Ge]([Ge](C)(C)C)(C)C,14
139,HEXAPHENYLDIGERMANE,C1(=CC=CC=C1)[Ge]([Ge](C1=CC=CC=C1)(C1=CC=CC=C1)C1=CC=CC=C1)(C1=CC=CC=C1)C1=CC=CC=C1,200
140,HEXAPHENYLDIGERMOXANE,C1(=CC=CC=C1)[Ge](O[Ge](C1=CC=CC=C1)(C1=CC=CC=C1)C1=CC=CC=C1)(C1=CC=CC=C1)C1=CC=CC=C1,200
141,METHACRYLOXYMETHYLTRIMETHYLGERMANE,C(C(=C)C)(=O)OC[Ge](C)(C)C,-1
142,METHACRYLOXYTRIETHYLGERMANE,C(C(=C)C)(=O)O[Ge](CC)(CC)CC,65
143,METHYLGERMANE,C[GeH3],40
144,METHYLTRICHLOROGERMANE,C[Ge](Cl)(Cl)Cl,10
145,METHYLTRIETHOXYGERMANE,C[Ge](OCC)(OCC)OCC,40
146,PHENYLDIMETHYLCHLOROGERMANE,C1(=CC=CC=C1)[Ge](Cl)(C)C,65
147,PHENYLGERMANE,C1(=CC=CC=C1)[GeH3],60
148,PHENYLTRICHLOROGERMANE,C1(=CC=CC=C1)[Ge](Cl)(Cl)Cl,-1
149,TETRAALLYLGERMANE,C(C=C)[Ge](CC=C)(CC=C)CC=C,70
150,TETRA-n-BUTOXYGERMANE,C(CCC)O[Ge](OCCCC)(OCCCC)OCCCC,112
151,TETRA-n-BUTYLGERMANE,C(CCC)[Ge](CCCC)(CCCC)CCCC,90
152,TETRAETHOXYGERMANE,C(C)O[Ge](OCC)(OCC)OCC,62
153,TETRAETHYLGERMANE,C(C)[Ge](CC)(CC)CC,42
154,TETRAKIS(DIMETHYLAMINO)GERMANE,CN(C)[Ge](N(C)C)(N(C)C)N(C)C,34
155,TETRAISOPROPOXYGERMANE,C(C)(C)O[Ge](OC(C)C)(OC(C)C)OC(C)C,68
156,TETRAKIS(TRIMETHYLSILOXY)GERMANE,C[Si](O[Ge](O[Si](C)(C)C)(O[Si](C)(C)C)O[Si](C)(C)C)(C)C,80
157,TETRAMETHOXYGERMANE,CO[Ge](OC)(OC)OC,34
158,TETRAMETHYLGERMANE,C[Ge](C)(C)C,19
159,TETRAPHENYLGERMANE,C1(=CC=CC=C1)[Ge](C1=CC=CC=C1)(C1=CC=CC=C1)C1=CC=CC=C1,200
160,TRI-n-BUTYLCHLOROGERMANE,C(CCC)[Ge](Cl)(CCCC)CCCC,94
161,TRI-n-BUTYLGERMANE,C(CCC)[GeH](CCCC)CCCC,78
162,TRICHLOROGERMANE,Cl[GeH](Cl)Cl,12
163,3-(TRICHLOROGERMYL)PROPIONYLCHLORIDE,Cl[Ge](CCC(=O)Cl)(Cl)Cl,110
164,TRIETHYLBROMOGERMANE,C(C)[Ge](Br)(CC)CC,65
165,TRIETHYLCHLOROGERMANE,C(C)[Ge](Cl)(CC)CC,38
166,TRIETHYLGERMANE,C(C)[GeH](CC)CC,5
167,TRIISOPROPYLCHLOROGERMANE,C(C)(C)[Ge](Cl)(C(C)C)C(C)C,66
168,TRIMETHYLBROMOGERMANE,C[Ge](Br)(C)C,37
169,TRIMETHYLCHLOROGERMANE,C[Ge](Cl)(C)C,1
170,TRIMETHYLGERMANE,C[GeH](C)C,20
171,TRIMETHYLIODOGERMANE,C[Ge](I)(C)C,20
172,TRIPHENYLBROMOGERMANE,C1(=CC=CC=C1)[Ge](Br)(C1=CC=CC=C1)C1=CC=CC=C1,200
173,TRIPHENYLCHLOROGERMANE,C1(=CC=CC=C1)[Ge](Cl)(C1=CC=CC=C1)C1=CC=CC=C1,20
174,TRIPHENYLGERMANE,C1(=CC=CC=C1)[GeH](C1=CC=CC=C1)C1=CC=CC=C1,110
175,TRIS(TRIFLUOROMETHYL)IODOGERMANE,FC(F)(F)[Ge](I)(C(F)(F)F)C(F)(F)F,110
176,TRIS(TRIMETHYLSILYL)GERMANE,C[Si](C)(C)[GeH]([Si](C)(C)C)[Si](C)(C)C,110
177,VINYLTRIETHYLGERMANE,C(=C)[Ge](CC)(CC)CC,32
178,ALUMINUM n-BUTOXIDE,[O-]CCCC.[Al+3].[O-]CCCC.[O-]CCCC,65
179,ALUMINUM t-BUTOXIDE,CC(C)(C)[O-].[Al+3].CC(C)(C)[O-].CC(C)(C)[O-],65
180,ALUMINUM 5-CHLORO-8-HYDROXYQUINOLINATE,ClC1=C2C=CC(=NC2=C(C=C1)O)C(=O)[O-].[Al+3].ClC1=C2C=CC(=NC2=C(C=C1)O)C(=O)[O-].ClC1=C2C=CC(=NC2=C(C=C1)O)C(=O)[O-],-1
181,ALUMINUM DIISOPROPOXIDE ETHYLACETOACETATE,C(C)OC(CC(=O)C)=O.CC([O-])C.CC([O-])C.[Al+2],50
182,ALUMINUM 8-HYDROXYQUINOLINATE,OC=1C=CC=C2C=CC(=NC12)C(=O)[O-].[Al+3].OC=1C=CC=C2C=CC(=NC12)C(=O)[O-].OC=1C=CC=C2C=CC(=NC12)C(=O)[O-],20
183,ALUMINUM ISOPROPOXIDE,CC([O-])C.[Al+3].CC([O-])C.CC([O-])C,-1
184,ALUMINUM N-NITROSOPHENYLHYDROXYLAMINE,N(=O)N(O)C1=CC=CC=C1.[Al],-1
185,ALUMINUM 9-OCTADECENYLACETOACETATE DIISOPROPOXIDE,CC([O-])C.CC([O-])C.C(CCCCCCCC=CCCCCCCCC)CC(CC(=O)[O-])=O.[Al+3],21
186,ANTIMONY(III) n-BUTOXIDE,[O-]CCCC.[Sb+3].[O-]CCCC.[O-]CCCC,6
187,ANTIMONY(III) ETHOXIDE,[O-]CC.[Sb+3].[O-]CC.[O-]CC,-1
188,ARSENIC TRIETHOXIDE,[O-]CC.[O-]CC.[O-]CC.[As+3],49
189,BARIUM ISOPROPOXIDE,CC([O-])C.[Ba+2].CC([O-])C,20
190,BISMUTH(III) ISOPROPOXIDE,CC([O-])C.[Bi+3].CC([O-])C.CC([O-])C,20
191,BORON ALLYLOXIDE,C(C=C)OCC=C.[B],31
192,BORON n-BUTOXIDE,[O-]CCCC.[B+3].[O-]CCCC.[O-]CCCC,93
193,BORON t-BUTOXIDE,CC(C)(C)[O-].[B+3].CC(C)(C)[O-].CC(C)(C)[O-],29
194,BORON ETHOXIDE,[O-]CC.[B+3].[O-]CC.[O-]CC,11
195,DIPHENYLBORANE 8-HYDROXYQUINOLINATE,OC=1C=CC=C2C=CC(=NC12)C(=O)O.C1(=CC=CC=C1)BC1=CC=CC=C1,110
196,BORON ISOPROPOXIDE,CC([O-])C.[B+3].CC([O-])C.CC([O-])C,28
197,BORON METHOXIDE,C[O-].[B+3].C[O-].C[O-],1
198,BORON METHOXYETHOXIDE,COC([O-])C.[B+3].COC([O-])C.COC([O-])C,113
199,BORON n-PROPOXIDE,[O-]CCC.[B+3].[O-]CCC.[O-]CCC,20
200,CADMIUM DIETHYLDITHIOCARBAMATE,C(C)N(C([S-])=S)CC.[Cd+2].C(C)N(C([S-])=S)CC,0
201,CALCIUM ETHOXIDE,[O-]CC.[Ca+2].[O-]CC,20
202,CALCIUM METHOXYETHOXIDE,COC([O-])C.[Ca+2].COC([O-])C,39
203,CERIUM(IV) t-BUTOXIDE,CC(C)(C)[O-].[Ce+4].CC(C)(C)[O-].CC(C)(C)[O-].CC(C)(C)[O-],0
204,CERIUM(IV) ISOPROPOXIDE,CC([O-])C.[Ce+4].CC([O-])C.CC([O-])C.CC([O-])C,120
205,CERIUM(IV) METHOXYETHOXIDE,COC([O-])C.[Ce+4].COC([O-])C.COC([O-])C.COC([O-])C,39
206,CESIUM METHOXIDE,C[O-].[Cs+],11
207,COPPER(II) ALLYLOXYETHOXYTRIFLUOROACETOACETATE,C(C=C)OCCOC(C(=O)[O-])C(=O)C(F)(F)F.[Cu+2].C(C=C)OCCOC(C(=O)[O-])C(=O)C(F)(F)F,20
208,COPPER(II) DIMETHYLDITHIOCARBAMATE,CN(C([S-])=S)C.[Cu+2].CN(C([S-])=S)C,0
209,COPPER(II) ETHOXIDE,[O-]CC.[Cu+2].[O-]CC,-1
210,COPPER(II) ETHYLACETOACETATE,C(C)OC(CC(=O)C)=O.[Cu+2],0
211,COPPER 8-HYDROXYQUINOLINATE,OC=1C=CC=C2C=CC(=NC12)C(=O)[O-].[Cu+2].OC=1C=CC=C2C=CC(=NC12)C(=O)[O-],0
212,COPPER(II) METHACRYLOXYETHYLACETOACETATE,C(C(=C)C)(=O)OCCOC(CC(=O)C)=O.[Cu+2],-1
213,COPPER(II) METHOXYETHOXYETHOXIDE,COCCOC([O-])C.[Cu+2].COCCOC([O-])C,84
214,ERBIUM 8-HYDROXYQUINOLINATE,OC=1C=CC=C2C=CC(=NC12)C(=O)[O-].[Er+3].OC=1C=CC=C2C=CC(=NC12)C(=O)[O-].OC=1C=CC=C2C=CC(=NC12)C(=O)[O-],0
215,GALLIUM 8-HYDROXYQUINOLINATE,OC=1C=CC=C2C=CC(=NC12)C(=O)[O-].[Ga+3].OC=1C=CC=C2C=CC(=NC12)C(=O)[O-].OC=1C=CC=C2C=CC(=NC12)C(=O)[O-],2
216,HAFNIUM n-BUTOXIDE,[O-]CCCC.[Hf+4].[O-]CCCC.[O-]CCCC.[O-]CCCC,110
217,HAFNIUM ETHOXIDE,[O-]CC.[Hf+4].[O-]CC.[O-]CC.[O-]CC,1
218,INDIUM METHYL(TRIMETHYLACETYL)ACETATE,COC(CC(C(C)(C)C)=O)=O.[In],20
219,IRON(III) ETHOXIDE,[O-]CC.[Fe+3].[O-]CC.[O-]CC,0
220,LANTHANUM ISOPROPOXIDE,CC([O-])C.[La+3].CC([O-])C.CC([O-])C,0
221,LANTHANUM METHOXYETHOXIDE,COC([O-])C.[La+3].COC([O-])C.COC([O-])C,39
222,LITHIUM t-BUTOXIDE,CC(C)(C)[O-].[Li+],0
223,LITHIUM ISOPROPOXIDE,CC([O-])C.[Li+],20
224,LITHIUM METHOXIDE,C[O-].[Li+],11
225,MAGNESIUM ETHOXIDE,[O-]CC.[Mg+2].[O-]CC,43
226,MAGNESIUM METHOXIDE,C[O-].[Mg+2].C[O-],11
227,MAGNESIUM METHOXYETHOXIDE,COC([O-])C.[Mg+2].COC([O-])C,39
228,MAGNESIUM METHYL CARBONATE,C(OC)([O-])=O.[Mg+2].COC([O-])=O,58
229,MANGANESE(II) ETHYLENEBIS(DITHIOCARBAMATE),C(CNC([S-])=S)NC([S-])=S.[Mn+2],0
230,MOLYBDENUM(V) ETHOXIDE,[O-]CC.[Mo+5].[O-]CC.[O-]CC.[O-]CC.[O-]CC,-1
231,NEODYMIUM METHOXYETHOXIDE,COC([O-])C.[Nd+3].COC([O-])C.COC([O-])C,39
232,NICKEL DI-n-BUTYLDITHIOCARBAMATE,C(CCC)N(C([S-])=S)CCCC.[Ni+2].C(CCC)N(C([S-])=S)CCCC,260
233,NICKEL DIMETHYLDITHIOCARBAMATE,CN(C([S-])=S)C.[Ni+2].CN(C([S-])=S)C,200
234,NIOBIUM(V) n-BUTOXIDE,[O-]CCCC.[Nb+5].[O-]CCCC.[O-]CCCC.[O-]CCCC.[O-]CCCC,90
235,NIOBIUM(V) ETHOXIDE,[O-]CC.[Nb+5].[O-]CC.[O-]CC.[O-]CC.[O-]CC,74
236,POTASSIUM t-BUTOXIDE,CC(C)(C)[O-].[K+],1
237,POTASSIUM ETHOXIDE,[O-]CC.[K+],50
238,POTASSIUM ISOPROPOXIDE,CC([O-])C.[K+],12
239,POTASSIUM METHOXIDE,C[O-].[K+],20
240,SELENIUM DIMETHYLDITHIOCARBAMATE,CN(C([S-])=S)C.[Se+2].CN(C([S-])=S)C,-1
241,SILVER DIETHYLDITHIOCARBAMATE,C(C)N(C([S-])=S)CC.[Ag+],20
242,SODIUM ALUMINUM HYDRIDE BIS(METHOXYETHOXIDE),COC([O-])C.COC([O-])C.[AlH4-].[Na+],4
243,SODIUM n-BUTOXIDE,[O-]CCCC.[Na+],35
244,SODIUM t-BUTOXIDE,CC(C)(C)[O-].[Na+],2
245,SODIUM DI-n-BUTYLDITHIOCARBAMATE,C(CCC)N(C([S-])=S)CCCC.[Na+],110
246,SODIUM DI(ISOBUTYL)DITHIOPHOSPHINATE,C(C(C)C)P([S-])(=S)CC(C)C.[Na+],100
247,SODIUM DIMETHYLDITHIOCARBAMATE,CN(C([S-])=S)C.[Na+],20
248,SODIUM ETHOXIDE,[O-]CC.[Na+],12
249,SODIUM ISOPROPOXIDE,CC([O-])C.[Na+],14
250,SODIUM METHOXIDE,C[O-].[Na+],20
251,SODIUM METHOXYETHOXIDE,COC([O-])C.[Na+],39
252,SODIUM METHYLACETOACETATE,COC(CC(=O)C)=O.[Na],20
253,SODIUM PHENOXIDE,[O-]C1=CC=CC=C1.[Na+],-1
254,SODIUM THIOPHENOXIDE,[S-]C1=CC=CC=C1.[Na+],-1
255,TANTALUM(V) n-BUTOXIDE,[O-]CCCC.[Ta+5].[O-]CCCC.[O-]CCCC.[O-]CCCC.[O-]CCCC,66
256,TANTALUM(V) ETHOXIDE,[O-]CC.[Ta+5].[O-]CC.[O-]CC.[O-]CC.[O-]CC,40
257,TANTALUM(V) ISOPROPOXIDE,CC([O-])C.[Ta+5].CC([O-])C.CC([O-])C.CC([O-])C.CC([O-])C,-1
258,TANTALUM(V) METHOXIDE,C[O-].[Ta+5].C[O-].C[O-].C[O-].C[O-],-1
259,TELLURIUM(IV) DIETHYLDITHIOCARBAMATE,C(C)N(C([S-])=S)CC.[Te+4].C(C)N(C([S-])=S)CC.C(C)N(C([S-])=S)CC.C(C)N(C([S-])=S)CC,0
260,THALLIUM(I) ETHOXIDE,[O-]CC.[Tl+],110
261,BIS(DIMETHYLAMINO)DIISOPROPOXYTITANIUM,CN(C)[Ti](OC(C)C)(OC(C)C)N(C)C,20
262,TITANIUM n-BUTOXIDE,[O-]CCCC.[Ti+4].[O-]CCCC.[O-]CCCC.[O-]CCCC,76
263,TITANIUM t-BUTOXIDE,CC(C)(C)[O-].[Ti+4].CC(C)(C)[O-].CC(C)(C)[O-].CC(C)(C)[O-],65
264,TITANIUM CHLORIDE TRIISOPROPOXIDE,CC([O-])C.CC([O-])C.CC([O-])C.[Cl-].[Ti+4],22
265,TITANIUM DI-n-BUTOXIDE BIS(2-ETHYLHEXANOATE),C(C)C(C(=O)[O-])CCCC.C(C)C(C(=O)[O-])CCCC.[O-]CCCC.[O-]CCCC.[Ti+4],110
266,TITANIUM DICHLORIDE DIETHOXIDE,[O-]CC.[O-]CC.[Cl-].[Cl-].[Ti+4],40
267,TITANIUM DIETHYLDITHIOCARBAMATE,C(C)N(C([S-])=S)CC.[Ti+4].C(C)N(C([S-])=S)CC.C(C)N(C([S-])=S)CC.C(C)N(C([S-])=S)CC,110
268,TITANIUM ETHOXIDE,[O-]CC.[Ti+4].[O-]CC.[O-]CC.[O-]CC,28
269,TITANIUM DIISOPROPOXIDE BIS(ETHYLACETOACETATE),C(C)CC(CC(=O)[O-])=O.C(C)CC(CC(=O)[O-])=O.CC([O-])C.CC([O-])C.[Ti+4],27
270,TITANIUM IODIDE TRIISOPROPOXIDE,CC([O-])C.CC([O-])C.CC([O-])C.[I-].[Ti+4],14
271,TITANIUM ISOBUTOXIDE,CC(C)C[O-].[Ti+4].CC(C)C[O-].CC(C)C[O-].CC(C)C[O-],77
272,TITANIUM ISOPROPOXIDE,CC([O-])C.[Ti+4].CC([O-])C.CC([O-])C.CC([O-])C,25
273,TITANIUM LACTATE,C(C(O)C)(=O)[O-].[Ti+4].C(C(O)C)(=O)[O-].C(C(O)C)(=O)[O-].C(C(O)C)(=O)[O-],150
274,TITANIUM METHACRYLATE TRIISOPROPOXIDE,CC([O-])C.CC([O-])C.CC([O-])C.C(C(=C)C)(=O)[O-].[Ti+4],-1
275,TITANIUM METHACRYLOXYETHYLACETOACETATE TRIISOPROPOXIDE,CC([O-])C.CC([O-])C.CC([O-])C.C(C(=C)C)(=O)OCCOC(CC(=O)C)=O.[Ti+3],12
276,TITANIUM METHOXIDE,C[O-].[Ti+4].C[O-].C[O-].C[O-],48
277,TITANIUM METHYLPHENOXIDE,CC1=C([O-])C=CC=C1.[Ti+4].CC1=C([O-])C=CC=C1.CC1=C([O-])C=CC=C1.CC1=C([O-])C=CC=C1,66
278,TITANIUM n-PROPOXIDE,[O-]CCC.[Ti+4].[O-]CCC.[O-]CCC.[O-]CCC,45
279,TITANIUM TRIACRYLATE METHOXYETHOXYETHOXIDE,COCCOC([O-])C.C(C=C)(=O)[O-].C(C=C)(=O)[O-].C(C=C)(=O)[O-].[Ti+4],65
280,TITANIUM TRIISOSTEAROYLISOPROPOXIDE,C(CCCCCCCCCCCCCCC(C)C)(=O)C(C([O-])C)(C(CCCCCCCCCCCCCCC(C)C)=O)C(CCCCCCCCCCCCCCC(C)C)=O.[Ti+4].C(CCCCCCCCCCCCCCC(C)C)(=O)C(C([O-])C)(C(CCCCCCCCCCCCCCC(C)C)=O)C(CCCCCCCCCCCCCCC(C)C)=O.C(CCCCCCCCCCCCCCC(C)C)(=O)C(C([O-])C)(C(CCCCCCCCCCCCCCC(C)C)=O)C(CCCCCCCCCCCCCCC(C)C)=O.C(CCCCCCCCCCCCCCC(C)C)(=O)C(C([O-])C)(C(CCCCCCCCCCCCCCC(C)C)=O)C(CCCCCCCCCCCCCCC(C)C)=O,93
281,TITANIUM TRIMETHACRYLATE METHOXYETHOXYETHOXIDE,COCCOC([O-])C.C(C(=C)C)(=O)[O-].C(C(=C)C)(=O)[O-].C(C(=C)C)(=O)[O-].[Ti+4],60
282,TUNGSTEN(V) ETHOXIDE,[O-]CC.[W+5].[O-]CC.[O-]CC.[O-]CC.[O-]CC,110
283,TUNGSTEN(VI) PHENOXIDE,[O-]C1=CC=CC=C1.[W+6].[O-]C1=CC=CC=C1.[O-]C1=CC=CC=C1.[O-]C1=CC=CC=C1.[O-]C1=CC=CC=C1.[O-]C1=CC=CC=C1,110
284,VANADIUM OXIDE TRIS(METHOXYETHOXIDE),COC([O-])C.COC([O-])C.COC([O-])C.[O-2].[V+5],65
285,YTTRIUM ISOPROPOXIDE,CC([O-])C.[Y+3].CC([O-])C.CC([O-])C,20
286,YTTRIUM METHOXYETHOXIDE,COC([O-])C.[Y+3].COC([O-])C.COC([O-])C,39
287,ZINC DI-n-BUTYLDITHIOCARBAMATE,C(CCC)N(C([S-])=S)CCCC.[Zn+2].C(CCC)N(C([S-])=S)CCCC,0
288,ZINC DIETHYLDITHIOCARBAMATE,C(C)N(C([S-])=S)CC.[Zn+2].C(C)N(C([S-])=S)CC,0
289,ZINC DIMETHYLDITHIOCARBAMATE,CN(C([S-])=S)C.[Zn+2].CN(C([S-])=S)C,0
290,ZINC 8-HYDROXYQUINOLINATE,OC=1C=CC=C2C=CC(=NC12)C(=O)[O-].[Zn+2].OC=1C=CC=C2C=CC(=NC12)C(=O)[O-],0
291,ZINC METHOXYETHOXIDE,COC([O-])C.[Zn+2].COC([O-])C,-1
292,ZIRCONIUM n-BUTOXIDE,[O-]CCCC.[Zr+4].[O-]CCCC.[O-]CCCC.[O-]CCCC,34
293,ZIRCONIUM t-BUTOXIDE,CC(C)(C)[O-].[Zr+4].CC(C)(C)[O-].CC(C)(C)[O-].CC(C)(C)[O-],85
294,ZIRCONIUM ETHOXIDE,[O-]CC.[Zr+4].[O-]CC.[O-]CC.[O-]CC,5
295,ZIRCONIUM ISOPROPOXIDE,CC([O-])C.[Zr+4].CC([O-])C.CC([O-])C.CC([O-])C,7
296,ZIRCONIUM n-PROPOXIDE,[O-]CCC.[Zr+4].[O-]CCC.[O-]CCC.[O-]CCC,23
297,ALUMINUM ACETATE,C(C)(=O)[O-].[Al+3].C(C)(=O)[O-].C(C)(=O)[O-],20
298,ALUMINUM ACRYLATE,C(C=C)(=O)[O-].[Al+3].C(C=C)(=O)[O-].C(C=C)(=O)[O-],20
299,ALUMINUM FORMATE,C(=O)[O-].[Al+3].C(=O)[O-].C(=O)[O-],20
300,ALUMINUM TRIFLUOROACETATE,FC(C(=O)[O-])(F)F.[Al+3].FC(C(=O)[O-])(F)F.FC(C(=O)[O-])(F)F,-1
301,ALUMINUM TRIFLUOROMETHANESULFONATE,FC(S(=O)(=O)[O-])(F)F.[Al+3].FC(S(=O)(=O)[O-])(F)F.FC(S(=O)(=O)[O-])(F)F,20
302,ANTIMONY ACETATE,C(C)(=O)[O-].[Sb+3].C(C)(=O)[O-].C(C)(=O)[O-],-1
303,METHACRYLOXYDIPHENYLANTIMONY,C(C(=C)C)(=O)O[Sb](C1=CC=CC=C1)C1=CC=CC=C1,110
304,BARIUM ACETATE,C(C)(=O)[O-].[Ba+2].C(C)(=O)[O-],20
305,BARIUM ACRYLATE,C(C=C)(=O)[O-].[Ba+2].C(C=C)(=O)[O-],20
306,BARIUM METHACRYLATE,C(C(=C)C)(=O)[O-].[Ba+2].C(C(=C)C)(=O)[O-],20
307,BARIUM NEODECANOATE,C(CCCCCC(C)(C)C)(=O)[O-].[Ba+2].C(CCCCCC(C)(C)C)(=O)[O-],20
308,BARIUM TRIFLUOROACETATE,FC(C(=O)[O-])(F)F.[Ba+2].FC(C(=O)[O-])(F)F,20
309,BARIUM TRIFLUOROMETHANESULFONATE,FC(S(=O)(=O)[O-])(F)F.[Ba+2].FC(S(=O)(=O)[O-])(F)F,20
310,BISMUTH(III) ACETATE,C(C)(=O)[O-].[Bi+3].C(C)(=O)[O-].C(C)(=O)[O-],110
311,BISMUTH 2-ETHYLHEXANOATE,C(C)C(C(=O)[O-])CCCC.[Bi+3].C(C)C(C(=O)[O-])CCCC.C(C)C(C(=O)[O-])CCCC,49
312,BISMUTH NEODECANOATE,C(CCCCCC(C)(C)C)(=O)[O-].[Bi+3].C(CCCCCC(C)(C)C)(=O)[O-].C(CCCCCC(C)(C)C)(=O)[O-],110
313,BISMUTH SALICYLATE,C(C=1C(O)=CC=CC1)(=O)[O-].[Bi+3].C(C=1C(O)=CC=CC1)(=O)[O-].C(C=1C(O)=CC=CC1)(=O)[O-],110
314,BISMUTH TRIFLUOROMETHANESULFONATE,FC(S(=O)(=O)[O-])(F)F.[Bi+3].FC(S(=O)(=O)[O-])(F)F.FC(S(=O)(=O)[O-])(F)F,110
315,CALCIUM ACETATE,C(C)(=O)[O-].[Ca+2].C(C)(=O)[O-],20
316,CALCIUM ACRYLATE,C(C=C)(=O)[O-].[Ca+2].C(C=C)(=O)[O-],20
317,CALCIUM 2-ETHYLHEXANOATE,C(C)C(C(=O)[O-])CCCC.[Ca+2].C(C)C(C(=O)[O-])CCCC,127
318,CALCIUM FORMATE,C(=O)[O-].[Ca+2].C(=O)[O-],20
319,CALCIUM D-GLUCONATE,O=C([C@H](O)[C@@H](O)[C@H](O)[C@H](O)CO)[O-].[Ca+2].O=C([C@H](O)[C@@H](O)[C@H](O)[C@H](O)CO)[O-],20
320,CALCIUM LACTATE,C(C(O)C)(=O)[O-].[Ca+2].C(C(O)C)(=O)[O-],20
321,CALCIUM METHACRYLATE,C(C(=C)C)(=O)[O-].[Ca+2].C(C(=C)C)(=O)[O-],20
322,CADMIUM ACETATE,C(C)(=O)[O-].[Cd+2].C(C)(=O)[O-],200
323,CADMIUM FORMATE,C(=O)[O-].[Cd+2].C(=O)[O-],200
324,CERIUM(III) ACETATE,C(C)(=O)[O-].[Ce+3].C(C)(=O)[O-].C(C)(=O)[O-],20
325,CERIUM(III) 2-ETHYLHEXANOATE,C(C)C(C(=O)[O-])CCCC.[Ce+3].C(C)C(C(=O)[O-])CCCC.C(C)C(C(=O)[O-])CCCC,20
326,CERIUM(III) OXALATE,C(C(=O)[O-])(=O)[O-].[Ce+3].C(C(=O)[O-])(=O)[O-].C(C(=O)[O-])(=O)[O-].[Ce+3],0
327,CHROMIUM(III) 2-ETHYLHEXANOATE,C(C)C(C(=O)[O-])CCCC.[Cr+3].C(C)C(C(=O)[O-])CCCC.C(C)C(C(=O)[O-])CCCC,110
328,CESIUM TRIFLUOROACETATE,FC(C(=O)[O-])(F)F.[Cs+],20
329,COPPER(II) ACETATE,C(C)(=O)[O-].[Cu+2].C(C)(=O)[O-],-1
330,COPPER(II) 2-ETHYLHEXANOATE,C(C)C(C(=O)[O-])CCCC.[Cu+2].C(C)C(C(=O)[O-])CCCC,-1
331,COPPER(II) FORMATE,C(=O)[O-].[Cu+2].C(=O)[O-],20
332,COPPER(II) METHACRYLATE,C(C(=C)C)(=O)[O-].[Cu+2].C(C(=C)C)(=O)[O-],20
333,COPPER(II) TRIFLUOROACETATE,FC(C(=O)[O-])(F)F.[Cu+2].FC(C(=O)[O-])(F)F,20
334,COPPER(II) TRIFLUOROMETHANESULFONATE,FC(S(=O)(=O)[O-])(F)F.[Cu+2].FC(S(=O)(=O)[O-])(F)F,-1
335,DYSPROSIUM ACETATE,C(C)(=O)[O-].[Dy+3].C(C)(=O)[O-].C(C)(=O)[O-],20
336,DYSPROSIUM TRIFLUOROMETHANESULFONATE,FC(S(=O)(=O)[O-])(F)F.[Dy+3].FC(S(=O)(=O)[O-])(F)F.FC(S(=O)(=O)[O-])(F)F,110
337,ERBIUM(III) ACETATE,C(C)(=O)[O-].[Er+3].C(C)(=O)[O-].C(C)(=O)[O-],20
338,EUROPIUM ACETATE,C(C)(=O)[O-].[Eu+3].C(C)(=O)[O-].C(C)(=O)[O-],20
339,EUROPIUM(III) METHACRYLATE,C(C(=C)C)(=O)[O-].[Eu+3].C(C(=C)C)(=O)[O-].C(C(=C)C)(=O)[O-],20
340,IRON(II) ACETATE,C(C)(=O)[O-].[Fe+2].C(C)(=O)[O-],20
341,IRON(III) ACRYLATE,C(C=C)(=O)[O-].[Fe+3].C(C=C)(=O)[O-].C(C=C)(=O)[O-],-1
342,IRON(III) METHACRYLATE,C(C(=C)C)(=O)[O-].[Fe+3].C(C(=C)C)(=O)[O-].C(C(=C)C)(=O)[O-],20
343,GADOLINIUM ACETATE,C(C)(=O)[O-].[Gd+3].C(C)(=O)[O-].C(C)(=O)[O-],110
344,MERCURY(II) ACETATE,C(C)(=O)[O-].[Hg+2].C(C)(=O)[O-],-1
345,HOLMIUM(III) ACETATE,C(C)(=O)[O-].[Ho+3].C(C)(=O)[O-].C(C)(=O)[O-],110
346,LANTHANUM ACETATE,C(C)(=O)[O-].[La+3].C(C)(=O)[O-].C(C)(=O)[O-],20
347,LITHIUM ACRYLATE,C(C=C)(=O)[O-].[Li+],20
348,LITHIUM FORMATE,C(=O)[O-].[Li+],20
349,LITHIUM METHACRYLATE,C(C(=C)C)(=O)[O-].[Li+],20
350,LITHIUM TRIFLUOROACETATE,FC(C(=O)[O-])(F)F.[Li+],20
351,LITHIUM TRIFLUOROMETHANESULFONATE,FC(S(=O)(=O)[O-])(F)F.[Li+],20
352,MAGNESIUM ACRYLATE,C(C=C)(=O)[O-].[Mg+2].C(C=C)(=O)[O-],20
353,MAGNESIUM METHACRYLATE,C(C(=C)C)(=O)[O-].[Mg+2].C(C(=C)C)(=O)[O-],20
354,MAGNESIUM TRIFLUOROMETHANESULFONATE,FC(S(=O)(=O)[O-])(F)F.[Mg+2].FC(S(=O)(=O)[O-])(F)F,-1
355,NIOBIUM 2-ETHYLHEXANOATE,C(C)C(C(=O)[O-])CCCC.[Nb+5].C(C)C(C(=O)[O-])CCCC.C(C)C(C(=O)[O-])CCCC.C(C)C(C(=O)[O-])CCCC.C(C)C(C(=O)[O-])CCCC,20
356,NIOBIUM OXALATE,C(C(=O)[O-])(=O)[O-].[Nb+5].C(C(=O)[O-])(=O)[O-].C(C(=O)[O-])(=O)[O-].C(C(=O)[O-])(=O)[O-].C(C(=O)[O-])(=O)[O-].[Nb+5],20
357,NEODYMIUM ACETATE,C(C)(=O)[O-].[Nd+3].C(C)(=O)[O-].C(C)(=O)[O-],-1
358,NEODYMIUM METHACRYLATE,C(C(=C)C)(=O)[O-].[Nd+3].C(C(=C)C)(=O)[O-].C(C(=C)C)(=O)[O-],20
359,NEODYMIUM NEODECANOATE,C(CCCCCC(C)(C)C)(=O)[O-].[Nd+3].C(CCCCCC(C)(C)C)(=O)[O-].C(CCCCCC(C)(C)C)(=O)[O-],8
360,NICKEL(II) ACETATE,C(C)(=O)[O-].[Ni+2].C(C)(=O)[O-],200
361,NICKEL FORMATE,C(=O)[O-].[Ni+2].C(=O)[O-],200
362,PALLADIUM TRIFLUOROACETATE,FC(C(=O)[O-])(F)F.[Pd+2].FC(C(=O)[O-])(F)F,-1
363,POTASSIUM ACETATE,C(C)(=O)[O-].[K+],20
364,POTASSIUM ACRYLATE,C(C=C)(=O)[O-].[K+],20
365,POTASSIUM FORMATE,C(=O)[O-].[K+],20
366,POTASSIUM METHACRYLATE,C(C(=C)C)(=O)[O-].[K+],1
367,POTASSIUM SULFOPROPYLACRYLATE,S(=O)(=O)(O)CCCOC(C=C)=O.[K],20
368,POTASSIUM SULFOPROPYLMETHACRYLATE,S(=O)(=O)(O)CCCOC(C(=C)C)=O.[K],-1
369,POTASSIUM TRIFLUOROACETATE,FC(C(=O)[O-])(F)F.[K+],20
370,PRASEODYMIUM ACETATE,C(C)(=O)[O-].[Pr+3].C(C)(=O)[O-].C(C)(=O)[O-],20
371,RUBIDIUM ACETATE,C(C)(=O)[O-].[Rb+],20
372,RHODIUM(II) ACETATE,C(C)(=O)[O-].[Rh+2].C(C)(=O)[O-],1
373,RUTHENIUM(III) OXOACETATE,O=CC(=O)[O-].[Ru+3].O=CC(=O)[O-].O=CC(=O)[O-],20
374,SAMARIUM ACETATE,C(C)(=O)[O-].[Sm+3].C(C)(=O)[O-].C(C)(=O)[O-],1
375,SAMARIUM TRIFLUOROMETHANESULFONATE,FC(S(=O)(=O)[O-])(F)F.[Sm+3].FC(S(=O)(=O)[O-])(F)F.FC(S(=O)(=O)[O-])(F)F,110
376,SODIUM 2-ACRYLAMIDO-2-METHYLPROPANE SULFONATE,C(C=C)(=O)NC(CS(=O)(=O)[O-])(C)C.[Na+],20
377,SODIUM ACETATE,C(C)(=O)[O-].[Na+],20
378,SODIUM ACRYLATE,C(C=C)(=O)[O-].[Na+],20
379,SODIUM ALLYLSULFONATE,C(C=C)S(=O)(=O)[O-].[Na+],20
380,SODIUM FORMATE,C(=O)[O-].[Na+],2
381,SODIUM ITACONATE,C(C(=C)CC(=O)[O-])(=O)[O-].[Na+].[Na+],20
382,SODIUM METHACRYLATE,C(C(=C)C)(=O)[O-].[Na+],20
383,SODIUM p-STYRENE SULFONATE,C=CC1=CC=C(C=C1)S(=O)(=O)[O-].[Na+],-1
384,SODIUM TRIFLUOROACETATE,FC(C(=O)[O-])(F)F.[Na+],-1
385,SODIUM TRIFLUOROMETHANESULFONATE,FC(S(=O)(=O)[O-])(F)F.[Na+],-1
386,STRONTIUM ACETATE,C(C)(=O)[O-].[Sr+2].C(C)(=O)[O-],20
387,SILVER ACETATE,C(C)(=O)[O-].[Ag+],1
388,SILVER ACRYLATE,C(C=C)(=O)[O-].[Ag+],-1
389,SILVER LACTATE,C(C(O)C)(=O)[O-].[Ag+],0
390,SILVER METHACRYLATE,C(C(=C)C)(=O)[O-].[Ag+],20
391,SILVER NEODECANOATE,C(CCCCCC(C)(C)C)(=O)[O-].[Ag+],102
392,SILVER TRIFLUOROACETATE,FC(C(=O)[O-])(F)F.[Ag+],1
393,TERBIUM ACETATE,C(C)(=O)[O-].[Tb+3].C(C)(=O)[O-].C(C)(=O)[O-],1
394,YTTERBIUM ACETATE,C(C)(=O)[O-].[Yb+3].C(C)(=O)[O-].C(C)(=O)[O-],110
395,YTTERBIUM TRIFLUOROMETHANESULFONATE,FC(S(=O)(=O)[O-])(F)F.[Yb+3].FC(S(=O)(=O)[O-])(F)F.FC(S(=O)(=O)[O-])(F)F,110
396,YTTRIUM ACETATE,C(C)(=O)[O-].[Y+3].C(C)(=O)[O-].C(C)(=O)[O-],110
397,YTTRIUM METHACRYLATE,C(C(=C)C)(=O)[O-].[Y+3].C(C(=C)C)(=O)[O-].C(C(=C)C)(=O)[O-],20
398,YTTRIUM TRIFLUOROACETATE,FC(C(=O)[O-])(F)F.[Y+3].FC(C(=O)[O-])(F)F.FC(C(=O)[O-])(F)F,20
399,YTTRIUM TRIFLUOROMETHANESULFONATE,FC(S(=O)(=O)[O-])(F)F.[Y+3].FC(S(=O)(=O)[O-])(F)F.FC(S(=O)(=O)[O-])(F)F,110
400,ZINC ACETATE,C(C)(=O)[O-].[Zn+2].C(C)(=O)[O-],110
401,ZINC ACRYLATE,C(C=C)(=O)[O-].[Zn+2].C(C=C)(=O)[O-],110
402,ZINC 2-ETHYLHEXANOATE,C(C)C(C(=O)[O-])CCCC.[Zn+2].C(C)C(C(=O)[O-])CCCC,127
403,ZINC FORMATE,C(=O)[O-].[Zn+2].C(=O)[O-],110
404,ZINC METHACRYLATE,C(C(=C)C)(=O)[O-].[Zn+2].C(C(=C)C)(=O)[O-],20
405,ZINC NEODECANOATE,C(CCCCCC(C)(C)C)(=O)[O-].[Zn+2].C(CCCCCC(C)(C)C)(=O)[O-],102
406,ZINC TRIFLUOROMETHANESULFONATE,FC(S(=O)(=O)[O-])(F)F.[Zn+2].FC(S(=O)(=O)[O-])(F)F,-1
407,ZINC UNDECYLENATE,C(CCCCCCCCC=C)(=O)[O-].[Zn+2].C(CCCCCCCCC=C)(=O)[O-],20
408,ZIRCONIUM 2-ETHYLHEXANOATE,C(C)C(C(=O)[O-])CCCC.[Zr+4].C(C)C(C(=O)[O-])CCCC.C(C)C(C(=O)[O-])CCCC.C(C)C(C(=O)[O-])CCCC,65
409,ZIRCONIUM METHACRYLATE,C(C(=C)C)(=O)[O-].[Zr+4].C(C(=C)C)(=O)[O-].C(C(=C)C)(=O)[O-].C(C(=C)C)(=O)[O-],110
410,ALUMINUM YTTRIUM,[Y].[Al],35
411,LITHIUM TANTALUM,[Ta].[Li],35
412,STRONTIUM TITANIUM,[Ti].[Sr],39
413,STRONTIUM ZIRCONIUM,[Zr].[Sr],29
414,ISOBUTYLGERMANE,C(C(C)C)[GeH3],23
415,BORAZINE,N1BNBNB1,23
416,GALLIUM TRIIODIDE,[Ga](I)(I)I,20
417,HAFNIUM TETRACHLORIDE,[Cl-].[Cl-].[Cl-].[Cl-].[Hf+4],1
418,LITHIUM ALUMINUM HYDRIDE,[AlH4-].[Li+],20
419,TITANIUM TETRACHLORIDE,[Ti](Cl)(Cl)(Cl)Cl,104
420,ZIRCONIUM TETRACHLORIDE,[Cl-].[Cl-].[Cl-].[Cl-].[Zr+4],1
421,DIISOBUTYLALUMINUM HYDRIDE,C(C(C)C)[AlH]CC(C)C,4
422,DIMETHYLALUMINUM CHLORIDE,C[Al](C)Cl,18
423,DIMETHYLISOPROPOXYALUMINUM,C[Al](OC(C)C)C,5
424,ETHYLALUMINUM DICHLORIDE,C(C)[Al](Cl)Cl,4
425,TRIMETHYLALUMINUM,C[Al](C)C,4
426,p-(OCTYLOXYPHENYL)PHENYLIODONIUM HEXAFLUOROANTIMONATE,F[Sb-](F)(F)(F)(F)F.C(CCCCCCC)OC1=C(C=CC=C1)C1=CC=C(C=C1)[IH+],110
427,TRIPHENYLANTIMONY,C1(=CC=CC=C1)[Sb](C1=CC=CC=C1)C1=CC=CC=C1,-1
428,TRIS(DIMETHYLAMINO)ANTIMONY,CN(C)[Sb](N(C)C)N(C)C,60
429,TRIPHENYLARSINE,C1(=CC=CC=C1)[As](C1=CC=CC=C1)C1=CC=CC=C1,200
430,TRIS(DIMETHYLAMINO)ARSINE,CN(C)[As](N(C)C)N(C)C,60
431,TRIPHENYLBISMUTH,C1(=CC=CC=C1)[Bi](C1=CC=CC=C1)C1=CC=CC=C1,200
432,TRIPHENYLBORANE,C1(=CC=CC=C1)B(C1=CC=CC=C1)C1=CC=CC=C1,65
433,TRIS(PENTAFLUOROPHENYL)BORON,FC1=C(C(=C(C(=C1B(C1=C(C(=C(C(=C1F)F)F)F)F)C1=C(C(=C(C(=C1F)F)F)F)F)F)F)F)F,20
434,DIMETHYLCADMIUM,C[Cd]C,18
435,VINYLFERROCENE,C(=C)[C-]1C=CC=C1.[CH-]1C=CC=C1.[Fe+2],62
436,DIETHYLGALLIUM CHLORIDE,[Cl-].C(C)[Ga+]CC,0
437,TRIETHYLGALLIUM,C(C)[Ga](CC)CC,0
438,TRIMETHYLGALLIUM,C[Ga](C)C,1
439,TRIS(DIMETHYLAMINO)GALLIUM,CN(C)[Ga](N(C)C)N(C)C,56
440,TRIETHYLPHOSPHINE GOLD(I) CHLORIDE,[Au]Cl.C(C)P(CC)CC,20
441,HAFNIUM DIETHYLAMIDE,C(C)[N-]CC.[Hf+4].C(C)[N-]CC.C(C)[N-]CC.C(C)[N-]CC,65
442,HAFNIUM DIMETHYLAMIDE,C[N-]C.[Hf+4].C[N-]C.C[N-]C.C[N-]C,65
443,HAFNIUM TETRAKIS(ETHYLMETHYLAMIDE),C(C)[N-]C.C(C)[N-]C.C(C)[N-]C.C(C)[N-]C.[Hf+4],10
444,TRIMETHYLINDIUM,C[In](C)C,0
445,IRIDIUM(I) CYCLOOCTADIENE CHLORIDE,[Cl-].C1=CC=CCCCC1.[Ir+],110
446,n-BUTYLLITHIUM,C(CCC)[Li],23
447,t-BUTYLDICHLOROPHOSPHINE,C(C)(C)(C)P(Cl)Cl,-1
448,1-BUTYL-3-METHYLIMIDAZOLIUM HEXAFLUOROPHOSPHATE,F[P-](F)(F)(F)(F)F.C(CCC)[N+]1=CN(C=C1)C,150
449,DICYCLOHEXYLPHOSPHINE,C1(CCCCC1)PC1CCCCC1,110
450,DIETHYLOCTADECYLPHOSPHONATE,C(C)OP(OCC)(=O)CCCCCCCCCCCCCCCCCC,-1
451,DIPHENYLCHLOROPHOSPHINE,C1(=CC=CC=C1)P(Cl)C1=CC=CC=C1,326
452,DIETHYLPHOSPHITE,C(C)OP(OCC)[O-],90
453,DIPHENYLPHOSPHINE,C1(=CC=CC=C1)PC1=CC=CC=C1,110
454,DIPHENYLPHOSPHORYL AZIDE,C1(=CC=CC=C1)P(=O)(C1=CC=CC=C1)N=[N+]=[N-],112
455,DODECYLPHOSPHONIC ACID,C(CCCCCCCCCCC)P(O)(O)=O,110
456,HEXADECYLPHOSPHONIC ACID,C(CCCCCCCCCCCCCCC)P(O)(O)=O,-1
457,HEXYLPHOSPHONIC ACID,C(CCCCC)P(O)(O)=O,-1
458,OCTYLPHOSPHONIC ACID,C(CCCCCCC)P(O)(O)=O,110
459,OCTADECYLPHOSPHONIC ACID,C(CCCCCCCCCCCCCCCCC)P(O)(O)=O,110
460,TETRABUTYLPHOSPHONIUM CHLORIDE,[Cl-].C(CCC)[P+](CCCC)(CCCC)CCCC,450
461,TETRADECYL(TRIHEXYL)PHOSPHONIUM CHLORIDE,[Cl-].C(CCCCCCCCCCCCC)[P+](CCCCCC)(CCCCCC)CCCCCC,118
462,TRI-n-BUTYLTETRADECYLPHOSPHONIUM CHLORIDE,[Cl-].C(CCC)[P+](CCCCCCCCCCCCCC)(CCCC)CCCC,20
463,TRIETHYLPHOSPHATE,C(C)OP(=O)(OCC)OCC,116
464,TRIETHYLPHOSPHITE,C(C)OP(OCC)OCC,54
465,TRIMETHYLPHOSPHITE,COP(OC)OC,27
466,TRIOCTYLPHOSPHINE,C(CCCCCCC)P(CCCCCCCC)CCCCCCCC,147
467,TRIPHENYLPHOSPHINE,C1(=CC=CC=C1)P(C1=CC=CC=C1)C1=CC=CC=C1,182
468,TRIS(4-ISOCYANATOPHENYL)THIOPHOSPHATE,N(=C=O)C1=CC=C(C=C1)OP(=S)(OC1=CC=C(C=C1)N=C=O)OC1=CC=C(C=C1)N=C=O,4
469,PHENANTHROLINE RUTHENIUM DICHLORIDE,[Ru](Cl)Cl.N1=CC=CC2=CC=C3C=CC=NC3=C12,110
470,DIETHYLRUTHENOCENE,C(C)[C-]1C=CC=C1.[C-]1(C=CC=C1)CC.[Ru+2],110
471,TANTALUM PENTAKIS(DIMETHYLAMIDE),C[N-]C.C[N-]C.C[N-]C.C[N-]C.C[N-]C.[Ta+5],65
472,BIS(t-BUTYLCYCLOPENTADIENYL)TITANIUM DICHLORIDE,[Cl-].[Cl-].C(C)(C)(C)C1(C=CC=C1)[Ti+2]C1(C=CC=C1)C(C)(C)C,-1
473,BIS(CYCLOPENTADIENYL)TITANIUM(III) CHLORIDE,[Cl-].C1(C=CC=C1)[Ti+]C1C=CC=C1,110
474,BIS(PENTAMETHYLCYCLOPENTADIENYL)TITANIUM DICHLORIDE,[Cl-].[Cl-].CC1=C(C(=C(C1(C)[Ti+2]C1(C(=C(C(=C1C)C)C)C)C)C)C)C,110
475,CYCLOPENTADIENYLTITANIUM TRICHLORIDE,[Cl-].[Cl-].[Cl-].C1(C=CC=C1)[Ti+3],210
476,METHYLTITANIUM TRIISOPROPOXIDE,CC([O-])C.CC([O-])C.CC([O-])C.C[Ti+3],14
477,PHENYLTITANIUM TRIISOPROPOXIDE,CC([O-])C.CC([O-])C.CC([O-])C.C1(=CC=CC=C1)[Ti+3],14
478,TITANIUM TETRAKIS(DIETHYLAMIDE),C(C)[N-]CC.C(C)[N-]CC.C(C)[N-]CC.C(C)[N-]CC.[Ti+4],37
479,TITANIUM TETRAKIS(DIMETHYLAMIDE),C[N-]C.C[N-]C.C[N-]C.C[N-]C.[Ti+4],-1
480,TITANIUM TETRAKIS(ETHYLMETHYLAMIDE),C(C)[N-]C.C(C)[N-]C.C(C)[N-]C.C(C)[N-]C.[Ti+4],10
481,TITANOCENE DICHLORIDE,[Cl-].[Cl-].[CH-]1C=CC=C1.[CH-]1C=CC=C1.[Ti+2],110
482,DIETHYLZINC,C(C)[Zn]CC,4
483,BIS(n-BUTYLCYCLOPENTADIENYL)ZIRCONIUM DICHLORIDE,[Cl-].[Cl-].C(CCC)C1(C=CC=C1)[Zr+2]C1(C=CC=C1)CCCC,20
484,BIS(PENTAMETHYLCYCLOPENTADIENYL)ZIRCONIUM DICHLORIDE,[Cl-].[Cl-].CC1=C(C(=C(C1(C)[Zr+2]C1(C(=C(C(=C1C)C)C)C)C)C)C)C,110
485,ZIRCONIUM TETRAKIS(DIMETHYLAMIDE),C[N-]C.C[N-]C.C[N-]C.C[N-]C.[Zr+4],65
486,ZIRCONIUM TETRAKIS(ETHYLMETHYLAMIDE),C(C)[N-]C.C(C)[N-]C.C(C)[N-]C.C(C)[N-]C.[Zr+4],-1
487,ZIRCONOCENE DICHLORIDE,[Cl-].[Cl-].[CH-]1C=CC=C1.[CH-]1C=CC=C1.[Zr+2],110
488,LEAD(II) ACETATE,C(C)(=O)[O-].[Pb+2].C(C)(=O)[O-],20
489,LEAD(II) ACRYLATE,C(C=C)(=O)[O-].[Pb+2].C(C=C)(=O)[O-],20
490,LEAD(II) 2-ETHYLHEXANOATE,C(C)C(C(=O)[O-])CCCC.[Pb+2].C(C)C(C(=O)[O-])CCCC,20
491,LEAD MONOSILICATE,[Si]([O-])([O-])([O-])[O-].[Pb+4],20
492,LEAD(II) NITRATE,[N+](=O)([O-])[O-].[Pb+2].[N+](=O)([O-])[O-],20
493,TETRAETHYLLEAD,C(C)[Pb](CC)(CC)CC,73
494,LEAD(II) TRIFLUOROACETATE,FC(C(=O)[O-])(F)F.[Pb+2].FC(C(=O)[O-])(F)F,20
495,LITHIUM TRIMETHYLSILANOLATE,C[Si]([O-])(C)C.[Li+],4
496,POTASSIUM PHENYLDIMETHYLSILANOLATE,C1(=CC=CC=C1)[Si]([O-])(C)C.[K+],65
497,TRIS(TRIMETHYLSILOXY)BORON,C[Si](OB(O[Si](C)(C)C)O[Si](C)(C)C)(C)C,42
498,ACRYLOXYTRI-n-BUTYLTIN,C(C=C)(=O)O[Sn](CCCC)(CCCC)CCCC,76
499,ACRYLOXYTRIPHENYLTIN,C(C=C)(=O)O[Sn](C1=CC=CC=C1)(C1=CC=CC=C1)C1=CC=CC=C1,76
500,ALLYLTRI-n-BUTYLTIN,C(C=C)[Sn](CCCC)(CCCC)CCCC,103
501,ALLYLTRIPHENYLTIN,C(C=C)[Sn](C1=CC=CC=C1)(C1=CC=CC=C1)C1=CC=CC=C1,110
502,BIS[BIS(TRIMETHYLSILYL)AMINO]TIN(II),C[Si](C)(C)N([Si](C)(C)C)[Sn]N([Si](C)(C)C)[Si](C)(C)C,56
503,BIS(TRI-n-BUTYLSTANNYL)ACETYLENE,C(CCC)[Sn](CCCC)(CCCC)C#C[Sn](CCCC)(CCCC)CCCC,110
504,BIS(TRI-n-BUTYLSTANNYL)ETHYLENE,C(CCC)[Sn](CCCC)(CCCC)C=C[Sn](CCCC)(CCCC)CCCC,110
505,t-BUTYLTRI n-BUTYLTIN,C(C)(C)(C)[Sn](CCCC)(CCCC)CCCC,102
506,n-BUTYLTRICHLOROTIN,C(CCC)[Sn](Cl)(Cl)Cl,110
507,CARBOMETHOXYETHYLTRICHLOROTIN,C(=O)(OC)CC[Sn](Cl)(Cl)Cl,110
508,CHLOROMETHYLTRIMETHYLTIN,ClC[Sn](C)(C)C,39
509,CYCLOPENTADIENYLTRI-n-BUTYLTIN,C1(C=CC=C1)[Sn](CCCC)(CCCC)CCCC,110
510,DIACETOXYTIN,C(C)(=O)O[Sn]OC(C)=O,110
511,DIALLYLDIBROMOTIN,C(C=C)[Sn](Br)(Br)CC=C,110
512,DIALLYLDI-n-BUTYLTIN,C(C=C)[Sn](CCCC)(CCCC)CC=C,101
513,DI-n-BUTYLBIS(DODECYLTHIO)TIN,C(CCC)[Sn](SCCCCCCCCCCCC)(SCCCCCCCCCCCC)CCCC,204
514,DI-n-BUTYLBUTOXYCHLOROTIN,C(CCC)[Sn](Cl)(OCCCC)CCCC,110
515,DI-n-BUTYLDIACETOXYTIN,C(CCC)[Sn](OC(C)=O)(OC(C)=O)CCCC,143
516,DI-n-BUTYLDI-n-BUTOXYTIN,C(CCC)[Sn](OCCCC)(OCCCC)CCCC,116
517,DI-n-BUTYLDICHLOROTIN,C(CCC)[Sn](Cl)(Cl)CCCC,168
518,DI-t-BUTYLDICHLOROTIN,C(C)(C)(C)[Sn](Cl)(Cl)C(C)(C)C,113
519,DI-n-BUTYLDIFLUOROTIN,C(CCC)[Sn](F)(F)CCCC,150
520,DI-n-BUTYLDILAURYLTIN,C(CCC)[Sn](CCCCCCCCCCCC)(CCCCCCCCCCCC)CCCC,-1
521,DI-n-BUTYLDIMETHOXYTIN,C(CCC)[Sn](OC)(OC)CCCC,110
522,DI-n-BUTYLDIMETHYLTIN,C(CCC)[Sn](C)(C)CCCC,65
523,DI-n-BUTYLTIN OXIDE,C(CCC)[Sn](CCCC)=O,280
524,DI-t-BUTYLTIN OXIDE,C(C)(C)(C)[Sn](C(C)(C)C)=O,0
525,DI-n-BUTYLTIN SULFIDE,C(CCC)[Sn](CCCC)=S,110
526,DIETHYLTIN OXIDE,C(C)[Sn](CC)=O,0
527,DICYCLOHEXYLDICHLOROTIN,C1(CCCCC1)[Sn](Cl)(Cl)C1CCCCC1,110
528,DICYCLOHEXYLDIMETHYLTIN,C1(CCCCC1)[Sn](C)(C)C1CCCCC1,65
529,DIETHYLDICHLOROTIN,C(C)[Sn](Cl)(Cl)CC,20
530,DIMETHYLAMINOTRI-n-BUTYLTIN,CN(C)[Sn](CCCC)(CCCC)CCCC,115
531,DIMETHYLAMINOTRIMETHYLTIN,CN(C)[Sn](C)(C)C,1
532,DIMETHYLBIS(DODECYLTHIO)TIN,C[Sn](SCCCCCCCCCCCC)(SCCCCCCCCCCCC)C,204
533,DIMETHYLDICHLOROTIN,C[Sn](Cl)(Cl)C,20
534,DIMETHYLDIFLUOROTIN,C[Sn](F)(F)C,20
535,DIMETHYLDIIODOTIN,C[Sn](I)(I)C,65
536,DIMETHYLTIN OXIDE,C[Sn](C)=O,0
537,DINEOPHYLDICHLOROTIN,C(C(C)(C)C1=CC=CC=C1)[Sn](Cl)(Cl)CC(C)(C)C1=CC=CC=C1,150
538,DIOCTYLDICHLOROTIN,C(CCCCCCC)[Sn](Cl)(Cl)CCCCCCCC,204
539,DIOCTYLDILAURYLTIN,C(CCCCCCC)[Sn](CCCCCCCCCCCC)(CCCCCCCCCCCC)CCCCCCCC,70
540,DIOCTYLTIN OXIDE,C(CCCCCCC)[Sn](CCCCCCCC)=O,20
541,DIPHENYLDICHLOROTIN,C1(=CC=CC=C1)[Sn](Cl)(Cl)C1=CC=CC=C1,150
542,DIPHENYLTIN OXIDE,C1(=CC=CC=C1)[Sn](C1=CC=CC=C1)=O,205
543,DI-n-PROPYLDICHLOROTIN,C(CC)[Sn](Cl)(Cl)CCC,110
544,DIVINYLDI-n-BUTYLTIN,C(=C)[Sn](CCCC)(CCCC)C=C,65
545,DIVINYLDICHLOROTIN,C(=C)[Sn](Cl)(Cl)C=C,204
546,1-ETHOXYVINYLTRI-n-BUTYLTIN,C(C)OC(=C)[Sn](CCCC)(CCCC)CCCC,113
547,ETHYNYLTRI-n-BUTYLTIN,C(#C)[Sn](CCCC)(CCCC)CCCC,73
548,ETHYLTRIMETHYLTIN,C(C)[Sn](C)(C)C,20
549,p-FLUOROPHENYLTRI-n-BUTYLTIN,FC1=CC=C(C=C1)[Sn](CCCC)(CCCC)CCCC,110
550,METHACRYLOXYTRI-n-BUTYLTIN,C(C(=C)C)(=O)O[Sn](CCCC)(CCCC)CCCC,76
551,METHYLTRICHLOROTIN,C[Sn](Cl)(Cl)Cl,110
552,OCTYLTRICHLOROTIN,C(CCCCCCC)[Sn](Cl)(Cl)Cl,121
553,PHENYLETHYNYLTRI-n-BUTYLTIN,C1(=CC=CC=C1)C#C[Sn](CCCC)(CCCC)CCCC,113
554,PHENYLTRI-n-BUTYLTIN,C1(=CC=CC=C1)[Sn](CCCC)(CCCC)CCCC,107
555,PHENYLTHIOTRI-n-BUTYLTIN,C1(=CC=CC=C1)S[Sn](CCCC)(CCCC)CCCC,104
556,PHENYLTRICHLOROTIN,C1(=CC=CC=C1)[Sn](Cl)(Cl)Cl,110
557,PROPYNYLTRI-n-BUTYLTIN,C(#CC)[Sn](CCCC)(CCCC)CCCC,110
558,2-PYRIDYLTRI-n-BUTYLTIN,N1=C(C=CC=C1)[Sn](CCCC)(CCCC)CCCC,110
559,SODIUM TIN ETHOXIDE,[O-]CC.[Sn+4].[Na+].[O-]CC.[O-]CC.[O-]CC.[O-]CC,110
560,TETRAACETOXYTIN,C(C)(=O)O[Sn](OC(C)=O)(OC(C)=O)OC(C)=O,110
561,TETRAALLYLTIN,C(C=C)[Sn](CC=C)(CC=C)CC=C,75
562,TETRA-t-BUTOXYTIN,C(C)(C)(C)O[Sn](OC(C)(C)C)(OC(C)(C)C)OC(C)(C)C,65
563,TETRABUTYLDILAURYLDISTANNOXANE,C(CCC)[Sn](O[Sn](CCCCCCCCCCCC)(CCCCCCCCCCCC)CCCC)(CCCC)CCCC,231
564,TETRA-n-BUTYLTIN,C(CCC)[Sn](CCCC)(CCCC)CCCC,107
565,TETRACYCLOHEXYLTIN,C1(CCCCC1)[Sn](C1CCCCC1)(C1CCCCC1)C1CCCCC1,110
566,TETRAETHYLTIN,C(C)[Sn](CC)(CC)CC,53
567,TETRAISOPROPYLTIN,C(C)(C)[Sn](C(C)C)(C(C)C)C(C)C,1
568,TETRAKIS(DIETHYLAMINO)TIN,C(C)N(CC)[Sn](N(CC)CC)(N(CC)CC)N(CC)CC,39
569,TETRAKIS(DIMETHYLAMINO)TIN,CN(C)[Sn](N(C)C)(N(C)C)N(C)C,25
570,TETRAMETHYLTIN,C[Sn](C)(C)C,12
571,TETRA-n-PENTYLTIN,C(CCCC)[Sn](CCCCC)(CCCCC)CCCCC,110
572,TETRA-n-OCTYLTIN,C(CCCCCCC)[Sn](CCCCCCCC)(CCCCCCCC)CCCCCCCC,94
573,TETRAPHENYLTIN,C1(=CC=CC=C1)[Sn](C1=CC=CC=C1)(C1=CC=CC=C1)C1=CC=CC=C1,231
574,TETRA-n-PROPYLTIN,C(CC)[Sn](CCC)(CCC)CCC,65
575,TETRA-p-TOLYLTIN,C1(=CC=C(C=C1)[Sn](C1=CC=C(C=C1)C)(C1=CC=C(C=C1)C)C1=CC=C(C=C1)C)C,200
576,TETRAVINYLTIN,C(=C)[Sn](C=C)(C=C)C=C,40
577,2-THIENYLTRI-n-BUTYLTIN,S1C(=CC=C1)[Sn](CCCC)(CCCC)CCCC,106
578,TIN,[Sn],1166
579,TIN(II) CHLORIDE,[Sn](Cl)Cl,20
580,TIN(IV) CHLORIDE,[Sn](Cl)(Cl)(Cl)Cl,50
581,TIN(II) FLUORIDE,[Sn](F)F,-1
582,TIN(IV) IODIDE,[Sn](I)(I)(I)I,20
583,TIN(II) METHANESULFONATE,CS(=O)(=O)[O-].[Sn+2].CS(=O)(=O)[O-],0
584,TIN(II) OLEATE,C(CCCCCCC\C=C/CCCCCCCC)(=O)[O-].[Sn+2].C(CCCCCCC\C=C/CCCCCCCC)(=O)[O-],110
585,TIN(II) OXALATE,C(C(=O)[O-])(=O)[O-].[Sn+2],0
586,TIN(II) OXIDE,[Sn]=O,0
587,TIN(IV) OXIDE,[Sn](=O)=O,0
588,TIN(II) PYROPHOSPHATE,[O-]P([O-])(=O)OP(=O)([O-])[O-].[Sn+2].[Sn+2],-1
589,TRI-n-BUTYLACETOXYTIN,C(CCC)C(C(=O)O[Sn])(CCCC)CCCC,120
590,TRI-n-BUTYLAZIDOTIN,C(CCC)[Sn](N=[N+]=[N-])(CCCC)CCCC,110
591,TRI-n-BUTYLBENZOYLOXYTIN,C(CCC)[Sn](OC(C1=CC=CC=C1)=O)(CCCC)CCCC,174
592,TRI-n-BUTYLBROMOTIN,C(CCC)[Sn](Br)(CCCC)CCCC,120
593,TRI-n-BUTYLCHLOROTIN,C(CCC)[Sn](Cl)(CCCC)CCCC,120
594,TRI-n-BUTYLETHOXYTIN,C(CCC)[Sn](OCC)(CCCC)CCCC,104
595,TRI-n-BUTYLFLUOROTIN,C(CCC)[Sn](F)(CCCC)CCCC,150
596,TRI-n-BUTYLIODOTIN,C(CCC)[Sn](I)(CCCC)CCCC,113
597,TRI-n-BUTYLMETHOXYTIN,C(CCC)[Sn](OC)(CCCC)CCCC,98
598,TRI-n-BUTYLMETHYLTIN,C(CCC)[Sn](C)(CCCC)CCCC,100
599,TRI-n-BUTYLTIN HYDRIDE,C(CCC)[SnH](CCCC)CCCC,40
600,TRICYCLOHEXYLCHLOROTIN,C1(CCCCC1)[Sn](Cl)(C1CCCCC1)C1CCCCC1,150
601,TRICYCLOHEXYLTIN HYDRIDE,C1(CCCCC1)[SnH](C1CCCCC1)C1CCCCC1,105
602,TRIETHYLBROMOTIN,C(C)[Sn](Br)(CC)CC,99
603,TRIMETHYLCHLOROTIN,C[Sn](Cl)(C)C,97
604,TRIMETHYLFLUOROTIN,C[Sn](F)(C)C,65
605,TRIMETHYLIODOTIN,C[Sn](I)(C)C,65
606,TRI-n-PENTYLCHLOROTIN,C(CCCC)[Sn](Cl)(CCCCC)CCCCC,120
607,TRI-n-BUTYLSTANNYLTRIMETHYLSILANE,C(CCC)[Sn](CCCC)(CCCC)[Si](C)(C)C,110
608,TRIPHENYLACETOXYTIN,C1(=CC=CC=C1)C(C(=O)O[Sn])(C1=CC=CC=C1)C1=CC=CC=C1,110
609,TRINEOPHYLTIN HYDRIDE,C(C(C)(C)C1=CC=CC=C1)[SnH](CC(C)(C)C1=CC=CC=C1)CC(C)(C)C1=CC=CC=C1,110
610,TRI-n-OCTYLCHLOROTIN,C(CCCCCCC)[Sn](Cl)(CCCCCCCC)CCCCCCCC,204
611,TRIPHENYLCHLOROTIN,C1(=CC=CC=C1)[Sn](Cl)(C1=CC=CC=C1)C1=CC=CC=C1,70
612,TRIPHENYLFLUOROTIN,C1(=CC=CC=C1)[Sn](F)(C1=CC=CC=C1)C1=CC=CC=C1,20
613,TRIPHENYLHYDROXYTIN,C1(=CC=CC=C1)[Sn](O)(C1=CC=CC=C1)C1=CC=CC=C1,110
614,TRIPHENYLIODOTIN,C1(=CC=CC=C1)[Sn](I)(C1=CC=CC=C1)C1=CC=CC=C1,110
615,TRIPHENYLTIN HYDRIDE,C1(=CC=CC=C1)[SnH](C1=CC=CC=C1)C1=CC=CC=C1,110
616,TRI-n-PROPYLCHLOROTIN,C(CC)[Sn](Cl)(CCC)CCC,110
617,VINYLTRI-n-BUTYLTIN,C(=C)[Sn](CCCC)(CCCC)CCCC,110
