,productCode,casNum,compound,smiles,flashPoint,img,sds
0,SIA0006.0,57757-66-1,(3-ACETAMIDOPROPYL)TRIMETHOXYSILANE,C(C)(=O)NCCC[Si](OC)(OC)OC,65,https://www.gelest.com:443/wp-content/uploads/product_thumbnails/SIA0006.0.gif,https://s3.amazonaws.com/gelest/sds/SIA0006.0_GHS+US_English+US.pdf
1,SIA0010.0,18306-45-1,ACETOXYETHYLDIMETHYLCHLOROSILANE,C(C)(=O)OCC[Si](Cl)(C)C,63,https://www.gelest.com:443/wp-content/uploads/product_thumbnails/SIA0010.0.gif,https://s3.amazonaws.com/gelest/sds/SIA0010.0_GHS+US_English+US.pdf
2,SIA0015.0,18163-34-3,ACETOXYETHYLMETHYLDICHLOROSILANE,C(C)(=O)OCC[Si](Cl)(Cl)C,65,https://www.gelest.com:443/wp-content/uploads/product_thumbnails/SIA0015.0.gif,https://s3.amazonaws.com/gelest/sds/SIA0015.0_GHS+US_English+US.pdf
3,SIA0020.0,18204-80-3,ACETOXYETHYLTRICHLOROSILANE,C(C)(=O)OCC[Si](Cl)(Cl)Cl,82,https://www.gelest.com:443/wp-content/uploads/product_thumbnails/SIA0020.0.gif,https://s3.amazonaws.com/gelest/sds/SIA0020.0_GHS+US_English+US.pdf
4,SIA0025.0,22538-45-0,ACETOXYETHYLTRIETHOXYSILANE,C(C)(=O)OCC[Si](OCC)(OCC)OCC,99,https://www.gelest.com:443/wp-content/uploads/product_thumbnails/SIA0025.0.gif,https://s3.amazonaws.com/gelest/sds/SIA0025.0_GHS+US_English+US.pdf
5,SIA0030.0,72878-29-6,ACETOXYETHYLTRIMETHOXYSILANE,C(C)(=O)OCC[Si](OC)(OC)OC,60,https://www.gelest.com:443/wp-content/uploads/product_thumbnails/SIA0030.0.gif,https://s3.amazonaws.com/gelest/sds/SIA0030.0_GHS+US_English+US.pdf
6,SIA0035.0,1356113-09-1,ACETOXYETHYLTRIS(DIMETHYLAMINO)SILANE,C(C)(=O)OCC[Si](N(C)C)(N(C)C)N(C)C,40,https://www.gelest.com:443/wp-content/uploads/product_thumbnails/SIA0035.0.gif,https://s3.amazonaws.com/gelest/sds/SIA0035.0_GHS+US_English+US.pdf
7,SIA0038.0,14697-86-0,ACETOXYHEPTAMETHYLCYCLOTETRASILOXANE,C(C)(=O)O[Si]1(O[Si](O[Si](O[Si](O1)(C)C)(C)C)(C)C)C,65,https://www.gelest.com:443/wp-content/uploads/product_thumbnails/SIA0038.0.gif,https://s3.amazonaws.com/gelest/sds/SIA0038.0_GHS+US_English+US.pdf
8,SIA0050.0,5630-83-1,ACETOXYMETHYLTRIETHOXYSILANE,C(C)(=O)OC[Si](OCC)(OCC)OCC,60,https://www.gelest.com:443/wp-content/uploads/product_thumbnails/SIA0050.0.gif,https://s3.amazonaws.com/gelest/sds/SIA0050.0_GHS+US_English+US.pdf
9,SIA0060.0,2917-65-9,ACETOXYMETHYLTRIMETHYLSILANE,C(C)(=O)OC[Si](C)(C)C,20,https://www.gelest.com:443/wp-content/uploads/product_thumbnails/SIA0060.0.gif,https://s3.amazonaws.com/gelest/sds/SIA0060.0_GHS+US_English+US.pdf
10,SIA0070.0,627882-90-0/282534-42-3,4-ACETOXYPHENETHYLTRICHLOROSILANE,C(C)(=O)OC1=CC=C(CC[Si](Cl)(Cl)Cl)C=C1,110,https://www.gelest.com:443/wp-content/uploads/product_thumbnails/SIA0070.0.gif,https://s3.amazonaws.com/gelest/sds/SIA0070.0_GHS+US_English+US.pdf
11,SIA0088.0,18044-09-2,3-(3-ACETOXYPROPYL)HEPTAMETHYLTRISILOXANE,C(C)(=O)OCCC[Si](O[Si](C)(C)C)(O[Si](C)(C)C)C,65,https://www.gelest.com:443/wp-content/uploads/product_thumbnails/SIA0088.0.gif,https://s3.amazonaws.com/gelest/sds/SIA0088.0_GHS+US_English+US.pdf
12,SIA0090.0,5290-24-4,3-ACETOXYPROPYLMETHYLDICHLOROSILANE,C(C)(=O)OCCC[Si](Cl)(Cl)C,85,https://www.gelest.com:443/wp-content/uploads/product_thumbnails/SIA0090.0.gif,https://s3.amazonaws.com/gelest/sds/SIA0090.0_GHS+US_English+US.pdf
13,SIA0100.0,59004-18-1,3-ACETOXYPROPYLTRIMETHOXYSILANE,C(C)(=O)OCCC[Si](OC)(OC)OC,93,https://www.gelest.com:443/wp-content/uploads/product_thumbnails/SIA0100.0.gif,https://s3.amazonaws.com/gelest/sds/SIA0100.0_GHS+US_English+US.pdf
14,SIA0110.0,2754-27-0,ACETOXYTRIMETHYLSILANE,C(C)(=O)O[Si](C)(C)C,4,https://www.gelest.com:443/wp-content/uploads/product_thumbnails/SIA0110.0.gif,https://s3.amazonaws.com/gelest/sds/SIA0110.0_GHS+US_English+US.pdf
15,SIA0115.0,959053-85-1,11-ACETOXYUNDECYLTRIETHOXYSILANE,C(C)(=O)OCCCCCCCCCCC[Si](OCC)(OCC)OCC,150,https://www.gelest.com:443/wp-content/uploads/product_thumbnails/SIA0115.0.gif,https://s3.amazonaws.com/gelest/sds/SIA0115.0_GHS+US_English+US.pdf
16,SIA0120.2,1274903-53-5,N-(ACETYLGLYCYL)-3-AMINOPROPYLTRIMETHOXYSILANE,C(C)(=O)NCC(=O)NCCC[Si](OC)(OC)OC,11,https://www.gelest.com:443/wp-content/uploads/product_thumbnails/SIA0120.2.gif,https://s3.amazonaws.com/gelest/sds/SIA0120.2_GHS+US_English+US.pdf
17,SIA0126.0,1300591-79-0,3-(N-ACETYL-4-HYDROXYPROLYLOXY)PROPYLTRIETHOXYSILANE,C(C)(=O)N1[C@@H](CC(C1)O)C(=O)OCCC[Si](OCC)(OCC)OCC,15,https://www.gelest.com:443/wp-content/uploads/product_thumbnails/SIA0126.0.gif,https://s3.amazonaws.com/gelest/sds/SIA0126.0_GHS+US_English+US.pdf
18,SIA0127.0,1367348-25-1,N-(N-ACETYLLEUCYL)-3-AMINOPROPYLTRIETHOXYSILANE,C(C)(=O)N[C@@H](CC(C)C)C(=O)NCCC[Si](OCC)(OCC)OCC,15,https://www.gelest.com:443/wp-content/uploads/product_thumbnails/SIA0127.0.gif,https://s3.amazonaws.com/gelest/sds/SIA0127.0_GHS+US_English+US.pdf
19,SIA0130.0,13411-48-8,ACETYLTRIMETHYLSILANE,C(C)(=O)[Si](C)(C)C,8,https://www.gelest.com:443/wp-content/uploads/product_thumbnails/SIA0130.0.gif,https://s3.amazonaws.com/gelest/sds/SIA0130.0_GHS+US_English+US.pdf
20,SIA0146.0,57577-96-5,3-ACRYLAMIDOPROPYLTRIMETHOXYSILANE,C(C=C)(=O)NCCC[Si](OC)(OC)OC,110,https://www.gelest.com:443/wp-content/uploads/product_thumbnails/SIA0146.0.gif,https://s3.amazonaws.com/gelest/sds/SIA0146.0_GHS+US_English+US.pdf
21,SIA0150.0,115258-10-1,3-ACRYLAMIDOPROPYLTRIS(TRIMETHYLSILOXY)SILANE,C(C=C)(=O)NCCC[Si](O[Si](C)(C)C)(O[Si](C)(C)C)O[Si](C)(C)C,110,https://www.gelest.com:443/wp-content/uploads/product_thumbnails/SIA0150.0.gif,https://s3.amazonaws.com/gelest/sds/SIA0150.0_GHS+US_English+US.pdf
22,SIA0160.0,18269-99-3,(2-ACRYLOXYETHOXY)TRIMETHYLSILANE,C(C=C)(=O)OCCO[Si](C)(C)C,65,https://www.gelest.com:443/wp-content/uploads/product_thumbnails/SIA0160.0.gif,https://s3.amazonaws.com/gelest/sds/SIA0160.0_GHS+US_English+US.pdf
23,SIA0180.0,123198-57-2,N-(3-ACRYLOXY-2-HYDROXYPROPYL)-3-AMINOPROPYLTRIETHOXYSILANE,C(C=C)(=O)OCC(CNCCC[Si](OCC)(OCC)OCC)O,15,https://www.gelest.com:443/wp-content/uploads/product_thumbnails/SIA0180.0.gif,https://s3.amazonaws.com/gelest/sds/SIA0180.0_GHS+US_English+US.pdf
24,SIA0182.0,21134-38-3,ACRYLOXYMETHYLTRIMETHOXYSILANE,C(C=C)(=O)OC[Si](OC)(OC)OC,62,https://www.gelest.com:443/wp-content/uploads/product_thumbnails/SIA0182.0.gif,https://s3.amazonaws.com/gelest/sds/SIA0182.0_GHS+US_English+US.pdf
25,SIA0184.0,141813-19-6 (m-)/141813-20-9 (p-),(ACRYLOXYMETHYL)PHENETHYLTRIMETHOXYSILANE,C(C=C)(=O)OCCO[Si](OC)(OC)CCC1=CC=CC=C1,20,https://www.gelest.com:443/wp-content/uploads/product_thumbnails/SIA0184.0.gif,https://s3.amazonaws.com/gelest/sds/SIA0184.0_GHS+US_English+US.pdf
26,SIA0186.0,67186-35-0,ACRYLOXYMETHYLTRIMETHYLSILANE,C(C=C)(=O)OC[Si](C)(C)C,20,https://www.gelest.com:443/wp-content/uploads/product_thumbnails/SIA0186.0.gif,https://s3.amazonaws.com/gelest/sds/SIA0186.0_GHS+US_English+US.pdf
27,SIA0190.0,111918-90-2,(3-ACRYLOXYPROPYL)DIMETHYLMETHOXYSILANE,C(C=C)(=O)OCCC[Si](OC)(C)C,85,https://www.gelest.com:443/wp-content/uploads/product_thumbnails/SIA0190.0.gif,https://s3.amazonaws.com/gelest/sds/SIA0190.0_GHS+US_English+US.pdf
28,SIA0194.0,177617-17-3,(3-ACRYLOXYPROPYL)METHYLBIS(TRIMETHYLSILOXY)SILANE,C(C=C)(=O)OCCC[Si](O[Si](C)(C)C)(O[Si](C)(C)C)C,110,https://www.gelest.com:443/wp-content/uploads/product_thumbnails/SIA0194.0.gif,https://s3.amazonaws.com/gelest/sds/SIA0194.0_GHS+US_English+US.pdf
29,SIA0196.0,71550-63-5,(3-ACRYLOXYPROPYL)METHYLDICHLOROSILANE,C(C=C)(=O)OCCC[Si](Cl)(Cl)C,100,https://www.gelest.com:443/wp-content/uploads/product_thumbnails/SIA0196.0.gif,https://s3.amazonaws.com/gelest/sds/SIA0196.0_GHS+US_English+US.pdf
30,SIA0197.0,146666-71-9,(3-ACRYLOXYPROPYL)METHYLDIETHOXYSILANE,C(C=C)(=O)OCCC[Si](OCC)(OCC)C,110,https://www.gelest.com:443/wp-content/uploads/product_thumbnails/SIA0197.0.gif,https://s3.amazonaws.com/gelest/sds/SIA0197.0_GHS+US_English+US.pdf
31,SIA0199.0,38595-89-0,(3-ACRYLOXYPROPYL)TRICHLOROSILANE,C(C=C)(=O)OCCC[Si](Cl)(Cl)Cl,110,https://www.gelest.com:443/wp-content/uploads/product_thumbnails/SIA0199.0.gif,https://s3.amazonaws.com/gelest/sds/SIA0199.0_GHS+US_English+US.pdf
32,SIA0200.0,4369-14-6,(3-ACRYLOXYPROPYL)TRIMETHOXYSILANE,C(C=C)(=O)OCCC[Si](OC)(OC)OC,123,https://www.gelest.com:443/wp-content/uploads/product_thumbnails/SIA0200.0.gif,https://s3.amazonaws.com/gelest/sds/SIA0200.0_GHS+US_English+US.pdf
33,SIA0200.2,,(3-ACRYLOXYPROPYL)TRIMETHOXYSILANE,C(C=C)(=O)OCCC[Si](OC)(OC)OC,121,https://www.gelest.com:443/wp-content/uploads/SIA0200.2-420x460.png,https://s3.amazonaws.com/gelest/sds/SIA0200.2_GHS+US_English+US.pdf
34,SIA0210.0,17096-12-7,(3-ACRYLOXYPROPYL)TRIS(TRIMETHYLSILOXY)SILANE,C(C=C)(=O)OCCC[Si](O[Si](C)(C)C)(O[Si](C)(C)C)O[Si](C)(C)C,93,https://www.gelest.com:443/wp-content/uploads/product_thumbnails/SIA0210.0.gif,https://s3.amazonaws.com/gelest/sds/SIA0210.0_GHS+US_English+US.pdf
35,SIA0315.0,157859-20-6,ACRYLOXYTRIISOPROPYLSILANE,C(C=C)(=O)O[Si](C(C)C)(C(C)C)C(C)C,65,https://www.gelest.com:443/wp-content/uploads/product_thumbnails/SIA0315.0.gif,https://s3.amazonaws.com/gelest/sds/SIA0315.0_GHS+US_English+US.pdf
36,SIA0320.0,13688-55-6,ACRYLOXYTRIMETHYLSILANE,C(C=C)(=O)O[Si](C)(C)C,26,https://www.gelest.com:443/wp-content/uploads/product_thumbnails/SIA0320.0.gif,https://s3.amazonaws.com/gelest/sds/SIA0320.0_GHS+US_English+US.pdf
37,SIA0325.0,37843-11-1,ADAMANTYLETHYLTRICHLOROSILANE,C12(CC3CC(CC(C1)C3)C2)CC[Si](Cl)(Cl)Cl,155,https://www.gelest.com:443/wp-content/uploads/product_thumbnails/SIA0325.0.gif,https://s3.amazonaws.com/gelest/sds/SIA0325.0_GHS+US_English+US.pdf
38,SIA0400.0,31024-46-1,3-(N-ALLYLAMINO)PROPYLTRIMETHOXYSILANE,C(C=C)NCCC[Si](OC)(OC)OC,88,https://www.gelest.com:443/wp-content/uploads/product_thumbnails/SIA0400.0.gif,https://s3.amazonaws.com/gelest/sds/SIA0400.0_GHS+US_English+US.pdf
39,SIA0402.0,10519-97-8,ALLYLAMINOTRIMETHYLSILANE,C(C=C)N[Si](C)(C)C,10,https://www.gelest.com:443/wp-content/uploads/product_thumbnails/SIA0402.0.gif,https://s3.amazonaws.com/gelest/sds/SIA0402.0_GHS+US_English+US.pdf
40,SIA0440.0,75422-66-1,ALLYL(CHLOROMETHYL)DIMETHYLSILANE,C(C=C)[Si](C)(C)CCl,27,https://www.gelest.com:443/wp-content/uploads/product_thumbnails/SIA0440.0.gif,https://s3.amazonaws.com/gelest/sds/SIA0440.0_GHS+US_English+US.pdf
41,SIA0441.0,166970-54-3,ALLYL(3-CHLOROPROPYL)DICHLOROSILANE,C(C=C)[Si](Cl)(Cl)CCCCl,76,https://www.gelest.com:443/wp-content/uploads/product_thumbnails/SIA0441.0.gif,https://s3.amazonaws.com/gelest/sds/SIA0441.0_GHS+US_English+US.pdf
42,SIA0445.0,3937-28-8,ALLYLDICHLOROSILANE,C(C=C)[SiH](Cl)Cl,4,https://www.gelest.com:443/wp-content/uploads/product_thumbnails/SIA0445.0.gif,https://s3.amazonaws.com/gelest/sds/SIA0445.0_GHS+US_English+US.pdf
43,SIA0447.0,18147-35-8,ALLYLDIMETHOXYSILANE,C(C=C)[SiH](OC)OC,38,https://www.gelest.com:443/wp-content/uploads/product_thumbnails/SIA0447.0.gif,https://s3.amazonaws.com/gelest/sds/SIA0447.0_GHS+US_English+US.pdf
44,SIA0460.0,4028-23-3,ALLYLDIMETHYLCHLOROSILANE,C(C=C)[Si](Cl)(C)C,5,https://www.gelest.com:443/wp-content/uploads/product_thumbnails/SIA0460.0.gif,https://s3.amazonaws.com/gelest/sds/SIA0460.0_GHS+US_English+US.pdf
45,SIA0461.0,106948-24-7,ALLYLDIMETHYL(DIISOPROPYLAMINO)SILANE,C(C=C)[Si](N(C(C)C)C(C)C)(C)C,62,https://www.gelest.com:443/wp-content/uploads/product_thumbnails/SIA0461.0.gif,https://s3.amazonaws.com/gelest/sds/SIA0461.0_GHS+US_English+US.pdf
46,SIA0464.0,3937-30-2,ALLYLDIMETHYLSILANE,C(C=C)[SiH](C)C,20,https://www.gelest.com:443/wp-content/uploads/product_thumbnails/SIA0464.0.gif,https://s3.amazonaws.com/gelest/sds/SIA0464.0_GHS+US_English+US.pdf
47,SIA0469.0,68469-60-3,ALLYL(4-METHOXYPHENYL)DIMETHYLSILANE,C(C=C)[Si](C)(C)C1=CC=C(C=C1)OC,102,https://www.gelest.com:443/wp-content/uploads/product_thumbnails/SIA0469.0.gif,https://s3.amazonaws.com/gelest/sds/SIA0469.0_GHS+US_English+US.pdf
48,SIA0470.0,1873-92-3,ALLYLMETHYLDICHLOROSILANE,C(C=C)C[SiH](Cl)Cl,27,https://www.gelest.com:443/wp-content/uploads/product_thumbnails/SIA0470.0.gif,https://s3.amazonaws.com/gelest/sds/SIA0470.0_GHS+US_English+US.pdf
49,SIA0476.0,85807-85-8,ALLYLOXY-t-BUTYLDIMETHYLSILANE,C(C=C)O[Si](C)(C)C(C)(C)C,32,https://www.gelest.com:443/wp-content/uploads/product_thumbnails/SIA0476.0.gif,https://s3.amazonaws.com/gelest/sds/SIA0476.0_GHS+US_English+US.pdf
50,SIA0480.0,18146-00-4,ALLYLOXYTRIMETHYLSILANE,C(C=C)O[Si](C)(C)C,0,https://www.gelest.com:443/wp-content/uploads/product_thumbnails/SIA0480.0.gif,https://s3.amazonaws.com/gelest/sds/SIA0480.0_GHS+US_English+US.pdf
51,SIA0485.0,67681-66-7,ALLYLMETHYLDIMETHOXYSILANE,C(C=C)C[SiH](OC)OC,40,https://www.gelest.com:443/wp-content/uploads/product_thumbnails/SIA0485.0.gif,https://s3.amazonaws.com/gelest/sds/SIA0485.0_GHS+US_English+US.pdf
52,SIA0486.0,7719-03-1,ALLYLPHENYLDICHLOROSILANE,C(C=C)[Si](Cl)(Cl)C1=CC=CC=C1,76,https://www.gelest.com:443/wp-content/uploads/product_thumbnails/SIA0486.0.gif,https://s3.amazonaws.com/gelest/sds/SIA0486.0_GHS+US_English+US.pdf
53,SIA0489.0,1356114-60-7,m-ALLYLPHENYLPROPYLTRIETHOXYSILANE,C(C=C)C=1C=C(C=CC1)CCC[Si](OCC)(OCC)OCC,110,https://www.gelest.com:443/wp-content/uploads/SIA0489.0-412x460.png,https://s3.amazonaws.com/gelest/sds/SIA0489.0_GHS+US_English+US.pdf
54,SIA0520.0,107-37-9,ALLYLTRICHLOROSILANE,C(C=C)[Si](Cl)(Cl)Cl,31,https://www.gelest.com:443/wp-content/uploads/product_thumbnails/SIA0520.0.gif,https://s3.amazonaws.com/gelest/sds/SIA0520.0_GHS+US_English+US.pdf
55,SIA0525.0,2550-04-1,ALLYLTRIETHOXYSILANE,C(C=C)[Si](OCC)(OCC)OCC,47,https://www.gelest.com:443/wp-content/uploads/product_thumbnails/SIA0525.0.gif,https://s3.amazonaws.com/gelest/sds/SIA0525.0_GHS+US_English+US.pdf
56,SIA0535.0,24400-84-8,ALLYLTRIISOPROPYLSILANE,C(C=C)[Si](C(C)C)(C(C)C)C(C)C,76,https://www.gelest.com:443/wp-content/uploads/product_thumbnails/SIA0535.0.gif,https://s3.amazonaws.com/gelest/sds/SIA0535.0_GHS+US_English+US.pdf
57,SIA0540.0,2551-83-9,ALLYLTRIMETHOXYSILANE,C(C=C)[Si](OC)(OC)OC,46,https://www.gelest.com:443/wp-content/uploads/product_thumbnails/SIA0540.0.gif,https://s3.amazonaws.com/gelest/sds/SIA0540.0_GHS+US_English+US.pdf
58,SIA0555.0,762-72-1,ALLYLTRIMETHYLSILANE,C(C=C)[Si](C)(C)C,7,https://www.gelest.com:443/wp-content/uploads/product_thumbnails/SIA0555.0.gif,https://s3.amazonaws.com/gelest/sds/SIA0555.0_GHS+US_English+US.pdf
59,SIA0575.0,18752-21-1,ALLYLTRIPHENYLSILANE,C(C=C)[Si](C1=CC=CC=C1)(C1=CC=CC=C1)C1=CC=CC=C1,200,https://www.gelest.com:443/wp-content/uploads/product_thumbnails/SIA0575.0.gif,https://s3.amazonaws.com/gelest/sds/SIA0575.0_GHS+US_English+US.pdf
60,SIA0585.0,7087-21-0,ALLYLTRIS(TRIMETHYLSILOXY)SILANE,C(C=C)[Si](O[Si](C)(C)C)(O[Si](C)(C)C)O[Si](C)(C)C,67,https://www.gelest.com:443/wp-content/uploads/product_thumbnails/SIA0585.0.gif,https://s3.amazonaws.com/gelest/sds/SIA0585.0_GHS+US_English+US.pdf
61,SIA0587.0,3069-30-5,4-AMINOBUTYLTRIETHOXYSILANE,NCCCC[Si](OCC)(OCC)OCC,109,https://www.gelest.com:443/wp-content/uploads/product_thumbnails/SIA0587.0.gif,https://s3.amazonaws.com/gelest/sds/SIA0587.0_GHS+US_English+US.pdf
62,SIA0587.1,,1-AMINO-2-(DIMETHYLETHOXYSILYL)PROPANE,NCC(C)[Si](OCC)(C)C,65,https://www.gelest.com:443/wp-content/uploads/product_thumbnails/SIA0587.1.gif,https://s3.amazonaws.com/gelest/sds/SIA0587.1_GHS+US_English+US.pdf
63,SIA0588.0,74113-77-2,(AMINOETHYLAMINOMETHYL)PHENETHYLTRIMETHOXYSILANE,NCCNCCO[Si](OC)(OC)CCC1=CC=CC=C1,110,https://www.gelest.com:443/wp-content/uploads/product_thumbnails/SIA0588.0.gif,https://s3.amazonaws.com/gelest/sds/SIA0588.0_GHS+US_English+US.pdf
64,SIA0588.8,70240-34-5,N-(2-AMINOETHYL)-3-AMINOPROPYLMETHYLDIETHOXYSILANE,NCCNCCC[Si](OCC)(OCC)C,110,https://www.gelest.com:443/wp-content/uploads/product_thumbnails/SIA0588.8.gif,https://s3.amazonaws.com/gelest/sds/SIA0588.8_GHS+US_English+US.pdf
65,SIA0589.0,3069-29-2,N-(2-AMINOETHYL)-3-AMINOPROPYLMETHYLDIMETHOXYSILANE,NCCNCCC[Si](OC)(OC)C,90,https://www.gelest.com:443/wp-content/uploads/product_thumbnails/SIA0589.0.gif,https://s3.amazonaws.com/gelest/sds/SIA0589.0_GHS+US_English+US.pdf
66,SIA0590.0,68400-09-9,N-(2-AMINOETHYL)-3-AMINOPROPYLSILANETRIOL,NCCNCCC[Si](O)(O)O,110,https://www.gelest.com:443/wp-content/uploads/product_thumbnails/SIA0590.0.gif,https://s3.amazonaws.com/gelest/sds/SIA0590.0_GHS+US_English+US.pdf
67,SIA0590.5,5089-72-5,N-(2-AMINOETHYL)-3-AMINOPROPYLTRIETHOXYSILANE,NCCNCCC[Si](OCC)(OCC)OCC,148,https://www.gelest.com:443/wp-content/uploads/product_thumbnails/SIA0590.5.gif,https://s3.amazonaws.com/gelest/sds/SIA0590.5_GHS+US_English+US.pdf
68,SIA0591.0,1760-24-3,N-(2-AMINOETHYL)-3-AMINOPROPYLTRIMETHOXYSILANE,NCCNCCC[Si](OC)(OC)OC,150,https://www.gelest.com:443/wp-content/uploads/product_thumbnails/SIA0591.0.gif,https://s3.amazonaws.com/gelest/sds/SIA0591.0_GHS+US_English+US.pdf
69,SIA0591.1,1760-24-3,N-(2-AMINOETHYL)-3-AMINOPROPYLTRIMETHOXYSILANE,NCCNCCC[Si](OC)(OC)OC,150,https://www.gelest.com:443/wp-content/uploads/product_thumbnails/SIA0591.1.gif,https://s3.amazonaws.com/gelest/sds/SIA0591.1_GHS+US_English+US.pdf
70,SIA0591.3,,N-(2-AMINOETHYL)-3-AMINOPROPYLTRIMETHOXYSILANE-PROPYLTRIMETHOXYSILANE,C(CC)[Si](OC)(OC)OC.NCCNCCC[Si](OC)(OC)OC,110,https://www.gelest.com:443/wp-content/uploads/SIA0591.3-349x460.png,https://s3.amazonaws.com/gelest/sds/SIA0591.3_GHS+US_English+US.pdf
71,SIA0592.6,15129-36-9,N-(6-AMINOHEXYL)AMINOMETHYLTRIETHOXYSILANE,NCCCCCCNC[Si](OCC)(OCC)OCC,110,https://www.gelest.com:443/wp-content/uploads/product_thumbnails/SIA0592.6.gif,https://s3.amazonaws.com/gelest/sds/SIA0592.6_GHS+US_English+US.pdf
72,SIA0594.0,51895-58-0,N-(6-AMINOHEXYL)AMINOPROPYLTRIMETHOXYSILANE,NCCCCCCNCCC[Si](OC)(OC)OC,110,https://www.gelest.com:443/wp-content/uploads/product_thumbnails/SIA0594.0.gif,https://s3.amazonaws.com/gelest/sds/SIA0594.0_GHS+US_English+US.pdf
73,SIA0595.0,121772-92-7,N-(2-AMINOETHYL)-11-AMINOUNDECYLTRIMETHOXYSILANE,NCCNCCCCCCCCCCC[Si](OC)(OC)OC,150,https://www.gelest.com:443/wp-content/uploads/product_thumbnails/SIA0595.0.gif,https://s3.amazonaws.com/gelest/sds/SIA0595.0_GHS+US_English+US.pdf
74,SIA0596.0,18166-02-4,AMINOMETHYLTRIMETHYLSILANE,NC[Si](C)(C)C,9,https://www.gelest.com:443/wp-content/uploads/product_thumbnails/SIA0596.0.gif,https://s3.amazonaws.com/gelest/sds/SIA0596.0_GHS+US_English+US.pdf
75,SIA0598.0,55648-29-8,3-(m-AMINOPHENOXY)PROPYLTRIMETHOXYSILANE,NC=1C=C(OCCC[Si](OC)(OC)OC)C=CC1,110,https://www.gelest.com:443/wp-content/uploads/product_thumbnails/SIA0598.0.gif,https://s3.amazonaws.com/gelest/sds/SIA0598.0_GHS+US_English+US.pdf
76,SIA0599.0,70411-42-6,m-AMINOPHENYLTRIMETHOXYSILANE,NC=1C=C(C=CC1)[Si](OC)(OC)OC,180,https://www.gelest.com:443/wp-content/uploads/product_thumbnails/SIA0599.0.gif,https://s3.amazonaws.com/gelest/sds/SIA0599.0_GHS+US_English+US.pdf
77,SIA0599.1,33976-43-1,p-AMINOPHENYLTRIMETHOXYSILANE,NC1=CC=C(C=C1)[Si](OC)(OC)OC,180,https://www.gelest.com:443/wp-content/uploads/product_thumbnails/SIA0599.1.gif,https://s3.amazonaws.com/gelest/sds/SIA0599.1_GHS+US_English+US.pdf
78,SIA0599.2,33976-43-1,AMINOPHENYLTRIMETHOXYSILANE,NCO[Si](OC)(OC)C1=CC=CC=C1,180,https://www.gelest.com:443/wp-content/uploads/SIA0599.2-600x437.png,https://s3.amazonaws.com/gelest/sds/SIA0599.2_GHS+US_English+US.pdf
79,SIA0602.0,117559-36-1,3-AMINOPROPYLDIISOPROPYLETHOXYSILANE,NCCC[Si](OCC)(C(C)C)C(C)C,100,https://www.gelest.com:443/wp-content/uploads/product_thumbnails/SIA0602.0.gif,https://s3.amazonaws.com/gelest/sds/SIA0602.0_GHS+US_English+US.pdf
80,SIA0603.0,18306-79-1,3-AMINOPROPYLDIMETHYLETHOXYSILANE,NCCC[Si](OCC)(C)C,73,https://www.gelest.com:443/wp-content/uploads/product_thumbnails/SIA0603.0.gif,https://s3.amazonaws.com/gelest/sds/SIA0603.0_GHS+US_English+US.pdf
81,SIA0603.6,31024-26-7,3-AMINOPROPYLDIMETHYLMETHOXYSILANE,NCCC[Si](OC)(C)C,20,https://www.gelest.com:443/wp-content/uploads/SIA0603.6-600x188.png,https://s3.amazonaws.com/gelest/sds/SIA0603.6_GHS+US_English+US.pdf
82,SIA0604.5,42292-18-2,3-AMINOPROPYLMETHYLBIS(TRIMETHYLSILOXY)SILANE,NCCC[Si](O[Si](C)(C)C)(O[Si](C)(C)C)C,110,https://www.gelest.com:443/wp-content/uploads/product_thumbnails/SIA0604.5.gif,https://s3.amazonaws.com/gelest/sds/SIA0604.5_GHS+US_English+US.pdf
83,SIA0605.0,3179-76-8,3-AMINOPROPYLMETHYLDIETHOXYSILANE,NCCC[Si](OCC)(OCC)C,85,https://www.gelest.com:443/wp-content/uploads/product_thumbnails/SIA0605.0.gif,https://s3.amazonaws.com/gelest/sds/SIA0605.0_GHS+US_English+US.pdf
84,SIA0607.0,23029-21-2,3-AMINOPROPYLPENTAMETHYLDISILOXANE,NCCC[Si](O[Si](C)(C)C)(C)C,65,https://www.gelest.com:443/wp-content/uploads/product_thumbnails/SIA0607.0.gif,https://s3.amazonaws.com/gelest/sds/SIA0607.0_GHS+US_English+US.pdf
85,SIA0608.0,58160-99-9 / 29159-37-3,3-AMINOPROPYLSILANETRIOL,NCCC[Si](O)(O)O,1,https://www.gelest.com:443/wp-content/uploads/product_thumbnails/SIA0608.0.gif,https://s3.amazonaws.com/gelest/sds/SIA0608.0_GHS+US_English+US.pdf
86,SIA0610.0,919-30-2,3-AMINOPROPYLTRIETHOXYSILANE,NCCC[Si](OCC)(OCC)OCC,104,https://www.gelest.com:443/wp-content/uploads/product_thumbnails/SIA0610.0.gif,https://s3.amazonaws.com/gelest/sds/SIA0610.0_GHS+US_English+US.pdf
87,SIA0611.0,13822-56-5,3-AMINOPROPYLTRIMETHOXYSILANE,NCCC[Si](OC)(OC)OC,83,https://www.gelest.com:443/wp-content/uploads/product_thumbnails/SIA0611.0.gif,https://s3.amazonaws.com/gelest/sds/SIA0611.0_GHS+US_English+US.pdf
88,SIA0611.1,13822-56-5,3-AMINOPROPYLTRIMETHOXYSILANE,NCCC[Si](OC)(OC)OC,83,https://www.gelest.com:443/wp-content/uploads/SIA0611.1.png,https://s3.amazonaws.com/gelest/sds/SIA0611.1_GHS+US_English+US.pdf
89,SIA0612.0,18187-14-9,3-AMINOPROPYLTRIMETHYLSILANE,NCCC[Si](C)(C)C,59,https://www.gelest.com:443/wp-content/uploads/product_thumbnails/SIA0612.0.gif,https://s3.amazonaws.com/gelest/sds/SIA0612.0_GHS+US_English+US.pdf
90,SIA0614.0,87994-64-7,3-AMINOPROPYLTRIS(METHOXYETHOXYETHOXY)SILANE,NCCC[Si](OCCOCCOC)(OCCOCCOC)OCCOCCOC,68,https://www.gelest.com:443/wp-content/uploads/product_thumbnails/SIA0614.0.gif,https://s3.amazonaws.com/gelest/sds/SIA0614.0_GHS+US_English+US.pdf
91,SIA0620.0,25357-81-7,3-AMINOPROPYLTRIS(TRIMETHYLSILOXY)SILANE,NCCC[Si](O[Si](C)(C)C)(O[Si](C)(C)C)O[Si](C)(C)C,110,https://www.gelest.com:443/wp-content/uploads/product_thumbnails/SIA0620.0.gif,https://s3.amazonaws.com/gelest/sds/SIA0620.0_GHS+US_English+US.pdf
92,SIA0705.0,16919-19-0,AMMONIUM HEXAFLUOROSILICATE,F[Si-2](F)(F)(F)(F)F.[NH4+].[NH4+],20,https://www.gelest.com:443/wp-content/uploads/product_thumbnails/SIA0705.0.gif,https://s3.amazonaws.com/gelest/sds/SIA0705.0_GHS+US_English+US.pdf
93,SIA0710.0,3768-55-6,ANILINOTRIMETHYLSILANE,N(C1=CC=CC=C1)[Si](C)(C)C,65,https://www.gelest.com:443/wp-content/uploads/product_thumbnails/SIA0710.0.gif,https://s3.amazonaws.com/gelest/sds/SIA0710.0_GHS+US_English+US.pdf
94,SIA0730.0,1189556-60-2,(9)-ANTHRACENYLTRIMETHOXYSILANE,C1=CC=CC2=CC3=CC=CC=C3C(=C12)[Si](OC)(OC)OC,110,https://www.gelest.com:443/wp-content/uploads/SIA0730.0-507x460.png,https://s3.amazonaws.com/gelest/sds/SIA0730.0_GHS+US_English+US.pdf
95,SIA0770.0,1245946-78-4,(AZIDOMETHYL)PHENETHYLTRIMETHOXYSILANE,N(=[N+]=[N-])CCO[Si](OC)(OC)CCC1=CC=CC=C1,110,https://www.gelest.com:443/wp-content/uploads/SIA0774.0-600x247.png,https://s3.amazonaws.com/gelest/sds/SIA0770.0_GHS+US_English+US.pdf
96,SIA0774.0,83315-74-6,p-AZIDOMETHYLPHENYLTRIMETHOXYSILANE,N(=[N+]=[N-])CC1=CC=C(C=C1)[Si](OC)(OC)OC,110,https://www.gelest.com:443/wp-content/uploads/product_thumbnails/SIA0775.0.gif,https://s3.amazonaws.com/gelest/sds/SIA0774.0_GHS+US_English+US.pdf
97,SIA0775.0,87576-94-1,(AZIDOMETHYL)TRIMETHYLSILANE,N(=[N+]=[N-])C[Si](C)(C)C,6,https://www.gelest.com:443/wp-content/uploads/product_thumbnails/SIA0777.0.gif,https://s3.amazonaws.com/gelest/sds/SIA0775.0_GHS+US_English+US.pdf
98,SIA0777.0,83315-69-9,3-AZIDOPROPYLTRIETHOXYSILANE,N(=[N+]=[N-])CCC[Si](OCC)(OCC)OCC,110,https://www.gelest.com:443/wp-content/uploads/product_thumbnails/SIA0780.0.gif,https://s3.amazonaws.com/gelest/sds/SIA0777.0_GHS+US_English+US.pdf
99,SIA0780.0,96550-26-4,6-AZIDOSULFONYLHEXYLTRIETHOXYSILANE,N(=[N+]=[N-])S(=O)(=O)CCCCCC[Si](OCC)(OCC)OCC,114,https://www.gelest.com:443/wp-content/uploads/product_thumbnails/SIA0790.0.gif,https://s3.amazonaws.com/gelest/sds/SIA0780.0_GHS+US_English+US.pdf
100,SIA0790.0,68479-60-7,4-(AZIDOSULFONYL)PHENETHYLTRIMETHOXYSILANE,N(=[N+]=[N-])S(=O)(=O)C1=CC=C(CC[Si](OC)(OC)OC)C=C1,29,https://www.gelest.com:443/wp-content/uploads/product_thumbnails/SIA0795.0.gif,https://s3.amazonaws.com/gelest/sds/SIA0790.0_GHS+US_English+US.pdf
0,ENEA0015,591-87-7,Allyl acetate,C(C)(=O)OCC=C,11,https://www.gelest.com:443/wp-content/uploads/product_thumbnails/ENEA0015.gif,https://s3.amazonaws.com/gelest/sds/ENEA0015_GHS+US_English+US.pdf
1,ENEA0020,999-55-3,Allyl acrylate,C(C=C)(=O)OCC=C,32,https://www.gelest.com:443/wp-content/uploads/product_thumbnails/ENEA0020.gif,https://s3.amazonaws.com/gelest/sds/ENEA0020_GHS+US_English+US.pdf
2,ENEA0040,300-57-2,Allylbenzene,C(C=C)C1=CC=CC=C1,40,https://www.gelest.com:443/wp-content/uploads/product_thumbnails/ENEA0040.gif,https://s3.amazonaws.com/gelest/sds/ENEA0040_GHS+US_English+US.pdf
3,ENEA0050,106-95-6,Allyl bromide,C(C=C)Br,2,https://www.gelest.com:443/wp-content/uploads/product_thumbnails/ENEA0050.gif,https://s3.amazonaws.com/gelest/sds/ENEA0050_GHS+US_English+US.pdf
4,ENEA0055,40630-82-8,Allyl 2-bromo-2-methylpropionate,BrC(C(=O)OCC=C)(C)C,64,https://www.gelest.com:443/wp-content/uploads/product_thumbnails/ENEA0055.gif,https://s3.amazonaws.com/gelest/sds/ENEA0055_GHS+US_English+US.pdf
5,ENEA0070,107-05-1,Allyl chloride,C(C=C)Cl,31,https://www.gelest.com:443/wp-content/uploads/product_thumbnails/ENEA0070.gif,https://s3.amazonaws.com/gelest/sds/ENEA0070_GHS+US_English+US.pdf
6,ENEA0080,106-92-3,Allyl glycidyl ether,C(C1CO1)OCC=C,57,https://www.gelest.com:443/wp-content/uploads/product_thumbnails/ENEA0080.gif,https://s3.amazonaws.com/gelest/sds/ENEA0080_GHS+US_English+US.pdf
7,ENEA0090,1476-23-9,Allyl isocyanate,C(C=C)N=C=O,43,https://www.gelest.com:443/wp-content/uploads/product_thumbnails/ENEA0090.gif,https://s3.amazonaws.com/gelest/sds/ENEA0090_GHS+US_English+US.pdf
8,ENEA0120,96-05-9,Allyl methacrylate,C(C(=C)C)(=O)OCC=C,39,https://www.gelest.com:443/wp-content/uploads/product_thumbnails/ENEA0120.gif,https://s3.amazonaws.com/gelest/sds/ENEA0120_GHS+US_English+US.pdf
9,ENEA0200,111-45-5,2-Allyloxyethanol,C(C=C)OCCO,66,https://www.gelest.com:443/wp-content/uploads/product_thumbnails/ENEA0200.gif,https://s3.amazonaws.com/gelest/sds/ENEA0200_GHS+US_English+US.pdf
10,ENEA0250,175668-89-0,2-(Allyloxymethyl)tetrahydrofuran,C(C=C)OCC1OCCC1,40,https://www.gelest.com:443/wp-content/uploads/product_thumbnails/ENEA0250.gif,https://s3.amazonaws.com/gelest/sds/ENEA0250_GHS+US_English+US.pdf
11,ENEA0378,1736-60-3,Allylpentafluorobenzene,C(C=C)C1=C(C(=C(C(=C1F)F)F)F)F,43,https://www.gelest.com:443/wp-content/uploads/product_thumbnails/ENEA0378.gif,https://s3.amazonaws.com/gelest/sds/ENEA0378_GHS+US_English+US.pdf
12,ENEA0380,1746-13-0,ALLYLPHENYL ETHER,C(C=C)OC1=CC=CC=C1,66,https://www.gelest.com:443/wp-content/uploads/ENEA0380-460x460.png,https://s3.amazonaws.com/gelest/sds/ENEA0380_GHS+US_English+US.pdf
13,ENEA0430,7539-12-0,Allylsuccinic anhydride,C(C=C)C1C(=O)OC(C1)=O,145,https://www.gelest.com:443/wp-content/uploads/product_thumbnails/ENEA0430.gif,https://s3.amazonaws.com/gelest/sds/ENEA0430_GHS+US_English+US.pdf
14,ENEB0525,5162-44-7,4-Bromo-1-butene,BrCCC=C,1,https://www.gelest.com:443/wp-content/uploads/product_thumbnails/ENEB0525.gif,https://s3.amazonaws.com/gelest/sds/ENEB0525_GHS+US_English+US.pdf
15,ENEB0550,4117-09-3,7-Bromo-1-heptene,BrCCCCCC=C,58,https://www.gelest.com:443/wp-content/uploads/product_thumbnails/ENEB0550.gif,https://s3.amazonaws.com/gelest/sds/ENEB0550_GHS+US_English+US.pdf
16,ENEB0555,1119-51-3,5-Bromo-1-pentene,BrCCCC=C,30,https://www.gelest.com:443/wp-content/uploads/product_thumbnails/ENEB0555.gif,https://s3.amazonaws.com/gelest/sds/ENEB0555_GHS+US_English+US.pdf
17,ENEB0570,7766-50-9,11-Bromo-1-undecene,BrCCCCCCCCCC=C,113,https://www.gelest.com:443/wp-content/uploads/product_thumbnails/ENEB0570.gif,https://s3.amazonaws.com/gelest/sds/ENEB0570_GHS+US_English+US.pdf
18,ENEB0575,109-75-1,3-Butenenitrile,C(CC=C)#N,24,https://www.gelest.com:443/wp-content/uploads/product_thumbnails/ENEB0575.gif,https://s3.amazonaws.com/gelest/sds/ENEB0575_GHS+US_English+US.pdf
19,ENEB0580,627-27-0,3-Buten-1-ol,C(CC=C)O,33,https://www.gelest.com:443/wp-content/uploads/product_thumbnails/ENEB0580.gif,https://s3.amazonaws.com/gelest/sds/ENEB0580_GHS+US_English+US.pdf
20,ENEC0620,110-83-8,Cyclohexene,C1=CCCCC1,12,https://www.gelest.com:443/wp-content/uploads/product_thumbnails/ENEC0620.gif,https://s3.amazonaws.com/gelest/sds/ENEC0620_GHS+US_English+US.pdf
21,ENEC0650,142-29-0,Cyclopentene,C1=CCCC1,29,https://www.gelest.com:443/wp-content/uploads/product_thumbnails/ENEC0650.gif,https://s3.amazonaws.com/gelest/sds/ENEC0650_GHS+US_English+US.pdf
22,ENED0720,872-05-9,1-Decene,C=CCCCCCCCC,44,https://www.gelest.com:443/wp-content/uploads/product_thumbnails/ENED0720.gif,https://s3.amazonaws.com/gelest/sds/ENED0720_GHS+US_English+US.pdf
23,ENED0880,112-41-4,1-Dodecene,C=CCCCCCCCCCC,73,https://www.gelest.com:443/wp-content/uploads/product_thumbnails/ENED0880.gif,https://s3.amazonaws.com/gelest/sds/ENED0880_GHS+US_English+US.pdf
24,ENED0920,5048-44-2,11-Dodecenenitrile,C(CCCCCCCCCC=C)#N,110,https://www.gelest.com:443/wp-content/uploads/product_thumbnails/ENED0920.gif,https://s3.amazonaws.com/gelest/sds/ENED0920_GHS+US_English+US.pdf
25,ENEE1020,3452-07-1,1-Eicosene,C=CCCCCCCCCCCCCCCCCCC,110,https://www.gelest.com:443/wp-content/uploads/product_thumbnails/ENEE1020.gif,https://s3.amazonaws.com/gelest/sds/ENEE1020_GHS+US_English+US.pdf
26,ENEE1040,18328-90-0,N-Ethyl-(2-methylallyl)amine,C(C)NCC(=C)C,7,https://www.gelest.com:443/wp-content/uploads/product_thumbnails/ENEE1040.gif,https://s3.amazonaws.com/gelest/sds/ENEE1040_GHS+US_English+US.pdf
27,ENEE1060,109-92-2,ETHYLVINYL ETHER,C(C)OC=C,46,https://www.gelest.com:443/wp-content/uploads/ENEE1060.png,https://s3.amazonaws.com/gelest/sds/ENEE1060_GHS+US_English+US.pdf
28,ENEH1110,592-76-7,1-Heptene,C=CCCCCC,9,https://www.gelest.com:443/wp-content/uploads/product_thumbnails/ENEH1110.gif,https://s3.amazonaws.com/gelest/sds/ENEH1110_GHS+US_English+US.pdf
29,ENEH1140,18835-33-1,1-Hexacosene,C=CCCCCCCCCCCCCCCCCCCCCCCCC,214,https://www.gelest.com:443/wp-content/uploads/product_thumbnails/ENEH1140.gif,https://s3.amazonaws.com/gelest/sds/ENEH1140_GHS+US_English+US.pdf
30,ENEH1170,629-73-2,1-Hexadecene,C=CCCCCCCCCCCCCCC,132,https://www.gelest.com:443/wp-content/uploads/product_thumbnails/ENEH1170.gif,https://s3.amazonaws.com/gelest/sds/ENEH1170_GHS+US_English+US.pdf
31,ENEH1200,592-41-6,1-Hexene,C=CCCCC,25,https://www.gelest.com:443/wp-content/uploads/product_thumbnails/ENEH1200.gif,https://s3.amazonaws.com/gelest/sds/ENEH1200_GHS+US_English+US.pdf
32,ENEI1470,107-39-1,Isooctene,C(=C)(C)CC(C)(C)C,4,https://www.gelest.com:443/wp-content/uploads/product_thumbnails/ENEI1470.gif,https://s3.amazonaws.com/gelest/sds/ENEI1470_GHS+US_English+US.pdf
33,ENEM2020,513-42-8,Methallyl alcohol,C(C(C)=C)O,32,https://www.gelest.com:443/wp-content/uploads/product_thumbnails/ENEM2020.gif,https://s3.amazonaws.com/gelest/sds/ENEM2020_GHS+US_English+US.pdf
34,ENEM2040,563-47-3,Methallyl chloride,C(C(C)=C)Cl,10,https://www.gelest.com:443/wp-content/uploads/product_thumbnails/ENEM2040.gif,https://s3.amazonaws.com/gelest/sds/ENEM2040_GHS+US_English+US.pdf
35,ENEM2050,1319736-08-7,11-(Methoxyethoxy)undecene,COCCOCCCCCCCCCC=C,110,https://www.gelest.com:443/wp-content/uploads/product_thumbnails/ENEM2050.gif,https://s3.amazonaws.com/gelest/sds/ENEM2050_GHS+US_English+US.pdf
36,ENEM2100,513-35-9,2-Methyl-2-butene,CC(C)=CC,45,https://www.gelest.com:443/wp-content/uploads/ENEM2100.png,https://s3.amazonaws.com/gelest/sds/ENEM2100_GHS+US_English+US.pdf
37,ENEM2120,16529-56-9,2-Methyl-3-butenenitrile,CC(C#N)C=C,15,https://www.gelest.com:443/wp-content/uploads/ENEM2120.png,https://s3.amazonaws.com/gelest/sds/ENEM2120_GHS+US_English+US.pdf
38,ENEM2230,210573-39-0,7-Methylenepentadecane,C=C(CCCCCC)CCCCCCCC,110,https://www.gelest.com:443/wp-content/uploads/product_thumbnails/ENEM2230.gif,https://s3.amazonaws.com/gelest/sds/ENEM2230_GHS+US_English+US.pdf
39,ENEM2450,111-81-9,Methyl 10-undecenoate,C(CCCCCCCCC=C)(=O)OC,115,https://www.gelest.com:443/wp-content/uploads/product_thumbnails/ENEM2450.gif,https://s3.amazonaws.com/gelest/sds/ENEM2450_GHS+US_English+US.pdf
40,ENEN3030,558-37-2,Neohexene,C=CC(C)(C)C,32,https://www.gelest.com:443/wp-content/uploads/product_thumbnails/ENEN3030.gif,https://s3.amazonaws.com/gelest/sds/ENEN3030_GHS+US_English+US.pdf
41,ENEN3060,498-66-8,Norbornene,C12C=CC(CC1)C2,7,https://www.gelest.com:443/wp-content/uploads/product_thumbnails/ENEN3060.gif,https://s3.amazonaws.com/gelest/sds/ENEN3060_GHS+US_English+US.pdf
42,ENEO3210,112-88-9,1-Octadecene,C=CCCCCCCCCCCCCCCCC,154,https://www.gelest.com:443/wp-content/uploads/product_thumbnails/ENEO3210.gif,https://s3.amazonaws.com/gelest/sds/ENEO3210_GHS+US_English+US.pdf
43,ENEO3211,112-88-9,1-OCTADECENE,C=CCCCCCCCCCCCCCCCC,154,https://www.gelest.com:443/wp-content/uploads/product_thumbnails/ENEO3211.gif,https://s3.amazonaws.com/gelest/sds/ENEO3211_GHS+US_English+US.pdf
44,ENEO3280,111-66-0,1-Octene,C=CCCCCCC,21,https://www.gelest.com:443/wp-content/uploads/product_thumbnails/ENEO3280.gif,https://s3.amazonaws.com/gelest/sds/ENEO3280_GHS+US_English+US.pdf
45,ENEP3380,123-48-8/91053-01-9,PENTAMETHYLHEPTENE,CC(C(=C(C)C)C)(CCCC)C,42,https://www.gelest.com:443/wp-content/uploads/ENEP3380-460x460.png,https://s3.amazonaws.com/gelest/sds/ENEP3380_GHS+US_English+US.pdf
46,ENEP3400,109-67-1,1-Pentene,C=CCCC,51,https://www.gelest.com:443/wp-content/uploads/product_thumbnails/ENEP3400.gif,https://s3.amazonaws.com/gelest/sds/ENEP3400_GHS+US_English+US.pdf
47,ENEP3510,19430-93-4,(Perfluorobutyl)ethylene,FC(C(C(C(F)(F)F)(F)F)(F)F)(F)C=C,7,https://www.gelest.com:443/wp-content/uploads/product_thumbnails/ENEP3510.gif,https://s3.amazonaws.com/gelest/sds/ENEP3510_GHS+US_English+US.pdf
48,ENEP3520,30389-25-4,(Perfluorodecyl)ethylene,FC(C(C(C(C(C(C(C(C(C(F)(F)F)(F)F)(F)F)(F)F)(F)F)(F)F)(F)F)(F)F)(F)F)(F)C=C,125,https://www.gelest.com:443/wp-content/uploads/ENEP3520-600x163.png,https://s3.amazonaws.com/gelest/sds/ENEP3520_GHS+US_English+US.pdf
49,ENEP3530,25291-17-2,(Perfluorohexyl)ethylene,FC(C(C(C(C(C(F)(F)F)(F)F)(F)F)(F)F)(F)F)(F)C=C,21,https://www.gelest.com:443/wp-content/uploads/ENEP3530-600x243.png,https://s3.amazonaws.com/gelest/sds/ENEP3530_GHS+US_English+US.pdf
50,ENEP3550,21652-58-4,(Perfluorooctyl)ethylene,FC(C(C(C(C(C(C(C(F)(F)F)(F)F)(F)F)(F)F)(F)F)(F)F)(F)F)(F)C=C,125,https://www.gelest.com:443/wp-content/uploads/product_thumbnails/ENEP3550.gif,https://s3.amazonaws.com/gelest/sds/ENEP3550_GHS+US_English+US.pdf
51,ENEP3610,768-56-9,4-Phenyl-1-butene,C1(=CC=CC=C1)CCC=C,57,https://www.gelest.com:443/wp-content/uploads/product_thumbnails/ENEP3610.gif,https://s3.amazonaws.com/gelest/sds/ENEP3610_GHS+US_English+US.pdf
52,ENEP3630,1588-44-9,6-Phenyl-1-hexene,C1(=CC=CC=C1)CCCCC=C,65,https://www.gelest.com:443/wp-content/uploads/product_thumbnails/ENEP3630.gif,https://s3.amazonaws.com/gelest/sds/ENEP3630_GHS+US_English+US.pdf
53,ENET4160,36731-14-3/131459-42-2,Triacontene,C=CCCCCCCCCCCCCCCCCCCCCCCCCCCCC,232,https://www.gelest.com:443/wp-content/uploads/product_thumbnails/ENET4160.gif,https://s3.amazonaws.com/gelest/sds/ENET4160_GHS+US_English+US.pdf
54,ENEU4320,821-95-4,1-Undecene,C=CCCCCCCCCC,63,https://www.gelest.com:443/wp-content/uploads/product_thumbnails/ENEU4320.gif,https://s3.amazonaws.com/gelest/sds/ENEU4320_GHS+US_English+US.pdf
55,ENEU4325,112-43-6,10-Undecen-1-ol,C(CCCCCCCCC=C)O,125,https://www.gelest.com:443/wp-content/uploads/product_thumbnails/ENEU4325.gif,https://s3.amazonaws.com/gelest/sds/ENEU4325_GHS+US_English+US.pdf
56,ENEU4330,112-19-6,10-Undecen-1-yl acetate,C(C)(=O)OCCCCCCCCCC=C,110,https://www.gelest.com:443/wp-content/uploads/product_thumbnails/ENEU4330.gif,https://s3.amazonaws.com/gelest/sds/ENEU4330_GHS+US_English+US.pdf
57,ENEV4520,100-40-3,4-Vinyl-1-cyclohexene,C(=C)C1CC=CCC1,16,https://www.gelest.com:443/wp-content/uploads/product_thumbnails/ENEV4520.gif,https://s3.amazonaws.com/gelest/sds/ENEV4520_GHS+US_English+US.pdf
58,ENEV4830,3048-64-4,5-Vinyl-2-norbornene,C(=C)C1C2C=CC(C1)C2,28,https://www.gelest.com:443/wp-content/uploads/product_thumbnails/ENEV4830.gif,https://s3.amazonaws.com/gelest/sds/ENEV4830_GHS+US_English+US.pdf
59,PEG0-HH06,2615-15-8,HEXAETHYLENEGLYCOL,C(COCCOCCOCCOCCOCCO)O,20,https://www.gelest.com:443/wp-content/uploads/PEG0-HH06-600x164.png,https://s3.amazonaws.com/gelest/sds/PEG0-HH06_GHS+US_English+US.pdf
60,PEG0-HH07,2615-15-8,HEPTAETHYLENEGLYCOL,C(COCCOCCOCCOCCOCCOCCO)O,20,https://www.gelest.com:443/wp-content/uploads/PEG0-HH07-600x164.png,https://s3.amazonaws.com/gelest/sds/PEG0-HH07_GHS+US_English+US.pdf
0,SNA0310,13331-52-7,ACRYLOXYTRI-n-BUTYLTIN,C(C=C)(=O)O[Sn](CCCC)(CCCC)CCCC,76,https://www.gelest.com:443/wp-content/uploads/product_thumbnails/SNA0310.gif,https://s3.amazonaws.com/gelest/sds/SNA0310_GHS+US_English+US.pdf
1,SNA0330,24929-38-2,ACRYLOXYTRIPHENYLTIN,C(C=C)(=O)O[Sn](C1=CC=CC=C1)(C1=CC=CC=C1)C1=CC=CC=C1,76,https://www.gelest.com:443/wp-content/uploads/product_thumbnails/SNA0330.gif,https://s3.amazonaws.com/gelest/sds/SNA0330_GHS+US_English+US.pdf
2,SNA0500,24850-33-7,ALLYLTRI-n-BUTYLTIN,C(C=C)[Sn](CCCC)(CCCC)CCCC,103,https://www.gelest.com:443/wp-content/uploads/product_thumbnails/SNA0500.gif,https://s3.amazonaws.com/gelest/sds/SNA0500_GHS+US_English+US.pdf
3,SNA0580,76-63-1,ALLYLTRIPHENYLTIN,C(C=C)[Sn](C1=CC=CC=C1)(C1=CC=CC=C1)C1=CC=CC=C1,110,https://www.gelest.com:443/wp-content/uploads/product_thumbnails/SNA0580.gif,https://s3.amazonaws.com/gelest/sds/SNA0580_GHS+US_English+US.pdf
4,SNB1025,59863-13-7,BIS[BIS(TRIMETHYLSILYL)AMINO]TIN(II),C[Si](C)(C)N([Si](C)(C)C)[Sn]N([Si](C)(C)C)[Si](C)(C)C,56,https://www.gelest.com:443/wp-content/uploads/product_thumbnails/SNB1025.gif,https://s3.amazonaws.com/gelest/sds/SNB1025_GHS+US_English+US.pdf
5,SNB1790,994-71-8,BIS(TRI-n-BUTYLSTANNYL)ACETYLENE,C(CCC)[Sn](CCCC)(CCCC)C#C[Sn](CCCC)(CCCC)CCCC,110,https://www.gelest.com:443/wp-content/uploads/SNB1793-487x460.png,https://s3.amazonaws.com/gelest/sds/SNB1790_GHS+US_English+US.pdf
6,SNB1794,14275-61-7,BIS(TRI-n-BUTYLSTANNYL)ETHYLENE,C(CCC)[Sn](CCCC)(CCCC)C=C[Sn](CCCC)(CCCC)CCCC,110,https://www.gelest.com:443/wp-content/uploads/product_thumbnails/SNB1800.gif,https://s3.amazonaws.com/gelest/sds/SNB1794_GHS+US_English+US.pdf
7,SNB1979,157066-15-4,t-BUTYLTRI n-BUTYLTIN,C(C)(C)(C)[Sn](CCCC)(CCCC)CCCC,102,https://www.gelest.com:443/wp-content/uploads/product_thumbnails/SNB2000.gif,https://s3.amazonaws.com/gelest/sds/SNB1979_GHS+US_English+US.pdf
8,SNB2000,1118-46-3,n-BUTYLTRICHLOROTIN,C(CCC)[Sn](Cl)(Cl)Cl,110,https://www.gelest.com:443/wp-content/uploads/product_thumbnails/SNB2050.gif,https://s3.amazonaws.com/gelest/sds/SNB2000_GHS+US_English+US.pdf
9,SNC2078,59586-13-9,CARBOMETHOXYETHYLTRICHLOROTIN,C(=O)(OC)CC[Sn](Cl)(Cl)Cl,110,https://www.gelest.com:443/wp-content/uploads/SNC2290-460x460.png,https://s3.amazonaws.com/gelest/sds/SNC2078_GHS+US_English+US.pdf
10,SNC2308,4554-90-9,CHLOROMETHYLTRIMETHYLTIN,ClC[Sn](C)(C)C,39,https://www.gelest.com:443/wp-content/uploads/product_thumbnails/SNC2500.gif,https://s3.amazonaws.com/gelest/sds/SNC2308_GHS+US_English+US.pdf
11,SNC2500,3912-86-5,CYCLOPENTADIENYLTRI-n-BUTYLTIN,C1(C=CC=C1)[Sn](CCCC)(CCCC)CCCC,110,https://www.gelest.com:443/wp-content/uploads/product_thumbnails/SND2600.gif,https://s3.amazonaws.com/gelest/sds/SNC2500_GHS+US_English+US.pdf
12,SND2700,638-39-1,DIACETOXYTIN,C(C)(=O)O[Sn]OC(C)=O,110,https://www.gelest.com:443/wp-content/uploads/product_thumbnails/SND2730.gif,https://s3.amazonaws.com/gelest/sds/SND2700_GHS+US_English+US.pdf
13,SND2730,17381-88-3,DIALLYLDIBROMOTIN,C(C=C)[Sn](Br)(Br)CC=C,110,https://www.gelest.com:443/wp-content/uploads/product_thumbnails/SND2740.gif,https://s3.amazonaws.com/gelest/sds/SND2730_GHS+US_English+US.pdf
14,SND2740,15336-98-8,DIALLYLDI-n-BUTYLTIN,C(C=C)[Sn](CCCC)(CCCC)CC=C,101,https://www.gelest.com:443/wp-content/uploads/product_thumbnails/SND2800.gif,https://s3.amazonaws.com/gelest/sds/SND2740_GHS+US_English+US.pdf
15,SND2800,1185-81-5,DI-n-BUTYLBIS(DODECYLTHIO)TIN,C(CCC)[Sn](SCCCCCCCCCCCC)(SCCCCCCCCCCCC)CCCC,204,https://www.gelest.com:443/wp-content/uploads/product_thumbnails/SND2900.gif,https://s3.amazonaws.com/gelest/sds/SND2800_GHS+US_English+US.pdf
16,SND3110,14254-22-9,DI-n-BUTYLBUTOXYCHLOROTIN,C(CCC)[Sn](Cl)(OCCCC)CCCC,110,https://www.gelest.com:443/wp-content/uploads/product_thumbnails/SND3160.gif,https://s3.amazonaws.com/gelest/sds/SND3110_GHS+US_English+US.pdf
17,SND3160,1067-33-0,DI-n-BUTYLDIACETOXYTIN,C(CCC)[Sn](OC(C)=O)(OC(C)=O)CCCC,143,https://www.gelest.com:443/wp-content/uploads/product_thumbnails/SND3164.gif,https://s3.amazonaws.com/gelest/sds/SND3160_GHS+US_English+US.pdf
18,SND3180,3349-36-8,DI-n-BUTYLDI-n-BUTOXYTIN,C(CCC)[Sn](OCCCC)(OCCCC)CCCC,116,https://www.gelest.com:443/wp-content/uploads/product_thumbnails/SND3250.gif,https://s3.amazonaws.com/gelest/sds/SND3180_GHS+US_English+US.pdf
19,SND3250,683-18-1,DI-n-BUTYLDICHLOROTIN,C(CCC)[Sn](Cl)(Cl)CCCC,168,https://www.gelest.com:443/wp-content/uploads/product_thumbnails/SND3253.gif,https://s3.amazonaws.com/gelest/sds/SND3250_GHS+US_English+US.pdf
20,SND3253,19429-30-2,DI-t-BUTYLDICHLOROTIN,C(C)(C)(C)[Sn](Cl)(Cl)C(C)(C)C,113,https://www.gelest.com:443/wp-content/uploads/product_thumbnails/SNA0310.gif,https://s3.amazonaws.com/gelest/sds/SND3253_GHS+US_English+US.pdf
21,SND3255,563-25-7,DI-n-BUTYLDIFLUOROTIN,C(CCC)[Sn](F)(F)CCCC,150,https://www.gelest.com:443/wp-content/uploads/product_thumbnails/SND3255.gif,https://s3.amazonaws.com/gelest/sds/SND3255_GHS+US_English+US.pdf
22,SND3280,1067-55-6,DI-n-BUTYLDIMETHOXYTIN,C(CCC)[Sn](OC)(OC)CCCC,110,https://www.gelest.com:443/wp-content/uploads/product_thumbnails/SND3280.gif,https://s3.amazonaws.com/gelest/sds/SND3280_GHS+US_English+US.pdf
23,SND3282,1528-00-3,DI-n-BUTYLDIMETHYLTIN,C(CCC)[Sn](C)(C)CCCC,65,https://www.gelest.com:443/wp-content/uploads/SND3282-600x160.png,https://s3.amazonaws.com/gelest/sds/SND3282_GHS+US_English+US.pdf
24,SND3350,818-08-6,DI-n-BUTYLTIN OXIDE,C(CCC)[Sn](CCCC)=O,280,https://www.gelest.com:443/wp-content/uploads/product_thumbnails/SND3350.gif,https://s3.amazonaws.com/gelest/sds/SND3350_GHS+US_English+US.pdf
25,SND3351,19140-19-3,DI-t-BUTYLTIN OXIDE,C(C)(C)(C)[Sn](C(C)(C)C)=O,0,https://www.gelest.com:443/wp-content/uploads/product_thumbnails/SND3351.gif,https://s3.amazonaws.com/gelest/sds/SND3351_GHS+US_English+US.pdf
26,SND3355,4253-22-9,DI-n-BUTYLTIN SULFIDE,C(CCC)[Sn](CCCC)=S,110,https://www.gelest.com:443/wp-content/uploads/product_thumbnails/SND3355.gif,https://s3.amazonaws.com/gelest/sds/SND3355_GHS+US_English+US.pdf
27,SND3375,3682-12-0,DIETHYLTIN OXIDE,C(C)[Sn](CC)=O,0,https://www.gelest.com:443/wp-content/uploads/product_thumbnails/SND3375.gif,https://s3.amazonaws.com/gelest/sds/SND3375_GHS+US_English+US.pdf
28,SND3383,3342-69-6,DICYCLOHEXYLDICHLOROTIN,C1(CCCCC1)[Sn](Cl)(Cl)C1CCCCC1,110,https://www.gelest.com:443/wp-content/uploads/product_thumbnails/SND3383.gif,https://s3.amazonaws.com/gelest/sds/SND3383_GHS+US_English+US.pdf
29,SND3384,35569-06-3,DICYCLOHEXYLDIMETHYLTIN,C1(CCCCC1)[Sn](C)(C)C1CCCCC1,65,https://www.gelest.com:443/wp-content/uploads/product_thumbnails/SND3384.gif,https://s3.amazonaws.com/gelest/sds/SND3384_GHS+US_English+US.pdf
30,SND3403,866-55-7,DIETHYLDICHLOROTIN,C(C)[Sn](Cl)(Cl)CC,20,https://www.gelest.com:443/wp-content/uploads/product_thumbnails/SND3403.gif,https://s3.amazonaws.com/gelest/sds/SND3403_GHS+US_English+US.pdf
31,SND3550,1067-24-9,DIMETHYLAMINOTRI-n-BUTYLTIN,CN(C)[Sn](CCCC)(CCCC)CCCC,115,https://www.gelest.com:443/wp-content/uploads/product_thumbnails/SND3550.gif,https://s3.amazonaws.com/gelest/sds/SND3550_GHS+US_English+US.pdf
32,SND3610,993-50-0,DIMETHYLAMINOTRIMETHYLTIN,CN(C)[Sn](C)(C)C,1,https://www.gelest.com:443/wp-content/uploads/SND3610.png,https://s3.amazonaws.com/gelest/sds/SND3610_GHS+US_English+US.pdf
33,SND4055,51287-84-4,DIMETHYLBIS(DODECYLTHIO)TIN,C[Sn](SCCCCCCCCCCCC)(SCCCCCCCCCCCC)C,204,https://www.gelest.com:443/wp-content/uploads/product_thumbnails/SND4055.gif,https://s3.amazonaws.com/gelest/sds/SND4055_GHS+US_English+US.pdf
34,SND4200,753-73-1,DIMETHYLDICHLOROTIN,C[Sn](Cl)(Cl)C,20,https://www.gelest.com:443/wp-content/uploads/product_thumbnails/SND4200.gif,https://s3.amazonaws.com/gelest/sds/SND4200_GHS+US_English+US.pdf
35,SND4203,3582-17-0,DIMETHYLDIFLUOROTIN,C[Sn](F)(F)C,20,https://www.gelest.com:443/wp-content/uploads/product_thumbnails/SND4203.gif,https://s3.amazonaws.com/gelest/sds/SND4203_GHS+US_English+US.pdf
36,SND4205,2767-49-9,DIMETHYLDIIODOTIN,C[Sn](I)(I)C,65,https://www.gelest.com:443/wp-content/uploads/product_thumbnails/SND4205.gif,https://s3.amazonaws.com/gelest/sds/SND4205_GHS+US_English+US.pdf
37,SND4242,2273-45-2,DIMETHYLTIN OXIDE,C[Sn](C)=O,0,https://www.gelest.com:443/wp-content/uploads/product_thumbnails/SND4242.gif,https://s3.amazonaws.com/gelest/sds/SND4242_GHS+US_English+US.pdf
38,SND4320,14208-42-5,DINEOPHYLDICHLOROTIN,C(C(C)(C)C1=CC=CC=C1)[Sn](Cl)(Cl)CC(C)(C)C1=CC=CC=C1,150,https://www.gelest.com:443/wp-content/uploads/product_thumbnails/SND4320.gif,https://s3.amazonaws.com/gelest/sds/SND4320_GHS+US_English+US.pdf
39,SND4410,3542-36-7,DIOCTYLDICHLOROTIN,C(CCCCCCC)[Sn](Cl)(Cl)CCCCCCCC,204,https://www.gelest.com:443/wp-content/uploads/product_thumbnails/SND4410.gif,https://s3.amazonaws.com/gelest/sds/SND4410_GHS+US_English+US.pdf
40,SND4430,3648-18-8,DIOCTYLDILAURYLTIN,C(CCCCCCC)[Sn](CCCCCCCCCCCC)(CCCCCCCCCCCC)CCCCCCCC,70,https://www.gelest.com:443/wp-content/uploads/product_thumbnails/SND4430.gif,https://s3.amazonaws.com/gelest/sds/SND4430_GHS+US_English+US.pdf
41,SND4460,870-08-6,DIOCTYLTIN OXIDE,C(CCCCCCC)[Sn](CCCCCCCC)=O,20,https://www.gelest.com:443/wp-content/uploads/product_thumbnails/SND4460.gif,https://s3.amazonaws.com/gelest/sds/SND4460_GHS+US_English+US.pdf
42,SND4520,1135-99-5,DIPHENYLDICHLOROTIN,C1(=CC=CC=C1)[Sn](Cl)(Cl)C1=CC=CC=C1,150,https://www.gelest.com:443/wp-content/uploads/product_thumbnails/SND4520.gif,https://s3.amazonaws.com/gelest/sds/SND4520_GHS+US_English+US.pdf
43,SND4589,2273-51-0,DIPHENYLTIN OXIDE,C1(=CC=CC=C1)[Sn](C1=CC=CC=C1)=O,205,https://www.gelest.com:443/wp-content/uploads/product_thumbnails/SND4589.gif,https://s3.amazonaws.com/gelest/sds/SND4589_GHS+US_English+US.pdf
44,SND4592,867-36-7,DI-n-PROPYLDICHLOROTIN,C(CC)[Sn](Cl)(Cl)CCC,110,https://www.gelest.com:443/wp-content/uploads/product_thumbnails/SND4592.gif,https://s3.amazonaws.com/gelest/sds/SND4592_GHS+US_English+US.pdf
45,SND4600,7330-43-0,DIVINYLDI-n-BUTYLTIN,C(=C)[Sn](CCCC)(CCCC)C=C,65,https://www.gelest.com:443/wp-content/uploads/product_thumbnails/SND4600.gif,https://s3.amazonaws.com/gelest/sds/SND4600_GHS+US_English+US.pdf
46,SND4617,7532-85-6,DIVINYLDICHLOROTIN,C(=C)[Sn](Cl)(Cl)C=C,204,https://www.gelest.com:443/wp-content/uploads/product_thumbnails/SND4617.gif,https://s3.amazonaws.com/gelest/sds/SND4617_GHS+US_English+US.pdf
47,SNE4620,97674-02-7,1-ETHOXYVINYLTRI-n-BUTYLTIN,C(C)OC(=C)[Sn](CCCC)(CCCC)CCCC,113,https://www.gelest.com:443/wp-content/uploads/product_thumbnails/SNE4620.gif,https://s3.amazonaws.com/gelest/sds/SNE4620_GHS+US_English+US.pdf
48,SNE4900,994-89-8,ETHYNYLTRI-n-BUTYLTIN,C(#C)[Sn](CCCC)(CCCC)CCCC,73,https://www.gelest.com:443/wp-content/uploads/product_thumbnails/SNE4900.gif,https://s3.amazonaws.com/gelest/sds/SNE4900_GHS+US_English+US.pdf
49,SNE4901.7,3531-44-0,ETHYLTRIMETHYLTIN,C(C)[Sn](C)(C)C,20,https://www.gelest.com:443/wp-content/uploads/product_thumbnails/SNE4901.7.gif,https://s3.amazonaws.com/gelest/sds/SNE4901.7_GHS+US_English+US.pdf
50,SNF4915,17151-47-2,p-FLUOROPHENYLTRI-n-BUTYLTIN,FC1=CC=C(C=C1)[Sn](CCCC)(CCCC)CCCC,110,https://www.gelest.com:443/wp-content/uploads/product_thumbnails/SNF4915.gif,https://s3.amazonaws.com/gelest/sds/SNF4915_GHS+US_English+US.pdf
51,SNM6488,2155-70-6,METHACRYLOXYTRI-n-BUTYLTIN,C(C(=C)C)(=O)O[Sn](CCCC)(CCCC)CCCC,76,https://www.gelest.com:443/wp-content/uploads/product_thumbnails/SNM6488.gif,https://s3.amazonaws.com/gelest/sds/SNM6488_GHS+US_English+US.pdf
52,SNM6521,993-16-8,METHYLTRICHLOROTIN,C[Sn](Cl)(Cl)Cl,110,https://www.gelest.com:443/wp-content/uploads/product_thumbnails/SNM6521.gif,https://s3.amazonaws.com/gelest/sds/SNM6521_GHS+US_English+US.pdf
53,SNO6714,3091-25-6,OCTYLTRICHLOROTIN,C(CCCCCCC)[Sn](Cl)(Cl)Cl,121,https://www.gelest.com:443/wp-content/uploads/product_thumbnails/SNO6714.gif,https://s3.amazonaws.com/gelest/sds/SNO6714_GHS+US_English+US.pdf
54,SNP6734,3757-88-8,PHENYLETHYNYLTRI-n-BUTYLTIN,C1(=CC=CC=C1)C#C[Sn](CCCC)(CCCC)CCCC,113,https://www.gelest.com:443/wp-content/uploads/product_thumbnails/SNP6734.gif,https://s3.amazonaws.com/gelest/sds/SNP6734_GHS+US_English+US.pdf
55,SNP6740,960-16-7,PHENYLTRI-n-BUTYLTIN,C1(=CC=CC=C1)[Sn](CCCC)(CCCC)CCCC,107,https://www.gelest.com:443/wp-content/uploads/product_thumbnails/SNP6740.gif,https://s3.amazonaws.com/gelest/sds/SNP6740_GHS+US_English+US.pdf
56,SNP6765,17314-33-9,PHENYLTHIOTRI-n-BUTYLTIN,C1(=CC=CC=C1)S[Sn](CCCC)(CCCC)CCCC,104,https://www.gelest.com:443/wp-content/uploads/product_thumbnails/SNP6765.gif,https://s3.amazonaws.com/gelest/sds/SNP6765_GHS+US_English+US.pdf
57,SNP6820,1124-19-2,PHENYLTRICHLOROTIN,C1(=CC=CC=C1)[Sn](Cl)(Cl)Cl,110,https://www.gelest.com:443/wp-content/uploads/product_thumbnails/SNP6820.gif,https://s3.amazonaws.com/gelest/sds/SNP6820_GHS+US_English+US.pdf
58,SNP6925,64099-82-7,PROPYNYLTRI-n-BUTYLTIN,C(#CC)[Sn](CCCC)(CCCC)CCCC,110,https://www.gelest.com:443/wp-content/uploads/product_thumbnails/SNP6925.gif,https://s3.amazonaws.com/gelest/sds/SNP6925_GHS+US_English+US.pdf
59,SNP6935,17997-47-6,2-PYRIDYLTRI-n-BUTYLTIN,N1=C(C=CC=C1)[Sn](CCCC)(CCCC)CCCC,110,https://www.gelest.com:443/wp-content/uploads/product_thumbnails/SNP6935.gif,https://s3.amazonaws.com/gelest/sds/SNP6935_GHS+US_English+US.pdf
60,SNS6960,24992-48-1,SODIUM TIN ETHOXIDE,[O-]CC.[Sn+4].[Na+].[O-]CC.[O-]CC.[O-]CC.[O-]CC,110,https://www.gelest.com:443/wp-content/uploads/SNS6960.png,https://s3.amazonaws.com/gelest/sds/SNS6960_GHS+US_English+US.pdf
61,SNT6990,2800-96-6,TETRAACETOXYTIN,C(C)(=O)O[Sn](OC(C)=O)(OC(C)=O)OC(C)=O,110,https://www.gelest.com:443/wp-content/uploads/product_thumbnails/SNT6990.gif,https://s3.amazonaws.com/gelest/sds/SNT6990_GHS+US_English+US.pdf
62,SNT7040,7393-43-3,TETRAALLYLTIN,C(C=C)[Sn](CC=C)(CC=C)CC=C,75,https://www.gelest.com:443/wp-content/uploads/product_thumbnails/SNT7040.gif,https://s3.amazonaws.com/gelest/sds/SNT7040_GHS+US_English+US.pdf
63,SNT7064,36809-75-3,TETRA-t-BUTOXYTIN,C(C)(C)(C)O[Sn](OC(C)(C)C)(OC(C)(C)C)OC(C)(C)C,65,https://www.gelest.com:443/wp-content/uploads/product_thumbnails/SNT7064.gif,https://s3.amazonaws.com/gelest/sds/SNT7064_GHS+US_English+US.pdf
64,SNT7075,3669-02-1,TETRABUTYLDILAURYLDISTANNOXANE,C(CCC)[Sn](O[Sn](CCCCCCCCCCCC)(CCCCCCCCCCCC)CCCC)(CCCC)CCCC,231,https://www.gelest.com:443/wp-content/uploads/product_thumbnails/SNT7075.gif,https://s3.amazonaws.com/gelest/sds/SNT7075_GHS+US_English+US.pdf
65,SNT7260,1461-25-2,TETRA-n-BUTYLTIN,C(CCC)[Sn](CCCC)(CCCC)CCCC,107,https://www.gelest.com:443/wp-content/uploads/product_thumbnails/SNT7260.gif,https://s3.amazonaws.com/gelest/sds/SNT7260_GHS+US_English+US.pdf
66,SNT7261,1461-25-2,TETRA-n-BUTYLTIN,C(CCC)[Sn](CCCC)(CCCC)CCCC,107,https://www.gelest.com:443/wp-content/uploads/product_thumbnails/SNT7261.gif,https://s3.amazonaws.com/gelest/sds/SNT7261_GHS+US_English+US.pdf
67,SNT7262,1449-55-4,TETRACYCLOHEXYLTIN,C1(CCCCC1)[Sn](C1CCCCC1)(C1CCCCC1)C1CCCCC1,110,https://www.gelest.com:443/wp-content/uploads/product_thumbnails/SNT7262.gif,https://s3.amazonaws.com/gelest/sds/SNT7262_GHS+US_English+US.pdf
68,SNT7270,597-64-8,TETRAETHYLTIN,C(C)[Sn](CC)(CC)CC,53,https://www.gelest.com:443/wp-content/uploads/product_thumbnails/SNT7270.gif,https://s3.amazonaws.com/gelest/sds/SNT7270_GHS+US_English+US.pdf
69,SNT7280,2949-42-0,TETRAISOPROPYLTIN,C(C)(C)[Sn](C(C)C)(C(C)C)C(C)C,1,https://www.gelest.com:443/wp-content/uploads/product_thumbnails/SNT7280.gif,https://s3.amazonaws.com/gelest/sds/SNT7280_GHS+US_English+US.pdf
70,SNT7294,1066-78-0,TETRAKIS(DIETHYLAMINO)TIN,C(C)N(CC)[Sn](N(CC)CC)(N(CC)CC)N(CC)CC,39,https://www.gelest.com:443/wp-content/uploads/product_thumbnails/SNT7294.gif,https://s3.amazonaws.com/gelest/sds/SNT7294_GHS+US_English+US.pdf
71,SNT7350,1066-77-9,TETRAKIS(DIMETHYLAMINO)TIN,CN(C)[Sn](N(C)C)(N(C)C)N(C)C,25,https://www.gelest.com:443/wp-content/uploads/product_thumbnails/SNT7350.gif,https://s3.amazonaws.com/gelest/sds/SNT7350_GHS+US_English+US.pdf
72,SNT7560,594-27-4,TETRAMETHYLTIN,C[Sn](C)(C)C,12,https://www.gelest.com:443/wp-content/uploads/product_thumbnails/SNT7560.gif,https://s3.amazonaws.com/gelest/sds/SNT7560_GHS+US_English+US.pdf
73,SNT7560.1,594-27-4,TETRAMETHYLTIN,C[Sn](C)(C)C,12,https://www.gelest.com:443/wp-content/uploads/product_thumbnails/SNT7560.1.gif,https://s3.amazonaws.com/gelest/sds/SNT7560.1_GHS+US_English+US.pdf
74,SNT7660,3765-65-9,TETRA-n-PENTYLTIN,C(CCCC)[Sn](CCCCC)(CCCCC)CCCCC,110,https://www.gelest.com:443/wp-content/uploads/product_thumbnails/SNT7660.gif,https://s3.amazonaws.com/gelest/sds/SNT7660_GHS+US_English+US.pdf
75,SNT7730,3590-84-9,TETRA-n-OCTYLTIN,C(CCCCCCC)[Sn](CCCCCCCC)(CCCCCCCC)CCCCCCCC,94,https://www.gelest.com:443/wp-content/uploads/product_thumbnails/SNT7730.gif,https://s3.amazonaws.com/gelest/sds/SNT7730_GHS+US_English+US.pdf
76,SNT7760,595-90-4,TETRAPHENYLTIN,C1(=CC=CC=C1)[Sn](C1=CC=CC=C1)(C1=CC=CC=C1)C1=CC=CC=C1,231,https://www.gelest.com:443/wp-content/uploads/product_thumbnails/SNT7760.gif,https://s3.amazonaws.com/gelest/sds/SNT7760_GHS+US_English+US.pdf
77,SNT7885,2176-98-9,TETRA-n-PROPYLTIN,C(CC)[Sn](CCC)(CCC)CCC,65,https://www.gelest.com:443/wp-content/uploads/product_thumbnails/SNT7885.gif,https://s3.amazonaws.com/gelest/sds/SNT7885_GHS+US_English+US.pdf
78,SNT7894,6746-22-1,TETRA-p-TOLYLTIN,C1(=CC=C(C=C1)[Sn](C1=CC=C(C=C1)C)(C1=CC=C(C=C1)C)C1=CC=C(C=C1)C)C,200,https://www.gelest.com:443/wp-content/uploads/product_thumbnails/SNT7894.gif,https://s3.amazonaws.com/gelest/sds/SNT7894_GHS+US_English+US.pdf
79,SNT7906,1112-56-7,TETRAVINYLTIN,C(=C)[Sn](C=C)(C=C)C=C,40,https://www.gelest.com:443/wp-content/uploads/product_thumbnails/SNT7906.gif,https://s3.amazonaws.com/gelest/sds/SNT7906_GHS+US_English+US.pdf
80,SNT7909,54663-78-4,2-THIENYLTRI-n-BUTYLTIN,S1C(=CC=C1)[Sn](CCCC)(CCCC)CCCC,106,https://www.gelest.com:443/wp-content/uploads/product_thumbnails/SNT7909.gif,https://s3.amazonaws.com/gelest/sds/SNT7909_GHS+US_English+US.pdf
81,SNT7910,7440-31-5,TIN,[Sn],1166,https://www.gelest.com:443/wp-content/uploads/SNT7910.png,https://s3.amazonaws.com/gelest/sds/SNT7910_GHS+US_English+US.pdf
82,SNT7921,10025-69-1,TIN(II) CHLORIDE,[Sn](Cl)Cl,20,https://www.gelest.com:443/wp-content/uploads/product_thumbnails/SNT7921.gif,https://s3.amazonaws.com/gelest/sds/SNT7921_GHS+US_English+US.pdf
83,SNT7930,7646-78-8,TIN(IV) CHLORIDE,[Sn](Cl)(Cl)(Cl)Cl,50,https://www.gelest.com:443/wp-content/uploads/product_thumbnails/SNT7930.gif,https://s3.amazonaws.com/gelest/sds/SNT7930_GHS+US_English+US.pdf
84,SNT7946,7790-47-8,TIN(IV) IODIDE,[Sn](I)(I)(I)I,20,https://www.gelest.com:443/wp-content/uploads/product_thumbnails/SNT7946.gif,https://s3.amazonaws.com/gelest/sds/SNT7946_GHS+US_English+US.pdf
85,SNT7947,53408-94-9,TIN(II) METHANESULFONATE,CS(=O)(=O)[O-].[Sn+2].CS(=O)(=O)[O-],0,https://www.gelest.com:443/wp-content/uploads/product_thumbnails/SNT7947.gif,https://s3.amazonaws.com/gelest/sds/SNT7947_GHS+US_English+US.pdf
86,SNT7955,1912-84-1,TIN(II) OLEATE,C(CCCCCCC\C=C/CCCCCCCC)(=O)[O-].[Sn+2].C(CCCCCCC\C=C/CCCCCCCC)(=O)[O-],110,https://www.gelest.com:443/wp-content/uploads/product_thumbnails/SNT7955.gif,https://s3.amazonaws.com/gelest/sds/SNT7955_GHS+US_English+US.pdf
87,SNT7960,814-94-8,TIN(II) OXALATE,C(C(=O)[O-])(=O)[O-].[Sn+2],0,https://www.gelest.com:443/wp-content/uploads/product_thumbnails/SNT7960.gif,https://s3.amazonaws.com/gelest/sds/SNT7960_GHS+US_English+US.pdf
88,SNT7968,21651-19-4,TIN(II) OXIDE,[Sn]=O,0,https://www.gelest.com:443/wp-content/uploads/product_thumbnails/SNT7968.gif,https://s3.amazonaws.com/gelest/sds/SNT7968_GHS+US_English+US.pdf
89,SNT7970,18282-10-5,TIN(IV) OXIDE,[Sn](=O)=O,0,https://www.gelest.com:443/wp-content/uploads/product_thumbnails/SNT7970.gif,https://s3.amazonaws.com/gelest/sds/SNT7970_GHS+US_English+US.pdf
90,SNT7971.2,18282-10-5,TIN(IV) OXIDE,[Sn](=O)=O,11,https://www.gelest.com:443/wp-content/uploads/SNT7971.2.png,https://s3.amazonaws.com/gelest/sds/SNT7971.2_GHS+US_English+US.pdf
91,SNT8060,56-36-0,TRI-n-BUTYLACETOXYTIN,C(CCC)C(C(=O)O[Sn])(CCCC)CCCC,120,https://www.gelest.com:443/wp-content/uploads/product_thumbnails/SNT8060.gif,https://s3.amazonaws.com/gelest/sds/SNT8060_GHS+US_English+US.pdf
92,SNT8065,17846-68-3,TRI-n-BUTYLAZIDOTIN,C(CCC)[Sn](N=[N+]=[N-])(CCCC)CCCC,110,https://www.gelest.com:443/wp-content/uploads/product_thumbnails/SNT8065.gif,https://s3.amazonaws.com/gelest/sds/SNT8065_GHS+US_English+US.pdf
93,SNT8070,4342-36-3,TRI-n-BUTYLBENZOYLOXYTIN,C(CCC)[Sn](OC(C1=CC=CC=C1)=O)(CCCC)CCCC,174,https://www.gelest.com:443/wp-content/uploads/product_thumbnails/SNT8070.gif,https://s3.amazonaws.com/gelest/sds/SNT8070_GHS+US_English+US.pdf
94,SNT8076,1461-23-0,TRI-n-BUTYLBROMOTIN,C(CCC)[Sn](Br)(CCCC)CCCC,120,https://www.gelest.com:443/wp-content/uploads/product_thumbnails/SNT8076.gif,https://s3.amazonaws.com/gelest/sds/SNT8076_GHS+US_English+US.pdf
95,SNT8085,1461-22-9,TRI-n-BUTYLCHLOROTIN,C(CCC)[Sn](Cl)(CCCC)CCCC,120,https://www.gelest.com:443/wp-content/uploads/product_thumbnails/SNT8085.gif,https://s3.amazonaws.com/gelest/sds/SNT8085_GHS+US_English+US.pdf
96,SNT8090,36253-76-6,TRI-n-BUTYLETHOXYTIN,C(CCC)[Sn](OCC)(CCCC)CCCC,104,https://www.gelest.com:443/wp-content/uploads/product_thumbnails/SNT8090.gif,https://s3.amazonaws.com/gelest/sds/SNT8090_GHS+US_English+US.pdf
97,SNT8095,1983-10-4,TRI-n-BUTYLFLUOROTIN,C(CCC)[Sn](F)(CCCC)CCCC,150,https://www.gelest.com:443/wp-content/uploads/product_thumbnails/SNT8095.gif,https://s3.amazonaws.com/gelest/sds/SNT8095_GHS+US_English+US.pdf
98,SNT8105,7342-47-4,TRI-n-BUTYLIODOTIN,C(CCC)[Sn](I)(CCCC)CCCC,113,https://www.gelest.com:443/wp-content/uploads/product_thumbnails/SNT8105.gif,https://s3.amazonaws.com/gelest/sds/SNT8105_GHS+US_English+US.pdf
99,SNT8110,1067-52-3,TRI-n-BUTYLMETHOXYTIN,C(CCC)[Sn](OC)(CCCC)CCCC,98,https://www.gelest.com:443/wp-content/uploads/product_thumbnails/SNT8110.gif,https://s3.amazonaws.com/gelest/sds/SNT8110_GHS+US_English+US.pdf
100,SNT8120,1528-01-4,TRI-n-BUTYLMETHYLTIN,C(CCC)[Sn](C)(CCCC)CCCC,100,https://www.gelest.com:443/wp-content/uploads/product_thumbnails/SNT8120.gif,https://s3.amazonaws.com/gelest/sds/SNT8120_GHS+US_English+US.pdf
101,SNT8130,688-73-3,TRI-n-BUTYLTIN HYDRIDE,C(CCC)[SnH](CCCC)CCCC,40,https://www.gelest.com:443/wp-content/uploads/product_thumbnails/SNT8130.gif,https://s3.amazonaws.com/gelest/sds/SNT8130_GHS+US_English+US.pdf
102,SNT8159,3091-32-5,TRICYCLOHEXYLCHLOROTIN,C1(CCCCC1)[Sn](Cl)(C1CCCCC1)C1CCCCC1,150,https://www.gelest.com:443/wp-content/uploads/product_thumbnails/SNT8159.gif,https://s3.amazonaws.com/gelest/sds/SNT8159_GHS+US_English+US.pdf
103,SNT8163,6056-50-4,TRICYCLOHEXYLTIN HYDRIDE,C1(CCCCC1)[SnH](C1CCCCC1)C1CCCCC1,105,https://www.gelest.com:443/wp-content/uploads/product_thumbnails/SNT8163.gif,https://s3.amazonaws.com/gelest/sds/SNT8163_GHS+US_English+US.pdf
104,SNT8210,2767-54-6,TRIETHYLBROMOTIN,C(C)[Sn](Br)(CC)CC,99,https://www.gelest.com:443/wp-content/uploads/product_thumbnails/SNT8210.gif,https://s3.amazonaws.com/gelest/sds/SNT8210_GHS+US_English+US.pdf
105,SNT8520,1066-45-1,TRIMETHYLCHLOROTIN,C[Sn](Cl)(C)C,97,https://www.gelest.com:443/wp-content/uploads/product_thumbnails/SNT8520.gif,https://s3.amazonaws.com/gelest/sds/SNT8520_GHS+US_English+US.pdf
106,SNT8520.2,1066-45-1,TRIMETHYLCHLOROTIN,C[Sn](Cl)(C)C,14,https://www.gelest.com:443/wp-content/uploads/product_thumbnails/SNT8520.2.gif,https://s3.amazonaws.com/gelest/sds/SNT8520.2_GHS+US_English+US.pdf
107,SNT8530,420-60-0,TRIMETHYLFLUOROTIN,C[Sn](F)(C)C,65,https://www.gelest.com:443/wp-content/uploads/product_thumbnails/SNT8530.gif,https://s3.amazonaws.com/gelest/sds/SNT8530_GHS+US_English+US.pdf
108,SNT8565,811-73-4,TRIMETHYLIODOTIN,C[Sn](I)(C)C,65,https://www.gelest.com:443/wp-content/uploads/product_thumbnails/SNT8565.gif,https://s3.amazonaws.com/gelest/sds/SNT8565_GHS+US_English+US.pdf
109,SNT8583,3342-67-4,TRI-n-PENTYLCHLOROTIN,C(CCCC)[Sn](Cl)(CCCCC)CCCCC,120,https://www.gelest.com:443/wp-content/uploads/product_thumbnails/SNT8583.gif,https://s3.amazonaws.com/gelest/sds/SNT8583_GHS+US_English+US.pdf
110,SNT8585,17955-46-3,TRI-n-BUTYLSTANNYLTRIMETHYLSILANE,C(CCC)[Sn](CCCC)(CCCC)[Si](C)(C)C,110,https://www.gelest.com:443/wp-content/uploads/product_thumbnails/SNT8585.gif,https://s3.amazonaws.com/gelest/sds/SNT8585_GHS+US_English+US.pdf
111,SNT8595,900-95-8,TRIPHENYLACETOXYTIN,C1(=CC=CC=C1)C(C(=O)O[Sn])(C1=CC=CC=C1)C1=CC=CC=C1,110,https://www.gelest.com:443/wp-content/uploads/product_thumbnails/SNT8595.gif,https://s3.amazonaws.com/gelest/sds/SNT8595_GHS+US_English+US.pdf
112,SNT8623.5,63353-12-8,TRINEOPHYLTIN HYDRIDE,C(C(C)(C)C1=CC=CC=C1)[SnH](CC(C)(C)C1=CC=CC=C1)CC(C)(C)C1=CC=CC=C1,110,https://www.gelest.com:443/wp-content/uploads/SNT8623.5-600x454.png,https://s3.amazonaws.com/gelest/sds/SNT8623.5_GHS+US_English+US.pdf
113,SNT8624,2587-76-0,TRI-n-OCTYLCHLOROTIN,C(CCCCCCC)[Sn](Cl)(CCCCCCCC)CCCCCCCC,204,https://www.gelest.com:443/wp-content/uploads/product_thumbnails/SNT8624.gif,https://s3.amazonaws.com/gelest/sds/SNT8624_GHS+US_English+US.pdf
114,SNT8650,639-58-7,TRIPHENYLCHLOROTIN,C1(=CC=CC=C1)[Sn](Cl)(C1=CC=CC=C1)C1=CC=CC=C1,70,https://www.gelest.com:443/wp-content/uploads/product_thumbnails/SNT8650.gif,https://s3.amazonaws.com/gelest/sds/SNT8650_GHS+US_English+US.pdf
115,SNT8670,379-52-2,TRIPHENYLFLUOROTIN,C1(=CC=CC=C1)[Sn](F)(C1=CC=CC=C1)C1=CC=CC=C1,20,https://www.gelest.com:443/wp-content/uploads/product_thumbnails/SNT8670.gif,https://s3.amazonaws.com/gelest/sds/SNT8670_GHS+US_English+US.pdf
116,SNT8680,76-87-9,TRIPHENYLHYDROXYTIN,C1(=CC=CC=C1)[Sn](O)(C1=CC=CC=C1)C1=CC=CC=C1,110,https://www.gelest.com:443/wp-content/uploads/product_thumbnails/SNT8680.gif,https://s3.amazonaws.com/gelest/sds/SNT8680_GHS+US_English+US.pdf
117,SNT8683,894-09-7,TRIPHENYLIODOTIN,C1(=CC=CC=C1)[Sn](I)(C1=CC=CC=C1)C1=CC=CC=C1,110,https://www.gelest.com:443/wp-content/uploads/product_thumbnails/SNT8683.gif,https://s3.amazonaws.com/gelest/sds/SNT8683_GHS+US_English+US.pdf
118,SNT8700,892-20-6,TRIPHENYLTIN HYDRIDE,C1(=CC=CC=C1)[SnH](C1=CC=CC=C1)C1=CC=CC=C1,110,https://www.gelest.com:443/wp-content/uploads/product_thumbnails/SNT8700.gif,https://s3.amazonaws.com/gelest/sds/SNT8700_GHS+US_English+US.pdf
119,SNT8708,2279-76-7,TRI-n-PROPYLCHLOROTIN,C(CC)[Sn](Cl)(CCC)CCC,110,https://www.gelest.com:443/wp-content/uploads/product_thumbnails/SNT8708.gif,https://s3.amazonaws.com/gelest/sds/SNT8708_GHS+US_English+US.pdf
120,SNV9100,7486-35-3,VINYLTRI-n-BUTYLTIN,C(=C)[Sn](CCCC)(CCCC)CCCC,110,https://www.gelest.com:443/wp-content/uploads/product_thumbnails/SNV9100.gif,https://s3.amazonaws.com/gelest/sds/SNV9100_GHS+US_English+US.pdf
0,GEA0515,762-67-4,ALLYLTRICHLOROGERMANE,C(C=C)[Ge](Cl)(Cl)Cl,55,https://www.gelest.com:443/wp-content/uploads/product_thumbnails/GEA0515.gif,https://s3.amazonaws.com/gelest/sds/GEA0515_GHS+US_English+US.pdf
1,GEA0530,1793-90-4,ALLYLTRIETHYLGERMANE,C(C=C)[Ge](CC)(CC)CC,48,https://www.gelest.com:443/wp-content/uploads/product_thumbnails/GEA0530.gif,https://s3.amazonaws.com/gelest/sds/GEA0530_GHS+US_English+US.pdf
2,GEA0550,762-66-3,ALLYLTRIMETHYLGERMANE,C(C=C)[Ge](C)(C)C,16,https://www.gelest.com:443/wp-content/uploads/product_thumbnails/GEA0550.gif,https://s3.amazonaws.com/gelest/sds/GEA0550_GHS+US_English+US.pdf
3,GEB0969,6181-21-1,BENZYLTRICHLOROGERMANE,C(C1=CC=CC=C1)[Ge](Cl)(Cl)Cl,65,https://www.gelest.com:443/wp-content/uploads/product_thumbnails/GEB0969.gif,https://s3.amazonaws.com/gelest/sds/GEB0969_GHS+US_English+US.pdf
4,GEB1025,55290-25-0,BIS[BIS(TRIMETHYLSILYL)AMINO]GERMANIUM(II),C[Si](C)(C)N([Si](C)(C)C)[Ge]N([Si](C)(C)C)[Si](C)(C)C,110,https://www.gelest.com:443/wp-content/uploads/product_thumbnails/GEB1025.gif,https://s3.amazonaws.com/gelest/sds/GEB1025_GHS+US_English+US.pdf
5,GEB1050,21581-91-9,BIS(CHLOROMETHYL)DIMETHYLGERMANE,ClC[Ge](C)(C)CCl,51,https://www.gelest.com:443/wp-content/uploads/product_thumbnails/GEB1050.gif,https://s3.amazonaws.com/gelest/sds/GEB1050_GHS+US_English+US.pdf
6,GEB1933,41879-34-9,t-BUTYLDIMETHYLCHLOROGERMANE,C(C)(C)(C)[Ge](Cl)(C)C,34,https://www.gelest.com:443/wp-content/uploads/product_thumbnails/GEB1933.gif,https://s3.amazonaws.com/gelest/sds/GEB1933_GHS+US_English+US.pdf
7,GEB1969.5,57402-96-7,n-BUTYLGERMANE,C(CCC)[GeH3],23,https://www.gelest.com:443/wp-content/uploads/product_thumbnails/GEB1969.5.gif,https://s3.amazonaws.com/gelest/sds/GEB1969.5_GHS+US_English+US.pdf
8,GEB1970,149540-54-5,t-BUTYLGERMANE,C(C)(C)(C)[GeH3],23,https://www.gelest.com:443/wp-content/uploads/product_thumbnails/GEB1970.gif,https://s3.amazonaws.com/gelest/sds/GEB1970_GHS+US_English+US.pdf
9,GEB1975,4872-26-8,n-BUTYLTRICHLOROGERMANE,C(CCC)[Ge](Cl)(Cl)Cl,82,https://www.gelest.com:443/wp-content/uploads/product_thumbnails/GEB1975.gif,https://s3.amazonaws.com/gelest/sds/GEB1975_GHS+US_English+US.pdf
10,GEC2262,15961-23-6,CARBOXYETHYLTRICHLOROGERMANE,C(=O)(O)CC[Ge](Cl)(Cl)Cl,110,https://www.gelest.com:443/wp-content/uploads/product_thumbnails/GEC2262.gif,https://s3.amazonaws.com/gelest/sds/GEC2262_GHS+US_English+US.pdf
11,GEC2300,5830-55-7,CHLOROMETHYLTRIMETHYLGERMANE,ClC[Ge](C)(C)C,6,https://www.gelest.com:443/wp-content/uploads/product_thumbnails/GEC2300.gif,https://s3.amazonaws.com/gelest/sds/GEC2300_GHS+US_English+US.pdf
12,GED3150,13971-75-0,DI-n-BUTYLDIACETOXYGERMANE,C(CCC)[Ge](OC(C)=O)(OC(C)=O)CCCC,110,https://www.gelest.com:443/wp-content/uploads/product_thumbnails/GED3150.gif,https://s3.amazonaws.com/gelest/sds/GED3150_GHS+US_English+US.pdf
13,GED3200,4593-81-1,DI-n-BUTYLDICHLOROGERMANE,C(CCC)[Ge](Cl)(Cl)CCCC,107,https://www.gelest.com:443/wp-content/uploads/product_thumbnails/GED3200.gif,https://s3.amazonaws.com/gelest/sds/GED3200_GHS+US_English+US.pdf
14,GED3365,19272-94-7,DICHLOROMETHYLTRIMETHYLGERMANE,ClC(Cl)[Ge](C)(C)C,33,https://www.gelest.com:443/wp-content/uploads/product_thumbnails/GED3365.gif,https://s3.amazonaws.com/gelest/sds/GED3365_GHS+US_English+US.pdf
15,GED3400,13314-52-8,DIETHYLDICHLOROGERMANE,C(C)[Ge](Cl)(Cl)CC,52,https://www.gelest.com:443/wp-content/uploads/product_thumbnails/GED3400.gif,https://s3.amazonaws.com/gelest/sds/GED3400_GHS+US_English+US.pdf
16,GED3404,51174-08-4,DIETHYLDIETHOXYGERMANE,C(C)[Ge](OCC)(OCC)CC,65,https://www.gelest.com:443/wp-content/uploads/product_thumbnails/GED3404.gif,https://s3.amazonaws.com/gelest/sds/GED3404_GHS+US_English+US.pdf
17,GED3410,1631-46-5,DIETHYLGERMANE,C(C)[GeH2]CC,23,https://www.gelest.com:443/wp-content/uploads/product_thumbnails/GED3410.gif,https://s3.amazonaws.com/gelest/sds/GED3410_GHS+US_English+US.pdf
18,GED3600,13361-67-6,DIMETHYLAMINOTRIMETHYLGERMANE,CN(C)[Ge](C)(C)C,10,https://www.gelest.com:443/wp-content/uploads/product_thumbnails/GED3600.gif,https://s3.amazonaws.com/gelest/sds/GED3600_GHS+US_English+US.pdf
19,GED4100,1529-48-2,DIMETHYLDICHLOROGERMANE,C[Ge](Cl)(Cl)C,32,https://www.gelest.com:443/wp-content/uploads/product_thumbnails/GED4100.gif,https://s3.amazonaws.com/gelest/sds/GED4100_GHS+US_English+US.pdf
20,GED4500,1613-66-7,DIPHENYLDICHLOROGERMANE,C1(=CC=CC=C1)[Ge](Cl)(Cl)C1=CC=CC=C1,160,https://www.gelest.com:443/wp-content/uploads/product_thumbnails/GED4500.gif,https://s3.amazonaws.com/gelest/sds/GED4500_GHS+US_English+US.pdf
21,GED4538,7301-42-0,DIPHENYLDIMETHYLGERMANE,C1(=CC=CC=C1)[Ge](C)(C)C1=CC=CC=C1,110,https://www.gelest.com:443/wp-content/uploads/product_thumbnails/GED4538.gif,https://s3.amazonaws.com/gelest/sds/GED4538_GHS+US_English+US.pdf
22,GED4550,1675-58-7,DIPHENYLGERMANE,C1(=CC=CC=C1)[GeH2]C1=CC=CC=C1,104,https://www.gelest.com:443/wp-content/uploads/product_thumbnails/GED4550.gif,https://s3.amazonaws.com/gelest/sds/GED4550_GHS+US_English+US.pdf
23,GEE4700,993-42-0,ETHYLTRICHLOROGERMANE,C(C)[Ge](Cl)(Cl)Cl,51,https://www.gelest.com:443/wp-content/uploads/product_thumbnails/GEE4700.gif,https://s3.amazonaws.com/gelest/sds/GEE4700_GHS+US_English+US.pdf
24,GEE4710,5865-92-9,ETHYLTRIETHOXYGERMANE,C(C)[Ge](OCC)(OCC)OCC,60,https://www.gelest.com:443/wp-content/uploads/product_thumbnails/GEE4710.gif,https://s3.amazonaws.com/gelest/sds/GEE4710_GHS+US_English+US.pdf
25,GEG5000,7782-65-2,GERMANE,[GeH4],40,https://www.gelest.com:443/wp-content/uploads/product_thumbnails/GEG5000.gif,https://s3.amazonaws.com/gelest/sds/GEG5000_GHS+US_English+US.pdf
26,GEG5020,7440-56-4,GERMANIUM,[Ge],20,https://www.gelest.com:443/wp-content/uploads/GEG5020.png,https://s3.amazonaws.com/gelest/sds/GEG5020_GHS+US_English+US.pdf
27,GEG5200,13573-08-5,GERMANIUM DIIODIDE,[Ge](I)I,545,https://www.gelest.com:443/wp-content/uploads/product_thumbnails/GEG5200.gif,https://s3.amazonaws.com/gelest/sds/GEG5200_GHS+US_English+US.pdf
28,GEG5300,1310-53-8,GERMANIUM DIOXIDE,[Ge](=O)=O,20,https://www.gelest.com:443/wp-content/uploads/GEG5300.png,https://s3.amazonaws.com/gelest/sds/GEG5300_GHS+US_English+US.pdf
29,GEG5350,12065-11-1,GERMANIUM DISELENIDE,[Ge](=[Se])=[Se],20,https://www.gelest.com:443/wp-content/uploads/product_thumbnails/GEG5350.gif,https://s3.amazonaws.com/gelest/sds/GEG5350_GHS+US_English+US.pdf
30,GEG5430,12025-32-0,GERMANIUM(II) SULFIDE,[Ge]=S,20,https://www.gelest.com:443/wp-content/uploads/GEG5430.png,https://s3.amazonaws.com/gelest/sds/GEG5430_GHS+US_English+US.pdf
31,GEG5800,13450-95-8,GERMANIUM TETRAIODIDE,[Ge](I)(I)(I)I,110,https://www.gelest.com:443/wp-content/uploads/product_thumbnails/GEG5800.gif,https://s3.amazonaws.com/gelest/sds/GEG5800_GHS+US_English+US.pdf
32,GEH6000,993-62-4,HEXAETHYLDIGERMANE,C(C)[Ge]([Ge](CC)(CC)CC)(CC)CC,65,https://www.gelest.com:443/wp-content/uploads/product_thumbnails/GEH6000.gif,https://s3.amazonaws.com/gelest/sds/GEH6000_GHS+US_English+US.pdf
33,GEH6066,2538-70-7,HEXAETHYLDIGERMOXANE,C(C)[Ge](O[Ge](CC)(CC)CC)(CC)CC,110,https://www.gelest.com:443/wp-content/uploads/product_thumbnails/GEH6066.gif,https://s3.amazonaws.com/gelest/sds/GEH6066_GHS+US_English+US.pdf
34,GEH6100,993-52-2,HEXAMETHYLDIGERMANE,C[Ge]([Ge](C)(C)C)(C)C,14,https://www.gelest.com:443/wp-content/uploads/product_thumbnails/GEH6100.gif,https://s3.amazonaws.com/gelest/sds/GEH6100_GHS+US_English+US.pdf
35,GEH6150,2816-39-9,HEXAPHENYLDIGERMANE,C1(=CC=CC=C1)[Ge]([Ge](C1=CC=CC=C1)(C1=CC=CC=C1)C1=CC=CC=C1)(C1=CC=CC=C1)C1=CC=CC=C1,200,https://www.gelest.com:443/wp-content/uploads/product_thumbnails/GEH6150.gif,https://s3.amazonaws.com/gelest/sds/GEH6150_GHS+US_English+US.pdf
36,GEH6160,2181-40-0,HEXAPHENYLDIGERMOXANE,C1(=CC=CC=C1)[Ge](O[Ge](C1=CC=CC=C1)(C1=CC=CC=C1)C1=CC=CC=C1)(C1=CC=CC=C1)C1=CC=CC=C1,200,https://www.gelest.com:443/wp-content/uploads/product_thumbnails/GEH6160.gif,https://s3.amazonaws.com/gelest/sds/GEH6160_GHS+US_English+US.pdf
37,GEM6490,95347-64-1,METHACRYLOXYTRIETHYLGERMANE,C(C(=C)C)(=O)O[Ge](CC)(CC)CC,65,https://www.gelest.com:443/wp-content/uploads/product_thumbnails/GEM6490.gif,https://s3.amazonaws.com/gelest/sds/GEM6490_GHS+US_English+US.pdf
38,GEM6499,1449-65-6,METHYLGERMANE,C[GeH3],40,https://www.gelest.com:443/wp-content/uploads/product_thumbnails/GEM6499.gif,https://s3.amazonaws.com/gelest/sds/GEM6499_GHS+US_English+US.pdf
39,GEM6500,993-10-2,METHYLTRICHLOROGERMANE,C[Ge](Cl)(Cl)Cl,10,https://www.gelest.com:443/wp-content/uploads/product_thumbnails/GEM6500.gif,https://s3.amazonaws.com/gelest/sds/GEM6500_GHS+US_English+US.pdf
40,GEM6550,5865-91-8,METHYLTRIETHOXYGERMANE,C[Ge](OCC)(OCC)OCC,40,https://www.gelest.com:443/wp-content/uploads/product_thumbnails/GEM6550.gif,https://s3.amazonaws.com/gelest/sds/GEM6550_GHS+US_English+US.pdf
41,GEP6727,22702-76-7,PHENYLDIMETHYLCHLOROGERMANE,C1(=CC=CC=C1)[Ge](Cl)(C)C,65,https://www.gelest.com:443/wp-content/uploads/product_thumbnails/GEP6727.gif,https://s3.amazonaws.com/gelest/sds/GEP6727_GHS+US_English+US.pdf
42,GEP6749,2875-92-5,PHENYLGERMANE,C1(=CC=CC=C1)[GeH3],60,https://www.gelest.com:443/wp-content/uploads/GEP6749.png,https://s3.amazonaws.com/gelest/sds/GEP6749_GHS+US_English+US.pdf
43,GET7000,1793-91-5,TETRAALLYLGERMANE,C(C=C)[Ge](CC=C)(CC=C)CC=C,70,https://www.gelest.com:443/wp-content/uploads/product_thumbnails/GET7000.gif,https://s3.amazonaws.com/gelest/sds/GET7000_GHS+US_English+US.pdf
44,GET7060,25063-27-8,TETRA-n-BUTOXYGERMANE,C(CCC)O[Ge](OCCCC)(OCCCC)OCCCC,112,https://www.gelest.com:443/wp-content/uploads/product_thumbnails/GET7060.gif,https://s3.amazonaws.com/gelest/sds/GET7060_GHS+US_English+US.pdf
45,GET7080,1067-42-1,TETRA-n-BUTYLGERMANE,C(CCC)[Ge](CCCC)(CCCC)CCCC,90,https://www.gelest.com:443/wp-content/uploads/product_thumbnails/GET7080.gif,https://s3.amazonaws.com/gelest/sds/GET7080_GHS+US_English+US.pdf
46,GET7100,14165-55-0,TETRAETHOXYGERMANE,C(C)O[Ge](OCC)(OCC)OCC,62,https://www.gelest.com:443/wp-content/uploads/product_thumbnails/GET7100.gif,https://s3.amazonaws.com/gelest/sds/GET7100_GHS+US_English+US.pdf
47,GET7101,14165-55-0,TETRAETHOXYGERMANE,C(C)O[Ge](OCC)(OCC)OCC,62,https://www.gelest.com:443/wp-content/uploads/product_thumbnails/GET7101.gif,https://s3.amazonaws.com/gelest/sds/GET7101_GHS+US_English+US.pdf
48,GET7150,597-63-7,TETRAETHYLGERMANE,C(C)[Ge](CC)(CC)CC,42,https://www.gelest.com:443/wp-content/uploads/product_thumbnails/GET7150.gif,https://s3.amazonaws.com/gelest/sds/GET7150_GHS+US_English+US.pdf
49,GET7277,7344-40-3,TETRAKIS(DIMETHYLAMINO)GERMANE,CN(C)[Ge](N(C)C)(N(C)C)N(C)C,34,https://www.gelest.com:443/wp-content/uploads/product_thumbnails/GET7277.gif,https://s3.amazonaws.com/gelest/sds/GET7277_GHS+US_English+US.pdf
50,GET7280,21154-48-3,TETRAISOPROPOXYGERMANE,C(C)(C)O[Ge](OC(C)C)(OC(C)C)OC(C)C,68,https://www.gelest.com:443/wp-content/uploads/product_thumbnails/GET7280.gif,https://s3.amazonaws.com/gelest/sds/GET7280_GHS+US_English+US.pdf
51,GET7296,18766-53-5,TETRAKIS(TRIMETHYLSILOXY)GERMANE,C[Si](O[Ge](O[Si](C)(C)C)(O[Si](C)(C)C)O[Si](C)(C)C)(C)C,80,https://www.gelest.com:443/wp-content/uploads/product_thumbnails/GET7296.gif,https://s3.amazonaws.com/gelest/sds/GET7296_GHS+US_English+US.pdf
52,GET7500,992-91-6,TETRAMETHOXYGERMANE,CO[Ge](OC)(OC)OC,34,https://www.gelest.com:443/wp-content/uploads/product_thumbnails/GET7500.gif,https://s3.amazonaws.com/gelest/sds/GET7500_GHS+US_English+US.pdf
53,GET7550,865-52-1,TETRAMETHYLGERMANE,C[Ge](C)(C)C,19,https://www.gelest.com:443/wp-content/uploads/product_thumbnails/GET7550.gif,https://s3.amazonaws.com/gelest/sds/GET7550_GHS+US_English+US.pdf
54,GET7750,1048-05-1,TETRAPHENYLGERMANE,C1(=CC=CC=C1)[Ge](C1=CC=CC=C1)(C1=CC=CC=C1)C1=CC=CC=C1,200,https://www.gelest.com:443/wp-content/uploads/product_thumbnails/GET7750.gif,https://s3.amazonaws.com/gelest/sds/GET7750_GHS+US_English+US.pdf
55,GET8080,2117-36-4,TRI-n-BUTYLCHLOROGERMANE,C(CCC)[Ge](Cl)(CCCC)CCCC,94,https://www.gelest.com:443/wp-content/uploads/product_thumbnails/GET8080.gif,https://s3.amazonaws.com/gelest/sds/GET8080_GHS+US_English+US.pdf
56,GET8100,998-39-0,TRI-n-BUTYLGERMANE,C(CCC)[GeH](CCCC)CCCC,78,https://www.gelest.com:443/wp-content/uploads/product_thumbnails/GET8100.gif,https://s3.amazonaws.com/gelest/sds/GET8100_GHS+US_English+US.pdf
57,GET8150,1184-65-2,TRICHLOROGERMANE,Cl[GeH](Cl)Cl,12,https://www.gelest.com:443/wp-content/uploads/GET8150.gif,https://s3.amazonaws.com/gelest/sds/GET8150_GHS+US_English+US.pdf
58,GET8160,15961-24-7,3-(TRICHLOROGERMYL)PROPIONYLCHLORIDE,Cl[Ge](CCC(=O)Cl)(Cl)Cl,110,https://www.gelest.com:443/wp-content/uploads/product_thumbnails/GET8160.gif,https://s3.amazonaws.com/gelest/sds/GET8160_GHS+US_English+US.pdf
59,GET8200,1067-10-3,TRIETHYLBROMOGERMANE,C(C)[Ge](Br)(CC)CC,65,https://www.gelest.com:443/wp-content/uploads/product_thumbnails/GET8200.gif,https://s3.amazonaws.com/gelest/sds/GET8200_GHS+US_English+US.pdf
60,GET8240,994-28-5,TRIETHYLCHLOROGERMANE,C(C)[Ge](Cl)(CC)CC,38,https://www.gelest.com:443/wp-content/uploads/product_thumbnails/GET8240.gif,https://s3.amazonaws.com/gelest/sds/GET8240_GHS+US_English+US.pdf
61,GET8300,1188-14-3,TRIETHYLGERMANE,C(C)[GeH](CC)CC,5,https://www.gelest.com:443/wp-content/uploads/product_thumbnails/GET8300.gif,https://s3.amazonaws.com/gelest/sds/GET8300_GHS+US_English+US.pdf
62,GET8383,2816-54-8,TRIISOPROPYLCHLOROGERMANE,C(C)(C)[Ge](Cl)(C(C)C)C(C)C,66,https://www.gelest.com:443/wp-content/uploads/product_thumbnails/GET8383.gif,https://s3.amazonaws.com/gelest/sds/GET8383_GHS+US_English+US.pdf
63,GET8440,1066-37-1,TRIMETHYLBROMOGERMANE,C[Ge](Br)(C)C,37,https://www.gelest.com:443/wp-content/uploads/product_thumbnails/GET8440.gif,https://s3.amazonaws.com/gelest/sds/GET8440_GHS+US_English+US.pdf
64,GET8500,1529-47-1,TRIMETHYLCHLOROGERMANE,C[Ge](Cl)(C)C,1,https://www.gelest.com:443/wp-content/uploads/product_thumbnails/GET8500.gif,https://s3.amazonaws.com/gelest/sds/GET8500_GHS+US_English+US.pdf
65,GET8560,1449-63-4,TRIMETHYLGERMANE,C[GeH](C)C,20,https://www.gelest.com:443/wp-content/uploads/product_thumbnails/GET8560.gif,https://s3.amazonaws.com/gelest/sds/GET8560_GHS+US_English+US.pdf
66,GET8562,1066-38-2,TRIMETHYLIODOGERMANE,C[Ge](I)(C)C,20,https://www.gelest.com:443/wp-content/uploads/product_thumbnails/GET8562.gif,https://s3.amazonaws.com/gelest/sds/GET8562_GHS+US_English+US.pdf
67,GET8630,3005-32-1,TRIPHENYLBROMOGERMANE,C1(=CC=CC=C1)[Ge](Br)(C1=CC=CC=C1)C1=CC=CC=C1,200,https://www.gelest.com:443/wp-content/uploads/product_thumbnails/GET8630.gif,https://s3.amazonaws.com/gelest/sds/GET8630_GHS+US_English+US.pdf
68,GET8640,1626-24-0,TRIPHENYLCHLOROGERMANE,C1(=CC=CC=C1)[Ge](Cl)(C1=CC=CC=C1)C1=CC=CC=C1,20,https://www.gelest.com:443/wp-content/uploads/product_thumbnails/GET8640.gif,https://s3.amazonaws.com/gelest/sds/GET8640_GHS+US_English+US.pdf
69,GET8660,2816-43-5,TRIPHENYLGERMANE,C1(=CC=CC=C1)[GeH](C1=CC=CC=C1)C1=CC=CC=C1,110,https://www.gelest.com:443/wp-content/uploads/product_thumbnails/GET8660.gif,https://s3.amazonaws.com/gelest/sds/GET8660_GHS+US_English+US.pdf
70,GET8717,66348-18-3,TRIS(TRIFLUOROMETHYL)IODOGERMANE,FC(F)(F)[Ge](I)(C(F)(F)F)C(F)(F)F,110,https://www.gelest.com:443/wp-content/uploads/product_thumbnails/GET8717.gif,https://s3.amazonaws.com/gelest/sds/GET8717_GHS+US_English+US.pdf
71,GET8721.5,104164-54-7,TRIS(TRIMETHYLSILYL)GERMANE,C[Si](C)(C)[GeH]([Si](C)(C)C)[Si](C)(C)C,110,https://www.gelest.com:443/wp-content/uploads/product_thumbnails/GET8721.5.gif,https://s3.amazonaws.com/gelest/sds/GET8721.5_GHS+US_English+US.pdf
72,GEV9200,6207-41-6,VINYLTRIETHYLGERMANE,C(=C)[Ge](CC)(CC)CC,32,https://www.gelest.com:443/wp-content/uploads/product_thumbnails/GEV9200.gif,https://s3.amazonaws.com/gelest/sds/GEV9200_GHS+US_English+US.pdf
0,ALT-173,76684-67-8,POLYTETRADECYLMETHYLSILOXANE,C(CCCCCCCCCCCCC)[Si](O[*:2])(C)[*:1],110,https://www.gelest.com:443/wp-content/uploads/product_thumbnails/ALT-173.gif,https://s3.amazonaws.com/gelest/sds/ALT-173_GHS+US_English+US.pdf
1,ALT-192,68607-75-0,POLYOCTADECYLMETHYLSILOXANE,C(CCCCCCCCCCCCCCCCC)[Si](O[*:2])(C)[*:1],110,https://www.gelest.com:443/wp-content/uploads/product_thumbnails/ALT-192.gif,https://s3.amazonaws.com/gelest/sds/ALT-192_GHS+US_English+US.pdf
2,APT-133,71329-48-1,POLY(2-PHENYLPROPYL)METHYLSILOXANE,C1(=CC=CC=C1)C(C[Si](O[*:2])(C)[*:1])C,258,https://www.gelest.com:443/wp-content/uploads/product_thumbnails/APT-133.gif,https://s3.amazonaws.com/gelest/sds/APT-133_GHS+US_English+US.pdf
3,DCF-405,1361237-41-3,(TETRAHYDROFURFURYLOXYPROPYL)METHYLSILOXANE,C(C1CCCO1)OCCC[Si]([O])C,65,https://www.gelest.com:443/wp-content/uploads/product_thumbnails/DCF-405.gif,https://s3.amazonaws.com/gelest/sds/DCF-405_GHS+US_English+US.pdf
4,DES-T02,63148-61-8,POLYDIETHYLSILOXANE,C(C)[Si](O[*:2])(CC)[*:1],76,https://www.gelest.com:443/wp-content/uploads/product_thumbnails/DES-T02.gif,https://s3.amazonaws.com/gelest/sds/DES-T02_GHS+US_English+US.pdf
5,DES-T03,63148-61-8,POLYDIETHYLSILOXANE,C(C)[Si](O[*:2])(CC)[*:1],80,https://www.gelest.com:443/wp-content/uploads/product_thumbnails/DES-T03.gif,https://s3.amazonaws.com/gelest/sds/DES-T03_GHS+US_English+US.pdf
6,DES-T11,63148-61-8,POLYDIETHYLSILOXANE,C(C)[Si](O[*:2])(CC)[*:1],110,https://www.gelest.com:443/wp-content/uploads/product_thumbnails/DES-T11.gif,https://s3.amazonaws.com/gelest/sds/DES-T11_GHS+US_English+US.pdf
7,DES-T12,63148-61-8,POLYDIETHYLSILOXANE,C(C)[Si](O[*:2])(CC)[*:1],170,https://www.gelest.com:443/wp-content/uploads/product_thumbnails/DES-T12.gif,https://s3.amazonaws.com/gelest/sds/DES-T12_GHS+US_English+US.pdf
8,DES-T15,63148-61-8,POLYDIETHYLSILOXANE,C(C)[Si](O[*:2])(CC)[*:1],170,https://www.gelest.com:443/wp-content/uploads/product_thumbnails/DES-T15.gif,https://s3.amazonaws.com/gelest/sds/DES-T15_GHS+US_English+US.pdf
9,DES-T23,63148-61-8,POLYDIETHYLSILOXANE,C(C)[Si](O[*:2])(CC)[*:1],256,https://www.gelest.com:443/wp-content/uploads/product_thumbnails/DES-T23.gif,https://s3.amazonaws.com/gelest/sds/DES-T23_GHS+US_English+US.pdf
10,DMS-T00,107-46-0,POLYDIMETHYLSILOXANE,C[Si](O[*:2])(C)[*:1],1,https://www.gelest.com:443/wp-content/uploads/product_thumbnails/DMS-T00.gif,https://s3.amazonaws.com/gelest/sds/DMS-T00_GHS+US_English+US.pdf
11,DMS-T01,9016-00-6/63148-62-9,POLYDIMETHYLSILOXANE,C[Si](O[*:2])(C)[*:1],38,https://www.gelest.com:443/wp-content/uploads/product_thumbnails/DMS-T01.gif,https://s3.amazonaws.com/gelest/sds/DMS-T01_GHS+US_English+US.pdf
12,DMS-T01.5B,9016-00-6/63148-62-9,POLYDIMETHYLSILOXANE,C[Si](O[*:2])(C)[*:1],39,https://www.gelest.com:443/wp-content/uploads/DMS-T01.5B-460x460.png,https://s3.amazonaws.com/gelest/sds/DMS-T01.5B_GHS+US_English+US.pdf
13,DMS-T02,9016-00-6/63148-62-9,POLYDIMETHYLSILOXANE,C[Si](O[*:2])(C)[*:1],79,https://www.gelest.com:443/wp-content/uploads/product_thumbnails/DMS-T02.gif,https://s3.amazonaws.com/gelest/sds/DMS-T02_GHS+US_English+US.pdf
14,DMS-T03,9016-00-6/63148-62-9,POLYDIMETHYLSILOXANE,C[Si](O[*:2])(C)[*:1],100,https://www.gelest.com:443/wp-content/uploads/product_thumbnails/DMS-T03.gif,https://s3.amazonaws.com/gelest/sds/DMS-T03_GHS+US_English+US.pdf
15,DMS-T05,9016-00-6/63148-62-9,POLYDIMETHYLSILOXANE,C[Si](O[*:2])(C)[*:1],135,https://www.gelest.com:443/wp-content/uploads/product_thumbnails/DMS-T05.gif,https://s3.amazonaws.com/gelest/sds/DMS-T05_GHS+US_English+US.pdf
16,DMS-T07,9016-00-6/63148-62-9,POLYDIMETHYLSILOXANE,C[Si](O[*:2])(C)[*:1],150,https://www.gelest.com:443/wp-content/uploads/product_thumbnails/DMS-T07.gif,https://s3.amazonaws.com/gelest/sds/DMS-T07_GHS+US_English+US.pdf
17,DMS-T07R,9016-00-6/63148-62-9,POLYDIMETHYLSILOXANE,C[Si](O[*:2])(C)[*:1],163,https://www.gelest.com:443/wp-content/uploads/product_thumbnails/DMS-T07R.gif,https://s3.amazonaws.com/gelest/sds/DMS-T07R_GHS+US_English+US.pdf
18,DMS-T11,9016-00-6/63148-62-9,POLYDIMETHYLSILOXANE,C[Si](O[*:2])(C)[*:1],263,https://www.gelest.com:443/wp-content/uploads/product_thumbnails/DMS-T11.gif,https://s3.amazonaws.com/gelest/sds/DMS-T11_GHS+US_English+US.pdf
19,DMS-T12,9016-00-6/63148-62-9,POLYDIMETHYLSILOXANE,C[Si](O[*:2])(C)[*:1],232,https://www.gelest.com:443/wp-content/uploads/product_thumbnails/DMS-T12.gif,https://s3.amazonaws.com/gelest/sds/DMS-T12_GHS+US_English+US.pdf
20,DMS-T12R,9016-00-6/63148-62-9,POLYDIMETHYLSILOXANE,C[Si](O[*:2])(C)[*:1],232,https://www.gelest.com:443/wp-content/uploads/product_thumbnails/DMS-T12R.gif,https://s3.amazonaws.com/gelest/sds/DMS-T12R_GHS+US_English+US.pdf
21,DMS-T15,9016-00-6/63148-62-9,POLYDIMETHYLSILOXANE,C[Si](O[*:2])(C)[*:1],285,https://www.gelest.com:443/wp-content/uploads/product_thumbnails/DMS-T15.gif,https://s3.amazonaws.com/gelest/sds/DMS-T15_GHS+US_English+US.pdf
22,DMS-T21,9016-00-6/63148-62-9,POLYDIMETHYLSILOXANE,C[Si](O[*:2])(C)[*:1],315,https://www.gelest.com:443/wp-content/uploads/product_thumbnails/DMS-T21.gif,https://s3.amazonaws.com/gelest/sds/DMS-T21_GHS+US_English+US.pdf
23,DMS-T21R,9016-00-6/63148-62-9,POLYDIMETHYLSILOXANE,C[Si](O[*:2])(C)[*:1],315,https://www.gelest.com:443/wp-content/uploads/product_thumbnails/DMS-T21R.gif,https://s3.amazonaws.com/gelest/sds/DMS-T21R_GHS+US_English+US.pdf
24,DMS-T21RED,9016-00-6/63148-62-9,POLYDIMETHYLSILOXANE,C[Si](O[*:2])(C)[*:1],315,https://www.gelest.com:443/wp-content/uploads/product_thumbnails/DMS-T21RED.gif,https://s3.amazonaws.com/gelest/sds/DMS-T21RED_GHS+US_English+US.pdf
25,DMS-T22,9016-00-6/63148-62-9,POLYDIMETHYLSILOXANE,C[Si](O[*:2])(C)[*:1],315,https://www.gelest.com:443/wp-content/uploads/product_thumbnails/DMS-T22.gif,https://s3.amazonaws.com/gelest/sds/DMS-T22_GHS+US_English+US.pdf
26,DMS-T23,9016-00-6/63148-62-9,POLYDIMETHYLSILOXANE,C[Si](O[*:2])(C)[*:1],315,https://www.gelest.com:443/wp-content/uploads/product_thumbnails/DMS-T23.gif,https://s3.amazonaws.com/gelest/sds/DMS-T23_GHS+US_English+US.pdf
27,DMS-T25,9016-00-6/63148-62-9,POLYDIMETHYLSILOXANE,C[Si](O[*:2])(C)[*:1],315,https://www.gelest.com:443/wp-content/uploads/product_thumbnails/DMS-T25.gif,https://s3.amazonaws.com/gelest/sds/DMS-T25_GHS+US_English+US.pdf
28,DMS-T31,9016-00-6/63148-62-9,POLYDIMETHYLSILOXANE,C[Si](O[*:2])(C)[*:1],315,https://www.gelest.com:443/wp-content/uploads/product_thumbnails/DMS-T31.gif,https://s3.amazonaws.com/gelest/sds/DMS-T31_GHS+US_English+US.pdf
29,DMS-T31R,9016-00-6/63148-62-9,POLYDIMETHYLSILOXANE,C[Si](O[*:2])(C)[*:1],315,https://www.gelest.com:443/wp-content/uploads/DMS-T31R-600x224.png,https://s3.amazonaws.com/gelest/sds/DMS-T31R_GHS+US_English+US.pdf
30,DMS-T35,9016-00-6/63148-62-9,POLYDIMETHYLSILOXANE,C[Si](O[*:2])(C)[*:1],315,https://www.gelest.com:443/wp-content/uploads/product_thumbnails/DMS-T35.gif,https://s3.amazonaws.com/gelest/sds/DMS-T35_GHS+US_English+US.pdf
31,DMS-T41,9016-00-6/63148-62-9,POLYDIMETHYLSILOXANE,C[Si](O[*:2])(C)[*:1],315,https://www.gelest.com:443/wp-content/uploads/product_thumbnails/DMS-T41.gif,https://s3.amazonaws.com/gelest/sds/DMS-T41_GHS+US_English+US.pdf
32,DMS-T41.2,9016-00-6/63148-62-9,POLYDIMETHYLSILOXANE,C[Si](O[*:2])(C)[*:1],315,https://www.gelest.com:443/wp-content/uploads/product_thumbnails/DMS-T41.2.gif,https://s3.amazonaws.com/gelest/sds/DMS-T41.2_GHS+US_English+US.pdf
33,DMS-T43,9016-00-6/63148-62-9,POLYDIMETHYLSILOXANE,C[Si](O[*:2])(C)[*:1],315,https://www.gelest.com:443/wp-content/uploads/product_thumbnails/DMS-T43.gif,https://s3.amazonaws.com/gelest/sds/DMS-T43_GHS+US_English+US.pdf
34,DMS-T46,9016-00-6/63148-62-9,POLYDIMETHYLSILOXANE,C[Si](O[*:2])(C)[*:1],315,https://www.gelest.com:443/wp-content/uploads/product_thumbnails/DMS-T46.gif,https://s3.amazonaws.com/gelest/sds/DMS-T46_GHS+US_English+US.pdf
35,DMS-T51,9016-00-6/63148-62-9,POLYDIMETHYLSILOXANE,C[Si](O[*:2])(C)[*:1],321,https://www.gelest.com:443/wp-content/uploads/product_thumbnails/DMS-T51.gif,https://s3.amazonaws.com/gelest/sds/DMS-T51_GHS+US_English+US.pdf
36,DMS-T51B20,9016-00-6/63148-62-9,POLYDIMETHYLSILOXANE,C[Si](O[*:2])(C)[*:1],165,https://www.gelest.com:443/wp-content/uploads/product_thumbnails/DMS-T51B20.gif,https://s3.amazonaws.com/gelest/sds/DMS-T51B20_GHS+US_English+US.pdf
37,DMS-T53,9016-00-6/63148-62-9,POLYDIMETHYLSILOXANE,C[Si](O[*:2])(C)[*:1],321,https://www.gelest.com:443/wp-content/uploads/product_thumbnails/DMS-T53.gif,https://s3.amazonaws.com/gelest/sds/DMS-T53_GHS+US_English+US.pdf
38,DMS-T56,9016-00-6/63148-62-9,POLYDIMETHYLSILOXANE,C[Si](O[*:2])(C)[*:1],321,https://www.gelest.com:443/wp-content/uploads/product_thumbnails/DMS-T56.gif,https://s3.amazonaws.com/gelest/sds/DMS-T56_GHS+US_English+US.pdf
39,DMS-T61,9016-00-6/63148-62-9,POLYDIMETHYLSILOXANE,C[Si](O[*:2])(C)[*:1],321,https://www.gelest.com:443/wp-content/uploads/product_thumbnails/DMS-T61.gif,https://s3.amazonaws.com/gelest/sds/DMS-T61_GHS+US_English+US.pdf
40,DMS-T63,9016-00-6/63148-62-9,POLYDIMETHYLSILOXANE,C[Si](O[*:2])(C)[*:1],321,https://www.gelest.com:443/wp-content/uploads/product_thumbnails/DMS-T63.gif,https://s3.amazonaws.com/gelest/sds/DMS-T63_GHS+US_English+US.pdf
41,DMS-T72,9016-00-6/63148-62-9,POLYDIMETHYLSILOXANE,C[Si](O[*:2])(C)[*:1],321,https://www.gelest.com:443/wp-content/uploads/product_thumbnails/DMS-T72.gif,https://s3.amazonaws.com/gelest/sds/DMS-T72_GHS+US_English+US.pdf
42,DMS-T72B15,,POLYDIMETHYLSILOXANE,C[Si](O[*:2])(C)[*:1],76,https://www.gelest.com:443/wp-content/uploads/product_thumbnails/DMS-T72B15.gif,https://s3.amazonaws.com/gelest/sds/DMS-T72B15_GHS+US_English+US.pdf
43,FMS-H31,1988741-30-5,polyTRIFLUOROPROPYLMETHYLSILOXANE,FC(CC[Si](O[*:2])(C)[*:1])(F)F,20,https://www.gelest.com:443/wp-content/uploads/FMS-H31-600x430.png,https://s3.amazonaws.com/gelest/sds/FMS-H31_GHS+US_English+US.pdf
44,PMS-H03,,POLYPHENYLMETHYLSILOXANE,C1(=CC=CC=C1)C[SiH](O[*:2])[*:1],65,https://www.gelest.com:443/wp-content/uploads/product_thumbnails/PMS-H11.gif,https://s3.amazonaws.com/gelest/sds/PMS-H03_GHS+US_English+US.pdf
45,PMS-H11,,POLYPHENYLMETHYLSILOXANE,C1(=CC=CC=C1)C[SiH](O[*:2])[*:1],6,https://www.gelest.com:443/wp-content/uploads/product_thumbnails/PMV-9925.gif,https://s3.amazonaws.com/gelest/sds/PMS-H11_GHS+US_English+US.pdf
46,PSI-021,68412-37-3,POLY(DIETHOXYSILOXANE),C(C)O[Si](O[*:2])(OCC)[*:1],46,https://www.gelest.com:443/wp-content/uploads/product_thumbnails/PSI-023.gif,https://s3.amazonaws.com/gelest/sds/PSI-021_GHS+US_English+US.pdf
47,PSI-023,68412-37-3,POLY(DIETHOXYSILOXANE),C(C)O[Si](O[*:2])(OCC)[*:1],63,https://www.gelest.com:443/wp-content/uploads/product_thumbnails/PSI-026.gif,https://s3.amazonaws.com/gelest/sds/PSI-023_GHS+US_English+US.pdf
48,PSI-026,25498-02-6,POLY(DIMETHOXYSILOXANE),CO[Si](O[*:2])(OC)[*:1],61,https://www.gelest.com:443/wp-content/uploads/product_thumbnails/PSN-2M01.gif,https://s3.amazonaws.com/gelest/sds/PSI-026_GHS+US_English+US.pdf
49,RMS-992,1614238-37-7,(METHACRYLOXYPROPYL)METHYLSILOXANE,C(C(=C)C)(=O)OCCC[Si]([O])C,110,https://www.gelest.com:443/wp-content/uploads/RMS-992-600x339.png,https://s3.amazonaws.com/gelest/sds/RMS-992_GHS+US_English+US.pdf
50,SIM6481.15,69861-02-5,3-(3-METHACRYLOXY-2-HYDROXYPROPOXY)PROPYLBIS(TRIMETHYLSILOXY)METHYLSILANE,C(C(=C)C)(=O)OCC(COCCC[SiH2]C(O[Si](C)(C)C)O[Si](C)(C)C)O,180,https://www.gelest.com:443/wp-content/uploads/product_thumbnails/SIM6481.15.gif,https://s3.amazonaws.com/gelest/sds/SIM6481.15_GHS+US_English+US.pdf
51,YMS-T31,67762-86-1,POLY(CYANOPROPYLMETHYLSILOXANE),C(#N)CCC[Si](O[*:2])(C)[*:1],20,https://www.gelest.com:443/wp-content/uploads/product_thumbnails/SST-V8V01.gif,https://s3.amazonaws.com/gelest/sds/YMS-T31_GHS+US_English+US.pdf
