iupac,smiles,expt,calc,id
"4-methoxy-N,N-dimethyl-benzamide",CN(C)C(=O)c1ccc(cc1)OC,-11.01,-9.625,molid1
methanesulfonyl chloride,CS(=O)(=O)Cl,-4.87,-6.218999999999999,molid2
3-methylbut-1-ene,CC(C)C=C,1.83,2.452,molid3
heptan-1-ol,CCCCCCCO,-4.21,-2.917,molid5
"3,5-dimethylphenol",Cc1cc(cc(c1)O)C,-6.27,-5.444,molid6
"2,3-dimethylbutane",CC(C)C(C)C,2.34,2.468,molid7
2-methylpentan-2-ol,CCCC(C)(C)O,-3.92,-2.779,molid8
"1,2-dimethylcyclohexane",C[C@@H]1CCCC[C@@H]1C,1.58,1.685,molid9
butan-2-ol,CC[C@H](C)O,-4.62,-3.145,molid10
dibromomethane,C(Br)Br,-1.96,-0.405,molid11
2-methylpentan-3-ol,CC[C@H](C(C)C)O,-3.88,-2.416,molid12
2-ethylpyridine,CCc1ccccn1,-4.33,-3.31,molid13
ethyl pentanoate,CCCCC(=O)OCC,-2.49,-3.11,molid14
benzenethiol,c1ccc(cc1)S,-2.55,-1.501,molid15
"(2Z)-3,7-dimethylocta-2,6-dien-1-ol",CC(=CCC/C(=C\CO)/C)C,-4.78,-2.597,molid16
indane,c1ccc2c(c1)CCC2,-1.46,-1.7519999999999998,molid17
ethoxybenzene,CCOc1ccccc1,-2.22,-2.254,molid18
4-bromophenol,c1cc(ccc1O)Br,-5.85,-5.832999999999999,molid19
"2,2-dimethylpentane",CCCC(C)(C)C,2.88,2.6860000000000004,molid20
ethion,CCOP(=S)(OCC)SCSP(=S)(OCC)OCC,-6.1,-10.644,molid22
cycloheptanol,C1CCCC(CC1)O,-5.48,-4.345,molid23
methyl cyclopropanecarboxylate,COC(=O)C1CC1,-4.1,-3.6039999999999996,molid24
benzonitrile,c1ccc(cc1)C#N,-4.1,-3.238,molid25
pentanenitrile,CCCCC#N,-3.52,-2.147,molid26
2-methylpropan-2-ol,CC(C)(C)O,-4.47,-3.2880000000000003,molid27
"2,4-dimethylpentan-3-one",CC(C)C(=O)C(C)C,-2.74,-2.6289999999999996,molid28
propanal,CCC=O,-3.43,-3.148,molid29
"N,N-dimethylformamide",CN(C)C=O,-7.81,-6.932,molid30
p-xylene,Cc1ccc(cc1)C,-0.8,-0.6579999999999999,molid31
"penta-1,4-diene",C=CCC=C,0.93,2.3569999999999998,molid32
"2-(2,3-dimethylphenyl)aminobenzoic acid",Cc1cccc(c1C)Nc2ccccc2C(=O)O,-6.78,-7.665,molid33
"N,N-dimethylbenzamide",CN(C)C(=O)c1ccccc1,-9.29,-8.113,molid34
N-ethylethanamine,CCNCC,-4.07,-2.986,molid35
4-tert-butylphenol,CC(C)(C)c1ccc(cc1)O,-5.91,-5.542999999999999,molid36
isopentyl formate,CC(C)CCOC=O,-2.13,-3.4139999999999997,molid37
decan-1-ol,CCCCCCCCCCO,-3.64,-2.4459999999999997,molid38
ethyl propanoate,CCC(=O)OCC,-2.68,-3.221,molid39
nonane,CCCCCCCCC,3.13,3.221,molid40
N-methylacetamide,CC(=O)NC,-10.0,-8.276,molid41
non-1-ene,CCCCCCCC=C,2.06,2.995,molid42
naphthalen-2-ol,c1ccc2cc(ccc2c1)O,-8.11,-7.849,molid43
"1,2,4-trichlorobenzene",c1cc(c(cc1Cl)Cl)Cl,-1.12,-0.11699999999999999,molid44
"(2R,3R,4R,5R)-Hexan-1,2,3,4,5,6-hexol",C([C@H]([C@H]([C@@H]([C@@H](CO)O)O)O)O)O,-23.62,-18.162,molid45
methyl butanoate,CCCC(=O)OC,-2.83,-3.552,molid46
2-hydroxybenzaldehyde,c1ccc(c(c1)C=O)O,-4.68,-8.809,molid47
N-propylpropan-1-amine,CCCNCCC,-3.65,-2.233,molid49
aniline,c1ccc(cc1)N,-5.49,-5.542999999999999,molid50
tetrafluoromethane,C(F)(F)(F)F,3.12,2.489,molid51
2-methylbutan-1-ol,CC[C@@H](C)CO,-4.42,-2.995,molid52
2-iodophenol,c1ccc(c(c1)O)I,-6.2,-3.221,molid53
"2,6-dimethoxyphenol",COc1cccc(c1O)OC,-6.96,-7.393,molid54
but-1-yne,CCC#C,-0.16,0.284,molid55
trifluoromethylbenzene,c1ccc(cc1)C(F)(F)F,-0.25,-0.57,molid56
hydrazine,NN,-9.3,-6.507999999999999,molid57
2-methylpyridine,Cc1ccccn1,-4.63,-3.5010000000000003,molid58
simazine,CCNc1nc(nc(n1)Cl)NCC,-10.22,-10.914000000000001,molid59
"2,3-dichlorodibenzo-p-dioxin",c1ccc2c(c1)Oc3cc(c(cc3O2)Cl)Cl,-3.56,-3.59,molid60
octan-1-amine,CCCCCCCCN,-3.65,-2.589,molid61
ammonia,N,-4.29,-4.018,molid62
"1,2-bis(trifluoromethyl)benzene",c1ccc(c(c1)C(F)(F)F)C(F)(F)F,1.07,-1.4409999999999998,molid63
methyl paraben,COC(=O)c1ccc(cc1)O,-9.51,-9.785,molid64
pentylbenzene,CCCCCc1ccccc1,-0.23,-0.094,molid65
"1,1-difluoroethane",CC(F)F,-0.11,0.226,molid66
5-Amino-4-chloro-2-phenylpyridazin-3(2H)-one,c1ccc(cc1)n2c(=O)c(c(cn2)N)Cl,-16.43,-16.039,molid67
butadiene,C=CC=C,0.56,1.955,molid68
"N,N-dimethylmethanamine",CN(C)C,-3.2,-2.636,molid69
hexanamide,CCCCCC(=O)N,-9.31,-8.103,molid70
isobutyl nitrate,CC(C)CO[N+](=O)[O-],-1.88,-1.835,molid71
"1-(2-hydroxyethylamino)-9,10-anthraquinone",c1ccc2c(c1)C(=O)c3cccc(c3C2=O)NCCO,-14.21,-13.599,molid72
octan-2-one,CCCCCCC(=O)C,-2.88,-2.758,molid74
1-methylpiperazine,CN1CCNCC1,-7.77,-8.173,molid75
ethanamine,CCN,-4.5,-3.156,molid76
"cyclohepta-1,3,5-triene",C1C=CC=CC=C1,-0.99,-0.098,molid77
"9,10-dihydroanthracene",c1ccc2c(c1)Cc3ccccc3C2,-3.78,-4.303999999999999,molid78
"1,1-dichloroethane",CC(Cl)Cl,-0.84,0.187,molid79
3-methoxyphenol,COc1cccc(c1)O,-7.66,-6.968999999999999,molid80
acenaphthene,c1cc2cccc3c2c(c1)CC3,-3.15,-4.198,molid81
phenylmethanol,c1ccc(cc1)CO,-6.62,-5.132999999999999,molid83
n-butane,CCCC,2.1,2.588,molid85
chloromethane,CCl,-0.55,0.764,molid86
1-bromo-2-methyl-propane,CC(C)CBr,-0.03,0.7559999999999999,molid87
2-isopropylsulfanylpropane,CC(C)SC(C)C,-1.21,0.14,molid88
heptane,CCCCCCC,2.67,2.925,molid89
imidazole,c1cnc[nH]1,-9.63,-7.972,molid90
"1,2,3,7-tetrachlorodibenzo-p-dioxin",c1cc2c(cc1Cl)Oc3cc(c(c(c3O2)Cl)Cl)Cl,-3.84,-2.66,molid91
bromacil,CC[C@H](C)n1c(=O)c(c([nH]c1=O)C)Br,-9.73,-14.495999999999999,molid92
diiodomethane,C(I)I,-2.49,-1.882,molid93
"N,N-dipropyl(propylsulfanyl)formamide",CCCN(CCC)C(=O)SCCC,-4.13,-4.569,molid94
methoxyethane,CCOC,-2.1,-0.71,molid96
"2-chloro-1,1,1-trimethoxy-ethane",COC(CCl)(OC)OC,-4.59,-3.638,molid97
isobutane,CC(C)C,2.3,2.535,molid98
3-methylbutanoic acid,CC(C)CC(=O)O,-6.09,-8.844,molid99
"2-chloro-1-(2,4-dichlorophenyl)ethenyl diethyl phosphate",CCOP(=O)(OCC)O/C(=C/Cl)/c1ccc(cc1Cl)Cl,-7.07,-9.029,molid100
1-chloropropane,CCCCl,-0.33,0.973,molid101
1-propylsulfanylpropane,CCCSCCC,-1.28,0.64,molid102
hexan-3-ol,CCC[C@H](CC)O,-4.06,-2.585,molid103
acetonitrile,CC#N,-3.88,-2.7889999999999997,molid104
"N-methyl-N-(2,2,2-trifluoroethyl)aniline",CN(CC(F)(F)F)c1ccccc1,-1.92,-3.964,molid105
"2-chloro-2-(difluoromethoxy)-1,1,1-trifluoro-ethane",[C@@H](C(F)(F)F)(OC(F)F)Cl,0.1,-1.156,molid106
"hexa-1,5-diene",C=CCCC=C,1.01,2.487,molid107
m-xylene,Cc1cccc(c1)C,-0.83,-0.6970000000000001,molid108
methyl acetate,CC(=O)OC,-3.13,-3.83,molid109
ethyl benzoate,CCOC(=O)c1ccccc1,-3.64,-4.5969999999999995,molid111
propanethiol,CCCS,-1.1,-0.182,molid112
heptan-2-one,CCCCCC(=O)C,-3.04,-2.945,molid113
carbofuran,CC1(Cc2cccc(c2O1)OC(=O)NC)C,-9.61,-11.126,molid114
benzyl bromide,c1ccc(cc1)CBr,-2.38,-1.8530000000000002,molid115
ethyl hexanoate,CCCCCC(=O)OCC,-2.23,-2.929,molid116
4-methylmorpholine,CN1CCOCC1,-6.32,-5.774,molid118
"1,2,4,5-tetrachloro-3-(3,4-dichlorophenyl)benzene",c1cc(c(cc1c2c(c(cc(c2Cl)Cl)Cl)Cl)Cl)Cl,-4.38,-0.705,molid120
propylbenzene,CCCc1ccccc1,-0.53,-0.511,molid121
caffeine,Cn1cnc2c1c(=O)n(c(=O)n2C)C,-12.64,-17.621,molid122
"1,1,2,3,3,3-hexafluoroprop-1-ene",C(=C(F)F)(C(F)(F)F)F,2.93,2.305,molid124
4-chlorophenol,c1cc(ccc1O)Cl,-7.03,-5.372999999999999,molid125
piperidine,C1CCNCC1,-5.11,-3.873,molid126
iodomethane,CI,-0.89,-0.6409999999999999,molid128
"3,5-dichloro-2,6-dimethoxyphenol",COc1c(cc(c(c1O)OC)Cl)Cl,-6.44,-5.98,molid129
n-pentane,CCCCC,2.3,2.673,molid131
butanenitrile,CCCC#N,-3.64,-2.287,molid132
"2-bromo-1,1,1,2-tetrafluoro-ethane",[C@@H](C(F)(F)F)(F)Br,0.5,0.23399999999999999,molid133
[(2S)-butan-2-yl] nitrate,CC[C@H](C)O[N+](=O)[O-],-1.82,-1.864,molid135
"1,4-dichloro-2-phenyl-benzene",c1ccc(cc1)c2cc(ccc2Cl)Cl,-2.46,-1.903,molid136
"1,2,3,4-tetrachloro-5-phenyl-benzene",c1ccc(cc1)c2cc(c(c(c2Cl)Cl)Cl)Cl,-3.48,-1.31,molid137
"2,3-dimethylpentane",CC[C@@H](C)C(C)C,2.52,2.625,molid138
4-methylpentan-2-ol,C[C@H](CC(C)C)O,-3.73,-2.907,molid139
tetrahydropyran,C1CCOCC1,-3.12,-1.8090000000000002,molid140
cyclopropane,C1CC1,0.75,2.485,molid141
"1,2,3,4-tetrachloro-5-(3,4,5-trichlorophenyl)benzene",c1c(cc(c(c1Cl)Cl)Cl)c2cc(c(c(c2Cl)Cl)Cl)Cl,-3.17,-0.8220000000000001,molid142
"1,1-dichloroethylene",C=C(Cl)Cl,0.25,1.1079999999999999,molid143
2-methylpropan-1-ol,CC(C)CO,-4.5,-3.13,molid144
propyl propanoate,CCCOC(=O)CC,-2.44,-2.4530000000000003,molid145
hexachloroethane,C(C(Cl)(Cl)Cl)(Cl)(Cl)Cl,-0.64,0.885,molid146
methylsulfanylbenzene,CSc1ccccc1,-2.73,-1.325,molid147
2-ethylphenol,CCc1ccccc1O,-5.66,-4.768,molid148
2-chloro-2-methyl-propane,CC(C)(C)Cl,1.09,0.826,molid149
isoprene,CC(=C)C=C,0.68,1.824,molid150
1-methylimidazole,Cn1ccnc1,-8.41,-6.282,molid152
ethylene glycol,C(CO)O,-9.3,-7.266,molid153
"1,2-dichlorobenzene",c1ccc(c(c1)Cl)Cl,-1.36,-0.5529999999999999,molid154
6-chlorouracil,c1c(=O)[nH]c(=O)[nH]c1Cl,-15.83,-15.128,molid155
propyl formate,CCCOC=O,-2.48,-3.699,molid156
2-chlorodibenzo-p-dioxin,c1ccc2c(c1)Oc3ccc(cc3O2)Cl,-3.1,-4.053999999999999,molid157
hexanoic acid,CCCCCC(=O)O,-6.21,-7.877999999999999,molid158
"2,4-dimethylpyridine",Cc1ccnc(c1)C,-4.86,-3.282,molid160
cyclohexene,C1CCC=CC1,0.14,1.175,molid161
"1,4-dimethylpiperazine",CN1CCN(CC1)C,-7.58,-7.874,molid162
"1,2,3,4-tetrachloro-5-(3,4-dichlorophenyl)benzene",c1cc(c(cc1c2cc(c(c(c2Cl)Cl)Cl)Cl)Cl)Cl,-3.04,-1.083,molid163
quinone,C1=CC(=O)C=CC1=O,-6.5,-6.96,molid164
methyl 2-chloroacetate,COC(=O)CCl,-4.0,-3.8160000000000003,molid165
ethylbenzene,CCc1ccccc1,-0.79,-0.606,molid167
"1,1,2-trichloroethylene",C(=C(Cl)Cl)Cl,-0.44,0.818,molid168
"N,N-diethylethanamine",CCN(CC)CC,-3.22,-1.955,molid169
"1,2,3,4,7-pentachlorodibenzo-p-dioxin",c1cc2c(cc1Cl)Oc3c(c(c(c(c3Cl)Cl)Cl)Cl)O2,-4.15,-2.31,molid170
"3,4-dimethylpyridine",Cc1ccncc1C,-5.22,-3.201,molid171
benzaldehyde,c1ccc(cc1)C=O,-4.02,-5.058,molid173
2-chloropyridine,c1ccnc(c1)Cl,-4.39,-3.873,molid174
3-chloroprop-1-ene,C=CCCl,-0.57,0.9440000000000001,molid175
1-(p-tolyl)ethanone,Cc1ccc(cc1)C(=O)C,-4.7,-4.91,molid176
formaldehyde,C=O,-2.75,-3.155,molid177
1-chloro-2-methyl-benzene,Cc1ccccc1Cl,-1.14,-0.473,molid178
1-pyrrolidin-1-ylethanone,CC(=O)N1CCCC1,-9.8,-7.831,molid179
"1,1,1-trimethoxyethane",CC(OC)(OC)OC,-4.42,-3.7,molid180
butylbenzene,CCCCc1ccccc1,-0.4,-0.22699999999999998,molid181
"N,N-dimethylaniline",CN(C)c1ccccc1,-3.45,-4.426,molid182
2-methoxypropane,CC(C)OC,-2.01,-0.657,molid183
"1,2,3,4,5-pentachloro-6-(2,3,4,5,6-pentachlorophenyl)benzene",c1(c(c(c(c(c1Cl)Cl)Cl)Cl)Cl)c2c(c(c(c(c2Cl)Cl)Cl)Cl)Cl,-2.98,0.76,molid185
"1,1,2-trichloroethane",C(C(Cl)Cl)Cl,-1.99,-0.384,molid186
benzene,c1ccccc1,-0.9,-0.8059999999999999,molid189
"1,2,3-trichlorobenzene",c1cc(c(c(c1)Cl)Cl)Cl,-1.24,-0.51,molid190
4-chlorophenyl)sulfanylmethylsulfanyl-diethoxy-thioxo-$l^{5}-phosphane,CCOP(=S)(OCC)SCSc1ccc(cc1)Cl,-6.5,-7.024,molid191
"3-(dimethoxyphosphinothioylsulfanylmethyl)-1,2,3-benzotriazin-4-one",COP(=S)(OC)SCn1c(=O)c2ccccc2nn1,-10.03,-14.106,molid192
"1,2,4-trichlorodibenzo-p-dioxin",c1ccc2c(c1)Oc3c(cc(c(c3O2)Cl)Cl)Cl,-4.05,-3.16,molid193
"2,3-dimethylbuta-1,3-diene",CC(=C)C(=C)C,0.4,1.8619999999999999,molid194
hex-1-ene,CCCCC=C,1.58,2.628,molid195
hydrogen sulfide,S,-0.7,-1.135,molid196
"2-N-ethyl-6-(methylsulfanyl)-4-N-(propan-2-yl)-1,3,5-triazine-2,4-diamine",CCNc1nc(nc(n1)SC)NC(C)C,-7.65,-10.552,molid198
butyl paraben,CCCCOC(=O)c1ccc(cc1)O,-8.72,-8.771,molid199
hexyl acetate,CCCCCCOC(=O)C,-2.26,-2.219,molid200
cyclopentanone,C1CCC(=O)C1,-4.7,-3.889,molid201
pentanoic acid,CCCCC(=O)O,-6.16,-9.052999999999999,molid202
bromoethane,CCBr,-0.74,0.48700000000000004,molid203
"2,6-dimethylnaphthalene",Cc1ccc2cc(ccc2c1)C,-2.63,-2.8480000000000003,molid204
hexan-1-ol,CCCCCCO,-4.4,-3.0,molid205
1-chloro-2-phenyl-benzene,c1ccc(cc1)c2ccccc2Cl,-2.69,-2.508,molid206
1-methylcyclohexene,CC1=CCCCC1,0.67,1.338,molid207
hexyl nitrate,CCCCCCO[N+](=O)[O-],-1.66,-1.5959999999999999,molid208
bromoform,C(Br)(Br)Br,-2.13,-0.531,molid209
2-propoxyethanol,CCCOCCO,-6.4,-3.94,molid211
phenyl formate,c1ccc(cc1)OC=O,-3.82,-5.442,molid212
5-iodouracil,c1c(c(=O)[nH]c(=O)[nH]1)I,-18.72,-17.742,molid213
"1,1,1-trifluoro-2,2,2-trimethoxyethane",COC(C(F)(F)F)(OC)OC,-0.8,-2.319,molid215
"(2S,3R,4S,5R)-oxane-2,3,4,5-tetrol",C1[C@H]([C@@H]([C@H]([C@H](O1)O)O)O)O,-20.52,-14.148,molid216
butan-1-ol,CCCCO,-4.72,-3.2319999999999998,molid218
fluorobenzene,c1ccc(cc1)F,-0.8,-0.040999999999999995,molid219
ethyl acetate,CCOC(=O)C,-2.94,-3.745,molid220
isobutyl 2-methylpropanoate,CC(C)COC(=O)C(C)C,-1.69,-2.58,molid221
2-methoxy-2-methyl-propane,CC(C)(C)OC,-2.21,-0.691,molid222
heptachlor,C1=C[C@@H]([C@@H]2[C@H]1[C@@]3(C(=C([C@]2(C3(Cl)Cl)Cl)Cl)Cl)Cl)Cl,-2.55,-0.9740000000000001,molid223
pentan-3-one,CCC(=O)CC,-3.41,-3.05,molid224
"methyl 2,2,2-trifluoroacetate",COC(=O)C(F)(F)F,-1.1,-1.3530000000000002,molid225
naphthalene,c1ccc2ccccc2c1,-2.4,-3.213,molid226
"1,2,3,4-tetrachloro-5-(2,3,4-trichlorophenyl)benzene",c1cc(c(c(c1c2cc(c(c(c2Cl)Cl)Cl)Cl)Cl)Cl)Cl,-4.4,-0.805,molid227
acetylsalicylic acid,CC(=O)Oc1ccccc1C(=O)O,-9.94,-9.399,molid228
"3,3-dimethylbutan-2-one",CC(=O)C(C)(C)C,-3.11,-3.234,molid229
methyl methanesulfonate,COS(=O)(=O)C,-4.87,-8.824,molid230
4-ethylpyridine,CCc1ccncc1,-4.73,-3.19,molid231
N-isopropylpropan-2-amine,CC(C)NC(C)C,-3.22,-1.985,molid232
"2,7-dichlorodibenzo-p-dioxin",c1cc2c(cc1Cl)Oc3ccc(cc3O2)Cl,-3.67,-3.321,molid233
heptan-1-amine,CCCCCCCN,-3.79,-2.5540000000000003,molid234
methylcyclopentane,CC1CCCC1,1.59,1.785,molid235
propane,CCC,2.0,2.495,molid236
2-methyltetrahydrofuran,C[C@H]1CCCO1,-3.3,-1.984,molid237
naphthalen-1-yl N-methylcarbamate,CNC(=O)Oc1cccc2c1cccc2,-9.45,-10.436,molid238
3-hydroxybenzaldehyde,c1cc(cc(c1)O)C=O,-9.52,-9.369,molid239
anthracene,c1ccc2cc3ccccc3cc2c1,-3.95,-5.187,molid240
dichloromethane,C(Cl)Cl,-1.31,0.038,molid241
"methyl 2,2-dimethylpropanoate",CC(C)(C)C(=O)OC,-2.4,-3.304,molid242
trichloro(nitro)methane,C([N+](=O)[O-])(Cl)(Cl)Cl,-1.45,-0.379,molid243
sulfolane,C1CC[S+2](C1)([O-])[O-],-8.61,-9.624,molid244
"2,6-dimethylphenol",Cc1cccc(c1O)C,-5.26,-4.308,molid245
m-cresol,Cc1cccc(c1)O,-5.49,-5.377999999999999,molid246
"1-amino-4-hydroxy-9,10-anthracenedione",c1ccc2c(c1)C(=O)c3c(ccc(c3C2=O)O)N,-9.53,-10.984000000000002,molid247
"1,4-diamino-9,10-anthracenedione",c1ccc2c(c1)C(=O)c3c(ccc(c3C2=O)N)N,-11.85,-15.252,molid248
nonan-2-one,CCCCCCCC(=O)C,-2.49,-2.563,molid249
4-methylaniline,Cc1ccc(cc1)N,-5.57,-5.494,molid252
1-iodohexane,CCCCCCI,0.08,0.043,molid253
"1,1,2-trichloro-1,2,2-trifluoro-ethane",C(C(F)(Cl)Cl)(F)(F)Cl,1.77,1.6909999999999998,molid254
trimethyl phosphate,COP(=O)(OC)OC,-8.7,-10.642000000000001,molid255
"1,3-dichlorobenzene",c1cc(cc(c1)Cl)Cl,-0.98,-0.11,molid256
"1,3-dimethylnaphthalene",Cc1cc(c2ccccc2c1)C,-2.47,-2.995,molid257
isohexane,CCCC(C)C,2.51,2.8080000000000003,molid258
chlorpyrifos,CCOP(=S)(OCC)Oc1c(cc(c(n1)Cl)Cl)Cl,-5.04,-9.625,molid259
"2-chloro-1,1,1-trifluoro-ethane",C(C(F)(F)F)Cl,0.06,0.233,molid260
ethylene,C=C,1.28,2.3280000000000003,molid261
1-iodopentane,CCCCCI,-0.14,-0.111,molid262
trimethoxymethane,COC(OC)OC,-4.42,-4.625,molid263
decane,CCCCCCCCCC,3.16,3.335,molid264
"1,2-dinitroxypropane",C[C@@H](CO[N+](=O)[O-])O[N+](=O)[O-],-4.95,-5.646,molid265
prop-1-ene,CC=C,1.32,2.3280000000000003,molid266
3-methyl-1H-indole,Cc1c[nH]c2c1cccc2,-5.88,-8.161,molid267
"(1R)-2,2,2-trichloro-1-dimethoxyphosphoryl-ethanol",COP(=O)([C@H](C(Cl)(Cl)Cl)O)OC,-12.74,-13.424000000000001,molid268
"(2E)-3,7-dimethylocta-2,6-dien-1-ol",CC(=CCC/C(=C/CO)/C)C,-4.45,-2.5180000000000002,molid270
cumene,CC(C)c1ccccc1,-0.3,-0.674,molid271
"2,3,4-trimethylpentane",CC(C)C(C)C(C)C,2.56,2.674,molid272
3-methylbutan-2-one,CC(C)C(=O)C,-3.24,-3.0780000000000003,molid273
N-butylbutan-1-amine,CCCCNCCCC,-3.24,-2.076,molid274
butane-1-thiol,CCCCS,-0.99,-0.174,molid275
"1,2,3,4-tetrachlorodibenzo-p-dioxin",c1ccc2c(c1)Oc3c(c(c(c(c3Cl)Cl)Cl)Cl)O2,-3.81,-2.775,molid276
"2,6-dichlorosyringaldehyde",COc1c(c(c(c(c1Cl)C=O)Cl)OC)O,-8.68,-9.846,molid277
cyclohexanamine,C1CCC(CC1)N,-4.59,-3.9530000000000003,molid278
chloro-difluoro-methane,C(F)(F)Cl,-0.5,-0.067,molid279
methyl 4-nitrobenzoate,COC(=O)c1ccc(cc1)[N+](=O)[O-],-6.88,-6.587999999999999,molid280
1-(3-pyridyl)ethanone,CC(=O)c1cccnc1,-8.26,-7.843999999999999,molid281
nonanal,CCCCCCCCC=O,-2.07,-2.336,molid283
propionic acid,CCC(=O)O,-6.46,-9.088,molid284
chloroform,C(Cl)(Cl)Cl,-1.08,0.285,molid285
"1,2,3-trimethylbenzene",Cc1cccc(c1C)C,-1.21,-0.883,molid286
benzyl chloride,c1ccc(cc1)CCl,-1.93,-1.742,molid288
methylcyclohexane,CC1CCCCC1,1.7,1.679,molid289
2-methylthiophene,Cc1cccs1,-1.38,-0.3,molid290
pyridine,c1ccncc1,-4.69,-3.508,molid291
1-chlorobutane,CCCCCl,-0.16,0.993,molid292
"2,5-dimethyltetrahydrofuran",C[C@H]1CC[C@@H](O1)C,-2.92,-1.787,molid293
4-methyl-2-methoxyphenol,Cc1ccc(c(c1)OC)O,-5.8,-4.547,molid294
chlordane,C1[C@H]([C@@H]2[C@H]([C@H]1Cl)[C@]3(C(=C([C@@]2(C3(Cl)Cl)Cl)Cl)Cl)Cl)Cl,-3.44,-3.23,molid295
toluene,Cc1ccccc1,-0.9,-0.79,molid296
isobutyl formate,CC(C)COC=O,-2.22,-3.458,molid297
ethyl paraben,CCOC(=O)c1ccc(cc1)O,-9.2,-9.535,molid298
"1,2-diethoxyethane",CCOCCOCC,-3.54,-3.42,molid299
pentyl propanoate,CCCCCOC(=O)CC,-2.11,-2.176,molid300
4-propylphenol,CCCc1ccc(cc1)O,-5.21,-5.211,molid301
"3,3-dimethylpentane",CCC(C)(C)CC,2.56,2.593,molid304
"2,3-dimethylnaphthalene",Cc1cc2ccccc2cc1C,-2.78,-2.9530000000000003,molid305
"2,6-dimethylpyridine",Cc1cccc(n1)C,-4.59,-3.443,molid306
"2,2-dichloro-1,1-difluoro-1-methoxy-ethane",COC(C(Cl)Cl)(F)F,-1.12,-0.685,molid307
2-ethoxyethyl acetate,CCOCCOC(=O)C,-5.31,-5.751,molid308
3-methoxyaniline,COc1cccc(c1)N,-7.29,-7.2010000000000005,molid309
pyridine-3-carbaldehyde,c1cc(cnc1)C=O,-7.1,-7.425,molid310
2-methylbutan-2-ol,CCC(C)(C)O,-4.43,-2.9330000000000003,molid311
alachlor,CCc1cccc(c1N(COC)C(=O)CCl)CC,-8.21,-6.851,molid312
1-methylpyrrole,Cn1cccc1,-2.89,-2.374,molid313
dimethoxymethane,COCOC,-2.93,-3.221,molid314
pentan-3-ol,CCC(CC)O,-4.35,-2.786,molid315
undecan-2-one,CCCCCCCCCC(=O)C,-2.15,-2.201,molid316
1-bromo-2-chloro-ethane,C(CBr)Cl,-1.95,-0.8,molid317
iodobenzene,c1ccc(cc1)I,-1.74,-1.057,molid318
"3,5,5-trimethylcyclohex-2-en-1-one",CC1=CC(=O)CC(C1)(C)C,-5.18,-4.088,molid319
iodoethane,CCI,-0.74,-0.609,molid320
4-propylguaiacol,CCCc1ccc(c(c1)OC)O,-5.26,-4.127,molid321
2-bromopropane,CC(C)Br,-0.48,0.44799999999999995,molid322
1-bromo-4-methyl-benzene,Cc1ccc(cc1)Br,-1.39,-0.894,molid323
4-hydroxybenzonitrile,c1cc(ccc1C#N)O,-10.17,-8.39,molid324
methylsulfonylmethane,CS(=O)(=O)C,-10.08,-10.559000000000001,molid325
3-ethylphenol,CCc1cccc(c1)O,-6.25,-5.272,molid326
"(1S,5R)-2-methyl-5-(1-methylethenyl)-2-cyclohexen-1-ol",CC1=CC[C@H](C[C@@H]1O)C(=C)C,-4.44,-3.2569999999999997,molid327
"1,4-dibromobenzene",c1cc(ccc1Br)Br,-2.3,-1.091,molid328
dicamba,COc1c(ccc(c1C(=O)O)Cl)Cl,-9.86,-8.658,molid329
pent-2-ene,CC/C=C\C,1.31,2.374,molid330
ethylsulfanylethane,CCSCC,-1.46,0.299,molid333
pyridine-3-carbonitrile,c1cc(cnc1)C#N,-6.75,-5.582000000000001,molid334
"3,4-dichlorophenol",c1cc(c(cc1O)Cl)Cl,-7.29,-5.138999999999999,molid335
anisole,COc1ccccc1,-2.45,-2.318,molid336
"2,5-dimethylphenol",Cc1ccc(c(c1)O)C,-5.91,-5.013999999999999,molid337
"1,4-dichlorobenzene",c1cc(ccc1Cl)Cl,-1.01,-0.19,molid338
chloro-fluoro-methane,C(F)Cl,-0.77,-0.171,molid339
pent-1-ene,CCCC=C,1.68,2.532,molid340
"1,2,3,4-tetrachlorobenzene",c1cc(c(c(c1Cl)Cl)Cl)Cl,-1.34,-0.304,molid341
hept-1-yne,CCCCCC#C,0.6,0.639,molid342
decan-2-one,CCCCCCCCC(=O)C,-2.34,-2.573,molid343
chlorobenzene,c1ccc(cc1)Cl,-1.12,-0.475,molid344
[2-benzhydryloxyethyl]-dimethyl-amine,CN(C)CCOC(c1ccccc1)c2ccccc2,-9.34,-7.872999999999999,molid345
pentanal,CCCCC=O,-3.03,-2.927,molid346
diphenyl ether,c1ccc(cc1)Oc2ccccc2,-2.87,-2.81,molid347
cyclohexanone,C1CCC(=O)CC1,-4.91,-4.18,molid348
1-nitrobutane,CCCC[N+](=O)[O-],-3.09,-1.449,molid349
pyridine-4-carbaldehyde,c1cnccc1C=O,-7.0,-7.337999999999999,molid350
1-chloro-2-(2-chloroethoxy)ethane,C(CCl)OCCCl,-4.23,-2.248,molid351
1-nitroethane,CC[N+](=O)[O-],-3.71,-1.839,molid352
3-chloropyridine,c1cc(cnc1)Cl,-4.01,-2.767,molid353
methanol,CO,-5.1,-3.491,molid355
heptanal,CCCCCCC=O,-2.67,-2.7039999999999997,molid356
"1,3-dichloro-2-(2,6-dichlorophenyl)benzene",c1cc(c(c(c1)Cl)c2c(cccc2Cl)Cl)Cl,-2.28,-1.226,molid357
1-methylpiperidine,CN1CCCCC1,-3.88,-3.467,molid359
octanal,CCCCCCCC=O,-2.29,-2.57,molid360
nitrobenzene,c1ccc(cc1)[N+](=O)[O-],-4.12,-3.46,molid361
"(2S,5R)-2-isopropyl-5-methylcyclohexanone",C[C@@H]1CC[C@H](C(=O)C1)C(C)C,-2.53,-3.523,molid362
fluoromethane,CF,-0.22,0.8809999999999999,molid364
methylsulfinylmethane,CS(=O)C,-9.28,-8.243,molid365
dibenzo-p-dioxin,c1ccc2c(c1)Oc3ccccc3O2,-3.15,-4.9,molid366
2-methylaniline,Cc1ccccc1N,-5.53,-5.325,molid367
nonan-1-ol,CCCCCCCCCO,-3.88,-2.5639999999999996,molid369
4-methylpyridine,Cc1ccncc1,-4.93,-3.343,molid370
"1,1,2,2-tetrachloroethylene",C(=C(Cl)Cl)(Cl)Cl,0.1,1.328,molid371
2-bromo-2-methyl-propane,CC(C)(C)Br,0.84,0.43799999999999994,molid372
"1,1-diphenylethene",C=C(c1ccccc1)c2ccccc2,-2.78,-2.47,molid373
3-methylpyridine,Cc1cccnc1,-4.77,-3.221,molid375
"1,1,1,2-tetramethoxyethane",COCC(OC)(OC)OC,-5.73,-5.436,molid376
9H-fluorene,c1ccc-2c(c1)Cc3c2cccc3,-3.35,-4.269,molid377
acetamide,CC(=O)N,-9.71,-8.82,molid378
dimethyl sulfate,COS(=O)(=O)OC,-5.1,-8.411,molid379
"1,1,2,2-tetrachloroethane",C(C(Cl)Cl)(Cl)Cl,-2.37,-0.534,molid380
methyl cyclohexanecarboxylate,COC(=O)C1CCCCC1,-3.3,-4.376,molid381
1-bromohexane,CCCCCCBr,0.18,1.0759999999999998,molid382
1-bromoheptane,CCCCCCCBr,0.34,1.2229999999999999,molid383
"3,3,3-trimethoxypropanenitrile",COC(CC#N)(OC)OC,-6.4,-5.859,molid385
2-chlorobutane,CC[C@H](C)Cl,0.0,0.927,molid386
hexylbenzene,CCCCCCc1ccccc1,-0.04,-0.1,molid387
2-chlorosyringaldehyde,COc1cc(c(c(c1O)OC)Cl)C=O,-7.78,-8.292,molid388
1-benzylimidazole,c1ccc(cc1)Cn2ccnc2,-7.63,-7.997000000000001,molid390
naphthalen-1-amine,c1ccc2c(c1)cccc2N,-7.28,-7.777,molid391
diethyl propanedioate,CCOC(=O)CC(=O)OCC,-6.0,-6.716,molid392
1-cyclopropylethanone,CC(=O)C1CC1,-4.61,-3.043,molid393
pyrrole,c1cc[nH]c1,-4.78,-4.013999999999999,molid394
diflunisal,c1cc(c(cc1c2ccc(cc2F)F)C(=O)O)O,-9.4,-6.6129999999999995,molid395
"1,4-dimethylcyclohexane",CC1CCC(CC1)C,2.11,1.9180000000000001,molid396
cyclohexanol,C1CCC(CC1)O,-5.46,-4.178,molid397
Amitriptyline,CN(C)CCC=C1c2ccccc2CCc3c1cccc3,-7.43,-7.349,molid398
2-chloroaniline,c1ccc(c(c1)N)Cl,-4.91,-4.8469999999999995,molid400
1-ethyl-2-methylbenzene,CCc1ccccc1C,-0.85,-0.7609999999999999,molid402
biphenyl,c1ccc(cc1)c2ccccc2,-2.7,-3.1430000000000002,molid404
"2,3-dimethylphenol",Cc1cccc(c1C)O,-6.16,-5.148,molid405
"1-N,1-N-diethyl-2,6-dinitro-4-(trifluoromethyl)benzene-1,3-diamine",CCN(CC)c1c(cc(c(c1[N+](=O)[O-])N)C(F)(F)F)[N+](=O)[O-],-5.66,-7.502999999999999,molid408
methylsulfanylmethane,CSC,-1.61,0.44,molid409
ketoprofen,C[C@@H](c1cccc(c1)C(=O)c2ccccc2)C(=O)O,-10.78,-17.242,molid410
cyclopentanol,C1CCC(C1)O,-5.49,-4.29,molid411
methyl pentanoate,CCCCC(=O)OC,-2.56,-3.492,molid412
2-methylpent-1-ene,CCCC(=C)C,1.47,2.4859999999999998,molid413
flurbiprofen,C[C@@H](c1ccc(c(c1)F)c2ccccc2)C(=O)O,-8.42,-13.953,molid414
nitralin,CCCN(CCC)c1c(cc(cc1[N+](=O)[O-])S(=O)(=O)C)[N+](=O)[O-],-7.98,-11.245999999999999,molid415
chloroethylene,C=CCl,-0.59,1.162,molid416
"N,N-4-trimethylbenzamide",Cc1ccc(cc1)C(=O)N(C)C,-9.76,-8.081,molid417
heptan-4-one,CCCC(=O)CCC,-2.92,-2.7039999999999997,molid418
methyl benzoate,COC(=O)c1ccccc1,-3.92,-4.921,molid419
4-methylbenzaldehyde,Cc1ccc(cc1)C=O,-4.27,-5.013999999999999,molid420
propyl butanoate,CCCC(=O)OCCC,-2.28,-2.7539999999999996,molid421
piperazine,C1CNCCN1,-7.4,-8.481,molid422
dialifor,CCOP(=S)(OCC)S[C@@H](CCl)N1C(=O)c2ccccc2C1=O,-5.74,-16.515,molid423
2-ethoxyethanol,CCOCCO,-6.69,-4.407,molid424
1-nitropropane,CCC[N+](=O)[O-],-3.34,-1.632,molid427
mesitylene,Cc1cc(cc(c1)C)C,-0.9,-0.5529999999999999,molid428
5-fluorouracil,c1c(c(=O)[nH]c(=O)[nH]1)F,-16.92,-16.371,molid429
ethanol,CCO,-5.0,-3.3939999999999997,molid430
"1,4-dimethylnaphthalene",Cc1ccc(c2c1cccc2)C,-2.82,-3.0810000000000004,molid431
"2,3,7,8-tetrachlorodibenzo-p-dioxin",c1c2c(cc(c1Cl)Cl)Oc3cc(c(cc3O2)Cl)Cl,-3.37,-2.54,molid432
dichlobenil,c1cc(c(c(c1)Cl)C#N)Cl,-4.71,-3.32,molid433
ethyl formate,CCOC=O,-2.56,-3.867,molid434
"1,2,4,5-tetrachlorobenzene",c1c(c(cc(c1Cl)Cl)Cl)Cl,-1.34,0.035,molid435
diethoxymethoxybenzene,CCOC(OCC)Oc1ccccc1,-5.23,-5.202999999999999,molid436
3-nitrophenol,c1cc(cc(c1)O)[N+](=O)[O-],-9.62,-7.888999999999999,molid437
octan-1-ol,CCCCCCCCO,-4.09,-2.69,molid438
but-1-ene,CCC=C,1.38,2.367,molid439
carbon tetrachloride,C(Cl)(Cl)(Cl)Cl,0.08,1.185,molid440
2-phenylethanol,c1ccc(cc1)CCO,-6.79,-5.28,molid441
methyldisulfanylmethane,CSSC,-1.83,-0.09300000000000001,molid443
captan,C1C=CC[C@@H]2[C@@H]1C(=O)N(C2=O)SC(Cl)(Cl)Cl,-9.01,-8.718,molid444
"2,3-diacetoxypropyl acetate",CC(=O)OCC(COC(=O)C)OC(=O)C,-8.84,-12.333,molid445
methoxymethane,COC,-1.91,-0.853,molid446
"1,2-dibromoethane",C(CBr)Br,-2.33,-1.275,molid448
"1,1,1,2,2-pentachloroethane",C(C(Cl)(Cl)Cl)(Cl)Cl,-1.23,0.059000000000000004,molid449
5-trifluoromethyluracil,c1c(c(=O)[nH]c(=O)[nH]1)C(F)(F)F,-15.46,-17.349,molid450
"2,6-dimethylaniline",Cc1cccc(c1N)C,-5.21,-5.57,molid451
propyl acetate,CCCOC(=O)C,-2.79,-3.486,molid452
quinoline,c1ccc2c(c1)cccn2,-5.72,-4.989,molid453
ethanethiol,CCS,-1.14,-0.395,molid454
ethyldisulfanylethane,CCSSCC,-1.64,-0.9790000000000001,molid455
thiophene,c1ccsc1,-1.4,-0.359,molid456
1-ethylnaphthalene,CCc1cccc2c1cccc2,-2.4,-2.9610000000000003,molid457
pentan-2-one,CCCC(=O)C,-3.52,-3.1660000000000004,molid458
"1,2,3,4-tetrachloro-5-(2,3,4,6-tetrachlorophenyl)benzene",c1c(c(c(c(c1Cl)Cl)Cl)Cl)c2c(cc(c(c2Cl)Cl)Cl)Cl,-4.61,-0.039,molid459
profluralin,CCC[N@@](CC1CC1)c2c(cc(cc2[N+](=O)[O-])C(F)(F)F)[N+](=O)[O-],-2.45,-1.956,molid460
acetic acid,CC(=O)O,-6.69,-7.281000000000001,molid461
acetaldehyde,CC=O,-3.5,-3.372,molid462
3-nitroaniline,c1cc(cc(c1)[N+](=O)[O-])N,-8.84,-8.204,molid463
hex-1-yne,CCCCC#C,0.29,0.5529999999999999,molid464
2-methoxyaniline,COc1ccccc1N,-6.12,-6.771,molid465
phenol,c1ccc(cc1)O,-6.6,-5.707000000000001,molid466
propanenitrile,CCC#N,-3.84,-2.491,molid467
naphthalen-1-ol,c1ccc2c(c1)cccc2O,-7.67,-7.1370000000000005,molid468
butyl acetate,CCCCOC(=O)C,-2.64,-3.406,molid469
aldicarb,CC(C)(/C=N\OC(=O)NC)SC,-9.84,-9.679,molid470
o-cresol,Cc1ccccc1O,-5.9,-5.0760000000000005,molid471
2-methylpropanal,CC(C)C=O,-2.86,-2.968,molid472
propionamide,CCC(=O)N,-9.4,-8.31,molid473
1-bromopropane,CCCBr,-0.56,0.579,molid474
2-chloropropane,CC(C)Cl,-0.25,0.833,molid475
"1,3-dichloropropane",C(CCl)CCl,-1.89,-0.41600000000000004,molid476
4-nitrophenol,c1cc(ccc1[N+](=O)[O-])O,-10.64,-8.472000000000001,molid477
"1,2-dichloropropane",C[C@@H](CCl)Cl,-1.27,-0.265,molid478
4-chloroaniline,c1cc(ccc1N)Cl,-5.9,-5.281000000000001,molid479
"2,3-dimethylpyridine",Cc1cccnc1C,-4.82,-3.367,molid481
pyridine-4-carbonitrile,c1cnccc1C#N,-6.02,-5.765,molid482
1-cyclohexylethanone,CC(=O)C1CCCCC1,-3.9,-4.003,molid484
2-methylbenzaldehyde,Cc1ccccc1C=O,-3.93,-4.553999999999999,molid485
1-(4-pyridyl)ethanone,CC(=O)c1ccncc1,-7.62,-7.566,molid486
"1,2,3,4,7,8-hexachlorodibenzo-p-dioxin",c1c2c(cc(c1Cl)Cl)Oc3c(c(c(c(c3Cl)Cl)Cl)Cl)O2,-3.71,-1.8780000000000001,molid487
acetone,CC(=O)C,-3.8,-3.5060000000000002,molid488
2-methylprop-1-ene,CC(=C)C,1.16,2.327,molid489
"1,2,3-trichloro-5-(2,5-dichlorophenyl)benzene",c1cc(c(cc1Cl)c2cc(c(c(c2)Cl)Cl)Cl)Cl,-3.61,-0.922,molid490
(2E)-hex-2-enal,CCC/C=C/C=O,-3.68,-3.123,molid492
"N,N-dimethyl-4-nitro-benzamide",CN(C)C(=O)c1ccc(cc1)[N+](=O)[O-],-11.95,-10.036,molid493
tetrahydrofuran,C1CCOC1,-3.47,-2.201,molid494
octane,CCCCCCCC,2.88,3.088,molid495
trifluralin,CCCN(CCC)c1c(cc(cc1[N+](=O)[O-])C(F)(F)F)[N+](=O)[O-],-3.25,-2.023,molid496
"(3R)-3,7-Dimethylocta-1,6-dien-3-yl acetate",CC(=CCC[C@](C)(C=C)OC(=O)C)C,-2.49,-2.964,molid497
"1,3-bis-(nitrooxy)butane",C[C@@H](CCO[N+](=O)[O-])O[N+](=O)[O-],-4.29,-4.944,molid498
2-isopropoxypropane,CC(C)OC(C)C,-0.53,-0.17800000000000002,molid499
2-methylhexane,CCCCC(C)C,2.93,2.8939999999999997,molid500
pentachloronitrobenzene,c1(c(c(c(c(c1Cl)Cl)Cl)Cl)Cl)N(=O)=O,-5.22,-1.284,molid501
"2-bromo-2-chloro-1,1,1-trifluoro-ethane",[C@@H](C(F)(F)F)(Cl)Br,-0.11,0.20600000000000002,molid502
1-butoxybutane,CCCCOCCCC,-0.83,0.139,molid503
pentylcyclopentane,CCCCCC1CCCC1,2.55,2.381,molid504
"2,4-dimethylpentane",CC(C)CC(C)C,2.83,2.7560000000000002,molid505
"2,5-dimethylpyridine",Cc1ccc(nc1)C,-4.72,-3.165,molid506
but-2-enal,C/C=C/C=O,-4.22,-3.341,molid507
3-methylhexane,CCC[C@H](C)CC,2.71,2.81,molid508
"1,3,5-trichloro-2-(2,6-dichlorophenyl)benzene",c1cc(c(c(c1)Cl)c2c(cc(cc2Cl)Cl)Cl)Cl,-1.96,-0.47700000000000004,molid509
"1,2,2-trifluoroethoxybenzene",c1ccc(cc1)O[C@@H](C(F)F)F,-1.29,-3.043,molid510
"1,2-dimethoxyethane",COCCOC,-4.84,-3.103,molid511
sec-butylbenzene,CC[C@H](C)c1ccccc1,-0.45,-0.22,molid512
"2-[(1R)-1-methylpropyl]-4,6-dinitro-phenolate",CC[C@@H](C)c1cc(cc(c1O)[N+](=O)[O-])[N+](=O)[O-],-6.23,-5.377999999999999,molid514
methyl 4-methoxybenzoate,COc1ccc(cc1)C(=O)OC,-5.33,-6.462000000000001,molid515
"N-(3,4-dichlorophenyl)propanimidic acid",CCC(=O)Nc1ccc(c(c1)Cl)Cl,-7.78,-9.408999999999999,molid516
naproxen,C[C@@H](c1ccc2cc(ccc2c1)OC)C(=O)O,-10.21,-12.199000000000002,molid517
octafluorocyclobutane,C1(C(C(C1(F)F)(F)F)(F)F)(F)F,3.43,3.077,molid518
isopentyl acetate,CC(C)CCOC(=O)C,-2.21,-3.0669999999999997,molid519
1-chlorohexane,CCCCCCCl,0.0,1.261,molid520
4-methylpentan-2-one,CC(C)CC(=O)C,-3.05,-3.116,molid521
hexanal,CCCCCC=O,-2.81,-2.86,molid522
3-chloroaniline,c1cc(cc(c1)Cl)N,-5.82,-5.138,molid523
morpholine,C1COCCN1,-7.17,-6.1160000000000005,molid524
"1,1-diethoxyethane",CCOC(C)OCC,-3.28,-1.795,molid525
"N-butyl-N-ethyl-2,6-dinitro-4-(trifluoromethyl)aniline",CCCC[N@](CC)c1c(cc(cc1[N+](=O)[O-])C(F)(F)F)[N+](=O)[O-],-3.51,-2.303,molid526
endosulfan alpha,C1[C@@H]2[C@H](COS(=O)O1)[C@@]3(C(=C([C@]2(C3(Cl)Cl)Cl)Cl)Cl)Cl,-4.23,-9.785,molid528
1-(4-methoxyphenyl)ethanone,CC(=O)c1ccc(cc1)OC,-4.4,-6.575,molid529
prop-2-en-1-ol,C=CCO,-5.03,-3.286,molid530
methylsulfanylethane,CCSC,-1.5,0.386,molid531
pentyl acetate,CCCCCOC(=O)C,-2.51,-2.565,molid532
"1,2,3,5-tetrachlorobenzene",c1c(cc(c(c1Cl)Cl)Cl)Cl,-1.62,0.136,molid533
1-phenylethanone,CC(=O)c1ccccc1,-4.58,-5.078,molid534
chloroethane,CCCl,-0.63,0.775,molid535
propylcyclopentane,CCCC1CCCC1,2.13,2.102,molid536
"1,3,5-trichlorobenzene",c1c(cc(cc1Cl)Cl)Cl,-0.78,0.326,molid537
propyl paraben,CCCOC(=O)c1ccc(cc1)O,-9.37,-8.945,molid538
3-chlorophenol,c1cc(cc(c1)Cl)O,-6.62,-5.018,molid539
3-methylbutan-1-ol,CC(C)CCO,-4.42,-3.237,molid540
pentan-1-amine,CCCCCN,-4.09,-2.835,molid541
terbacil,Cc1c(c(=O)n(c(=O)[nH]1)C(C)(C)C)Cl,-11.14,-13.769,molid542
"2,2,5-trimethylhexane",CC(C)CCC(C)(C)C,2.93,2.97,molid543
2-butoxyethanol,CCCCOCCO,-6.25,-3.85,molid544
endrin,C1[C@@H]2[C@H]3[C@@H]([C@H]1[C@H]4[C@@H]2O4)[C@@]5(C(=C([C@]3(C5(Cl)Cl)Cl)Cl)Cl)Cl,-4.82,-5.178999999999999,molid545
benzamide,c1ccc(cc1)C(=O)N,-11.0,-10.412,molid546
2-nitropropane,CC(C)[N+](=O)[O-],-3.13,-1.7409999999999999,molid547
glycerol,C(C(CO)O)O,-13.43,-10.14,molid548
1-iodopropane,CCCI,-0.53,-0.44299999999999995,molid549
2-methoxyethanamine,COCCN,-6.55,-5.027,molid550
methyl propanoate,CCC(=O)OC,-2.93,-3.6519999999999997,molid552
3-ethylpyridine,CCc1cccnc1,-4.59,-2.965,molid554
"3,5-dimethylpyridine",Cc1cc(cnc1)C,-4.84,-2.8689999999999998,molid555
2-methoxyethanol,COCCO,-6.619999999999999,-4.686,molid556
methyl formate,COC=O,-2.78,-4.0280000000000005,molid557
naphthalen-2-amine,c1ccc2cc(ccc2c1)N,-7.47,-8.003,molid558
1-methyl-3-nitro-benzene,Cc1cccc(c1)[N+](=O)[O-],-3.45,-3.278,molid560
"1,4-dichlorobutane",C(CCCl)CCl,-2.32,-0.40399999999999997,molid561
nitroxyacetone,CC(=O)CO[N+](=O)[O-],-5.99,-5.362,molid562
tert-butylbenzene,CC(C)(C)c1ccccc1,-0.44,-0.8029999999999999,molid563
"1,1,1-trifluoropropan-2-ol",C[C@@H](C(F)(F)F)O,-4.16,-3.5180000000000002,molid565
1-bromo-pentane,CCCCCBr,-0.1,0.8240000000000001,molid566
oct-1-ene,CCCCCCC=C,1.92,2.895,molid567
6-isopropyl-3-methyl-1-cyclohex-2-enone,CC1=CC(=O)[C@@H](CC1)C(C)C,-4.51,-3.825,molid568
propan-2-ol,CC(C)O,-4.74,-3.427,molid569
hexan-1-amine,CCCCCCN,-3.95,-2.772,molid570
3-nitrooxypropyl nitrate,C(CO[N+](=O)[O-])CO[N+](=O)[O-],-4.8,-5.322,molid571
"2,4-dimethylphenol",Cc1ccc(c(c1)C)O,-6.01,-4.98,molid572
pentan-1-ol,CCCCCO,-4.57,-3.054,molid573
pentan-2-ol,CCC[C@@H](C)O,-4.39,-2.945,molid574
3-methylheptane,CCCC[C@@H](C)CC,2.97,3.03,molid575
ibuprofen,C[C@@H](c1ccc(cc1)CC(C)C)C(=O)O,-7.0,-10.857000000000001,molid576
diethyl (2R)-2-dimethoxyphosphinothioylsulfanylbutanedioate,CCOC(=O)C[C@H](C(=O)OCC)SP(=S)(OC)OC,-8.15,-11.194,molid577
"3,4-dimethylphenol",Cc1ccc(cc1C)O,-6.5,-5.471,molid578
4-chloro-3-methyl-phenol,Cc1cc(ccc1Cl)O,-6.79,-5.14,molid579
hept-2-ene,CCCC/C=C/C,1.68,2.78,molid580
1-propoxypropane,CCCOCCC,-1.16,-0.004,molid581
"(1R,2S,5R)-2-isopropyl-5-methylcyclohexanol",C[C@@H]1CC[C@H]([C@@H](C1)O)C(C)C,-3.2,-3.35,molid582
terbutryn,CCNc1nc(nc(n1)SC)NC(C)(C)C,-6.68,-9.271,molid583
"2,2,4-trimethylpentane",CC(C)CC(C)(C)C,2.89,2.542,molid584
nonan-5-one,CCCCC(=O)CCCC,-2.64,-2.364,molid585
pebulate,CCCCN(CC)C(=O)SCCC,-3.64,-4.573,molid586
hept-1-ene,CCCCCC=C,1.66,2.761,molid587
isopropyl formate,CC(C)OC=O,-2.02,-3.591,molid588
1-acetoxyethyl acetate,CC(OC(=O)C)OC(=O)C,-4.97,-8.006,molid589
5-chlorouracil,c1c(c(=O)[nH]c(=O)[nH]1)Cl,-17.74,-16.612000000000002,molid590
isopropenylbenzene,CC(=C)c1ccccc1,-1.24,-0.6509999999999999,molid591
isopentane,CCC(C)C,2.38,2.59,molid592
butyl nitrate,CCCCO[N+](=O)[O-],-2.09,-1.9380000000000002,molid593
bromobenzene,c1ccc(cc1)Br,-1.46,-0.9470000000000001,molid594
"1,1,1-trichloroethane",CC(Cl)(Cl)Cl,-0.19,0.505,molid595
4-(1-Methylethenyl)-1-cyclohexene-1-carboxaldehyde,CC(=C)[C@H]1CCC(=CC1)C=O,-4.09,-3.591,molid596
1-iodoheptane,CCCCCCCI,0.27,0.228,molid598
pyrene,c1cc2ccc3cccc4c3c2c(c1)cc4,-4.52,-6.79,molid599
1-chloro-pentane,CCCCCCl,-0.1,1.084,molid600
isobutyl acetate,CC(C)COC(=O)C,-2.36,-2.8960000000000004,molid601
"2,2-dimethylbutane",CCC(C)(C)C,2.51,2.495,molid602
4-nitroaniline,c1cc(ccc1N)N(=O)=O,-9.82,-9.416,molid603
methyl 2-cyanoacetate,COC(=O)CC#N,-6.72,-6.36,molid604
4-methoxyaniline,COc1ccc(cc1)N,-7.48,-7.016,molid605
isobutylbenzene,CC(C)Cc1ccccc1,0.16,-0.257,molid606
"1,3,5-trichloro-2-phenyl-benzene",c1ccc(cc1)c2c(cc(cc2Cl)Cl)Cl,-2.16,-1.151,molid607
methanamine,CN,-4.55,-3.583,molid608
2-chlorophenol,c1ccc(c(c1)O)Cl,-4.55,-3.3169999999999997,molid609
"2-amino-9,10-anthraquinone",c1ccc2c(c1)C(=O)c3ccc(cc3C2=O)N,-11.53,-13.895,molid610
"(Z)-1,2-dichloroethylene",C(=C\Cl)\Cl,-1.17,1.156,molid611
hexan-2-one,CCCCC(=O)C,-3.28,-3.0060000000000002,molid612
2-fluorophenol,c1ccc(c(c1)O)F,-5.29,-3.346,molid614
pirimor,Cc1c(nc(nc1OC(=O)N(C)C)N(C)C)C,-9.41,-13.87,molid615
styrene,C=Cc1ccccc1,-1.24,-1.078,molid616
triethylphosphate,CCOP(=O)(OCC)OCC,-7.5,-10.251,molid617
"2,2,2-trifluoroethanol",C(C(F)(F)F)O,-4.31,-3.8089999999999997,molid618
1-butoxy-2-propanol,CCCCOC[C@H](C)O,-5.73,-3.891,molid619
propan-1-ol,CCCO,-4.85,-3.33,molid620
o-xylene,Cc1ccccc1C,-0.9,-0.851,molid621
neopentane,CC(C)(C)C,2.51,2.506,molid622
pent-1-yne,CCCC#C,0.01,0.47,molid623
phthalimide,c1ccc2c(c1)C(=O)NC2=O,-9.61,-11.825,molid624
1-iodobutane,CCCCI,-0.25,-0.223,molid625
p-cresol,Cc1ccc(cc1)O,-6.13,-5.579,molid626
2-iodopropane,CC(C)I,-0.46,-0.49200000000000005,molid627
2-methoxyphenol,COc1ccccc1O,-5.94,-4.746,molid628
cyclopentene,C1CC=CC1,0.56,1.23,molid629
111-trifluoropropan-2-ol,C[C@H](C(F)(F)F)O,-4.2,-3.486,molid630
propan-1-amine,CCCN,-4.39,-3.053,molid631
2-nitrophenol,c1ccc(c(c1)[N+](=O)[O-])O,-4.58,-5.667000000000001,molid632
1-methylnaphthalene,Cc1cccc2c1cccc2,-2.44,-3.2119999999999997,molid633
hexachlorobenzene,c1(c(c(c(c(c1Cl)Cl)Cl)Cl)Cl)Cl,-2.33,0.379,molid634
oct-2-enal,CCCCC/C=C/C=O,-3.43,-2.7060000000000004,molid635
oct-1-yne,CCCCCCC#C,0.71,0.8320000000000001,molid636
diazinon,CCOP(=S)(OCC)Oc1cc(nc(n1)C(C)C)C,-6.48,-10.753,molid637
methyl octanoate,CCCCCCCC(=O)OC,-2.04,-3.035,molid638
pyrrolidine,C1CCNC1,-5.48,-4.2780000000000005,molid639
4-hydroxybenzaldehyde,c1cc(ccc1C=O)O,-8.83,-10.05,molid640
1-chloroheptane,CCCCCCCCl,0.29,1.4669999999999999,molid641
"1,4-dioxane",C1COCCO1,-5.06,-4.269,molid642
